method,rate,scene,idx,path,musiq,maniqa,clipiqa,niqe
3DCR,high,bicycle,00000,/work/u4546465/evaluation/CAT3DGSPro_organized/bicycle_00000/3DCR@high.png,70.54452514648438,0.3352656960487366,0.4300220012664795,2.5121205504892803
3DCR,high,bicycle,00001,/work/u4546465/evaluation/CAT3DGSPro_organized/bicycle_00001/3DCR@high.png,69.98160552978516,0.3297179937362671,0.3620324730873108,2.2232997513982875
3DCR,high,bicycle,00002,/work/u4546465/evaluation/CAT3DGSPro_organized/bicycle_00002/3DCR@high.png,72.9488296508789,0.36136767268180847,0.44059792160987854,2.1540868502282193
3DCR,high,bicycle,00003,/work/u4546465/evaluation/CAT3DGSPro_organized/bicycle_00003/3DCR@high.png,74.15595245361328,0.3514617085456848,0.4282894730567932,2.2096671583476692
3DCR,high,bicycle,00004,/work/u4546465/evaluation/CAT3DGSPro_organized/bicycle_00004/3DCR@high.png,67.6526107788086,0.3124985694885254,0.45649653673171997,2.361363160181528
3DCR,high,bicycle,00005,/work/u4546465/evaluation/CAT3DGSPro_organized/bicycle_00005/3DCR@high.png,74.43829345703125,0.3460947275161743,0.42948079109191895,2.5076441888783463
3DCR,high,bicycle,00006,/work/u4546465/evaluation/CAT3DGSPro_organized/bicycle_00006/3DCR@high.png,74.3825454711914,0.3469376862049103,0.4726477563381195,2.306167623341823
3DCR,high,bicycle,00007,/work/u4546465/evaluation/CAT3DGSPro_organized/bicycle_00007/3DCR@high.png,69.99642181396484,0.32556092739105225,0.4294065535068512,2.4614001926602347
3DCR,high,bicycle,00008,/work/u4546465/evaluation/CAT3DGSPro_organized/bicycle_00008/3DCR@high.png,73.2470932006836,0.3459627628326416,0.3528842628002167,2.5893149991362976
3DCR,high,bicycle,00009,/work/u4546465/evaluation/CAT3DGSPro_organized/bicycle_00009/3DCR@high.png,74.4190673828125,0.3389834761619568,0.4051934778690338,2.512337201131255
3DCR,high,bicycle,00010,/work/u4546465/evaluation/CAT3DGSPro_organized/bicycle_00010/3DCR@high.png,73.4400863647461,0.3680129647254944,0.4382903277873993,2.0471179877969576
3DCR,high,bicycle,00011,/work/u4546465/evaluation/CAT3DGSPro_organized/bicycle_00011/3DCR@high.png,71.84566497802734,0.3721123933792114,0.45579519867897034,2.2742856095483504
3DCR,high,bicycle,00012,/work/u4546465/evaluation/CAT3DGSPro_organized/bicycle_00012/3DCR@high.png,67.5449447631836,0.3226523697376251,0.38401079177856445,2.0873023982035344
3DCR,high,bicycle,00013,/work/u4546465/evaluation/CAT3DGSPro_organized/bicycle_00013/3DCR@high.png,70.71762084960938,0.3091110289096832,0.4438975751399994,2.328662389951236
3DCR,high,bicycle,00014,/work/u4546465/evaluation/CAT3DGSPro_organized/bicycle_00014/3DCR@high.png,73.16761016845703,0.35927942395210266,0.4290235638618469,2.2307373039826373
3DCR,high,bicycle,00015,/work/u4546465/evaluation/CAT3DGSPro_organized/bicycle_00015/3DCR@high.png,73.96763610839844,0.3522234261035919,0.39419206976890564,2.2903028391716145
3DCR,high,bicycle,00016,/work/u4546465/evaluation/CAT3DGSPro_organized/bicycle_00016/3DCR@high.png,73.53158569335938,0.3650619089603424,0.40135350823402405,2.210639301440044
3DCR,high,bicycle,00017,/work/u4546465/evaluation/CAT3DGSPro_organized/bicycle_00017/3DCR@high.png,63.788639068603516,0.3001336455345154,0.36154159903526306,2.2647997730339875
3DCR,high,bicycle,00018,/work/u4546465/evaluation/CAT3DGSPro_organized/bicycle_00018/3DCR@high.png,66.03358459472656,0.3101442754268646,0.4283261001110077,2.3474830713119363
3DCR,high,bicycle,00019,/work/u4546465/evaluation/CAT3DGSPro_organized/bicycle_00019/3DCR@high.png,71.8597640991211,0.34672030806541443,0.4745912551879883,2.3080937202139444
3DCR,high,bicycle,00020,/work/u4546465/evaluation/CAT3DGSPro_organized/bicycle_00020/3DCR@high.png,70.29285430908203,0.3386417627334595,0.3842010498046875,2.7694952302400146
3DCR,high,bicycle,00021,/work/u4546465/evaluation/CAT3DGSPro_organized/bicycle_00021/3DCR@high.png,72.61038970947266,0.36524543166160583,0.3772052228450775,2.385656281721177
3DCR,high,bicycle,00022,/work/u4546465/evaluation/CAT3DGSPro_organized/bicycle_00022/3DCR@high.png,73.00374603271484,0.3815309405326843,0.4160882532596588,2.33764459634461
3DCR,high,bicycle,00023,/work/u4546465/evaluation/CAT3DGSPro_organized/bicycle_00023/3DCR@high.png,72.4968032836914,0.356097936630249,0.3957771062850952,2.263657437509206
3DCR,high,bicycle,00024,/work/u4546465/evaluation/CAT3DGSPro_organized/bicycle_00024/3DCR@high.png,70.8065185546875,0.34408140182495117,0.42880555987358093,2.696202026559093
3DCR,high,bonsai,00000,/work/u4546465/evaluation/CAT3DGSPro_organized/bonsai_00000/3DCR@high.png,61.70922088623047,0.21559561789035797,0.2870956361293793,4.5444525762434855
3DCR,high,bonsai,00001,/work/u4546465/evaluation/CAT3DGSPro_organized/bonsai_00001/3DCR@high.png,65.02085876464844,0.26174023747444153,0.3054967522621155,5.524675399818428
3DCR,high,bonsai,00002,/work/u4546465/evaluation/CAT3DGSPro_organized/bonsai_00002/3DCR@high.png,65.03203582763672,0.2760195732116699,0.3655529022216797,5.2757557750928745
3DCR,high,bonsai,00003,/work/u4546465/evaluation/CAT3DGSPro_organized/bonsai_00003/3DCR@high.png,61.6867790222168,0.2989332377910614,0.34228435158729553,5.748388543919478
3DCR,high,bonsai,00004,/work/u4546465/evaluation/CAT3DGSPro_organized/bonsai_00004/3DCR@high.png,63.05864715576172,0.24917559325695038,0.24906158447265625,5.312503009822064
3DCR,high,bonsai,00005,/work/u4546465/evaluation/CAT3DGSPro_organized/bonsai_00005/3DCR@high.png,64.02808380126953,0.20552796125411987,0.30432137846946716,4.423160685516098
3DCR,high,bonsai,00006,/work/u4546465/evaluation/CAT3DGSPro_organized/bonsai_00006/3DCR@high.png,62.30961990356445,0.23277300596237183,0.287393718957901,5.168368929441447
3DCR,high,bonsai,00007,/work/u4546465/evaluation/CAT3DGSPro_organized/bonsai_00007/3DCR@high.png,59.67383575439453,0.23168380558490753,0.33758386969566345,4.808274089101428
3DCR,high,bonsai,00008,/work/u4546465/evaluation/CAT3DGSPro_organized/bonsai_00008/3DCR@high.png,63.77813720703125,0.20469346642494202,0.33318597078323364,4.875376702720371
3DCR,high,bonsai,00009,/work/u4546465/evaluation/CAT3DGSPro_organized/bonsai_00009/3DCR@high.png,61.86150360107422,0.23449641466140747,0.33322378993034363,5.126409286407121
3DCR,high,bonsai,00010,/work/u4546465/evaluation/CAT3DGSPro_organized/bonsai_00010/3DCR@high.png,62.28382873535156,0.22141209244728088,0.27454549074172974,5.546133369146852
3DCR,high,bonsai,00011,/work/u4546465/evaluation/CAT3DGSPro_organized/bonsai_00011/3DCR@high.png,63.022850036621094,0.26572149991989136,0.314100980758667,5.438352741121717
3DCR,high,bonsai,00012,/work/u4546465/evaluation/CAT3DGSPro_organized/bonsai_00012/3DCR@high.png,52.32958984375,0.21291689574718475,0.31433799862861633,5.461778428985761
3DCR,high,bonsai,00013,/work/u4546465/evaluation/CAT3DGSPro_organized/bonsai_00013/3DCR@high.png,57.42512512207031,0.2347104549407959,0.24528327584266663,5.209541613810789
3DCR,high,bonsai,00014,/work/u4546465/evaluation/CAT3DGSPro_organized/bonsai_00014/3DCR@high.png,60.17591094970703,0.21043656766414642,0.26981404423713684,5.099207554083091
3DCR,high,bonsai,00015,/work/u4546465/evaluation/CAT3DGSPro_organized/bonsai_00015/3DCR@high.png,57.09638214111328,0.3198782801628113,0.3467175364494324,5.241913023076886
3DCR,high,bonsai,00016,/work/u4546465/evaluation/CAT3DGSPro_organized/bonsai_00016/3DCR@high.png,63.81737518310547,0.24595411121845245,0.25782161951065063,5.187495596968147
3DCR,high,bonsai,00017,/work/u4546465/evaluation/CAT3DGSPro_organized/bonsai_00017/3DCR@high.png,62.77037811279297,0.26960113644599915,0.30468615889549255,5.567419739832456
3DCR,high,bonsai,00018,/work/u4546465/evaluation/CAT3DGSPro_organized/bonsai_00018/3DCR@high.png,61.70895004272461,0.22662290930747986,0.300801157951355,5.35677774150363
3DCR,high,bonsai,00019,/work/u4546465/evaluation/CAT3DGSPro_organized/bonsai_00019/3DCR@high.png,62.886322021484375,0.2668960690498352,0.3994353413581848,5.032210548788912
3DCR,high,bonsai,00020,/work/u4546465/evaluation/CAT3DGSPro_organized/bonsai_00020/3DCR@high.png,60.07472229003906,0.2177511602640152,0.2612214982509613,5.064794100154316
3DCR,high,bonsai,00021,/work/u4546465/evaluation/CAT3DGSPro_organized/bonsai_00021/3DCR@high.png,62.052520751953125,0.23845981061458588,0.2907565236091614,5.4472747253097165
3DCR,high,bonsai,00022,/work/u4546465/evaluation/CAT3DGSPro_organized/bonsai_00022/3DCR@high.png,63.541629791259766,0.25876128673553467,0.25273558497428894,5.52615181097146
3DCR,high,bonsai,00023,/work/u4546465/evaluation/CAT3DGSPro_organized/bonsai_00023/3DCR@high.png,59.71554183959961,0.2551552355289459,0.27351972460746765,5.1178654984522485
3DCR,high,bonsai,00024,/work/u4546465/evaluation/CAT3DGSPro_organized/bonsai_00024/3DCR@high.png,64.56785583496094,0.2548294961452484,0.34527283906936646,4.932564997927495
3DCR,high,bonsai,00025,/work/u4546465/evaluation/CAT3DGSPro_organized/bonsai_00025/3DCR@high.png,63.662044525146484,0.25391194224357605,0.32014089822769165,5.526209148198415
3DCR,high,bonsai,00026,/work/u4546465/evaluation/CAT3DGSPro_organized/bonsai_00026/3DCR@high.png,65.14911651611328,0.2664332389831543,0.2830354571342468,5.239107649516479
3DCR,high,bonsai,00027,/work/u4546465/evaluation/CAT3DGSPro_organized/bonsai_00027/3DCR@high.png,63.151344299316406,0.24427391588687897,0.34788212180137634,5.2044754372838735
3DCR,high,bonsai,00028,/work/u4546465/evaluation/CAT3DGSPro_organized/bonsai_00028/3DCR@high.png,61.75250244140625,0.2636396884918213,0.2763341963291168,5.52304811342516
3DCR,high,bonsai,00029,/work/u4546465/evaluation/CAT3DGSPro_organized/bonsai_00029/3DCR@high.png,65.88314056396484,0.2548089921474457,0.42892882227897644,4.821210221644902
3DCR,high,bonsai,00030,/work/u4546465/evaluation/CAT3DGSPro_organized/bonsai_00030/3DCR@high.png,59.35594177246094,0.2619348168373108,0.3337332010269165,4.985645512441447
3DCR,high,bonsai,00031,/work/u4546465/evaluation/CAT3DGSPro_organized/bonsai_00031/3DCR@high.png,57.35567855834961,0.19858023524284363,0.2836717963218689,5.418016666907421
3DCR,high,bonsai,00032,/work/u4546465/evaluation/CAT3DGSPro_organized/bonsai_00032/3DCR@high.png,58.98200225830078,0.2452390491962433,0.23509545624256134,5.2590531645633884
3DCR,high,bonsai,00033,/work/u4546465/evaluation/CAT3DGSPro_organized/bonsai_00033/3DCR@high.png,62.41666030883789,0.23645807802677155,0.3412074148654938,5.157584869749404
3DCR,high,bonsai,00034,/work/u4546465/evaluation/CAT3DGSPro_organized/bonsai_00034/3DCR@high.png,63.913307189941406,0.27026602625846863,0.2691974341869354,5.142522626228866
3DCR,high,bonsai,00035,/work/u4546465/evaluation/CAT3DGSPro_organized/bonsai_00035/3DCR@high.png,57.3895263671875,0.25261908769607544,0.29577869176864624,5.040252375937407
3DCR,high,bonsai,00036,/work/u4546465/evaluation/CAT3DGSPro_organized/bonsai_00036/3DCR@high.png,59.346046447753906,0.2510659694671631,0.293254017829895,4.913149269460357
3DCR,high,counter,00000,/work/u4546465/evaluation/CAT3DGSPro_organized/counter_00000/3DCR@high.png,67.46648406982422,0.27497607469558716,0.3819652199745178,3.391377344139598
3DCR,high,counter,00001,/work/u4546465/evaluation/CAT3DGSPro_organized/counter_00001/3DCR@high.png,64.75928497314453,0.30273953080177307,0.3437637388706207,3.5658450728697715
3DCR,high,counter,00002,/work/u4546465/evaluation/CAT3DGSPro_organized/counter_00002/3DCR@high.png,63.355552673339844,0.27923262119293213,0.42349788546562195,3.6620650624228386
3DCR,high,counter,00003,/work/u4546465/evaluation/CAT3DGSPro_organized/counter_00003/3DCR@high.png,64.30918884277344,0.2860872745513916,0.3973263204097748,3.633675201914922
3DCR,high,counter,00004,/work/u4546465/evaluation/CAT3DGSPro_organized/counter_00004/3DCR@high.png,65.48237609863281,0.27585357427597046,0.3985236585140228,3.7478278613217664
3DCR,high,counter,00005,/work/u4546465/evaluation/CAT3DGSPro_organized/counter_00005/3DCR@high.png,64.28043365478516,0.26316460967063904,0.37970682978630066,3.5150900897810278
3DCR,high,counter,00006,/work/u4546465/evaluation/CAT3DGSPro_organized/counter_00006/3DCR@high.png,64.8275375366211,0.2705950140953064,0.32721075415611267,3.5108143573671415
3DCR,high,counter,00007,/work/u4546465/evaluation/CAT3DGSPro_organized/counter_00007/3DCR@high.png,64.67589569091797,0.2608177363872528,0.3558608591556549,3.6894446301109856
3DCR,high,counter,00008,/work/u4546465/evaluation/CAT3DGSPro_organized/counter_00008/3DCR@high.png,65.77632141113281,0.26697084307670593,0.363826185464859,3.3906580946922404
3DCR,high,counter,00009,/work/u4546465/evaluation/CAT3DGSPro_organized/counter_00009/3DCR@high.png,60.83649826049805,0.27293136715888977,0.4047669470310211,3.4440639842631353
3DCR,high,counter,00010,/work/u4546465/evaluation/CAT3DGSPro_organized/counter_00010/3DCR@high.png,62.54072189331055,0.2826588749885559,0.32946956157684326,3.651178193783932
3DCR,high,counter,00011,/work/u4546465/evaluation/CAT3DGSPro_organized/counter_00011/3DCR@high.png,62.06689453125,0.28298258781433105,0.3351169526576996,3.616359145353057
3DCR,high,counter,00012,/work/u4546465/evaluation/CAT3DGSPro_organized/counter_00012/3DCR@high.png,60.24174499511719,0.2723346948623657,0.3387179374694824,3.672391314176983
3DCR,high,counter,00013,/work/u4546465/evaluation/CAT3DGSPro_organized/counter_00013/3DCR@high.png,62.802162170410156,0.2853206992149353,0.3153797686100006,3.600627769078666
3DCR,high,counter,00014,/work/u4546465/evaluation/CAT3DGSPro_organized/counter_00014/3DCR@high.png,50.95427703857422,0.2394801378250122,0.30492186546325684,4.1747214964864545
3DCR,high,counter,00015,/work/u4546465/evaluation/CAT3DGSPro_organized/counter_00015/3DCR@high.png,61.66250228881836,0.2719419300556183,0.35476288199424744,3.6227465442014877
3DCR,high,counter,00016,/work/u4546465/evaluation/CAT3DGSPro_organized/counter_00016/3DCR@high.png,58.42995071411133,0.25898846983909607,0.3898685872554779,3.7371277934378884
3DCR,high,counter,00017,/work/u4546465/evaluation/CAT3DGSPro_organized/counter_00017/3DCR@high.png,56.57166290283203,0.24887962639331818,0.34567129611968994,3.713501653152264
3DCR,high,counter,00018,/work/u4546465/evaluation/CAT3DGSPro_organized/counter_00018/3DCR@high.png,54.643951416015625,0.2554594576358795,0.3199072778224945,3.940814550118371
3DCR,high,counter,00019,/work/u4546465/evaluation/CAT3DGSPro_organized/counter_00019/3DCR@high.png,56.945892333984375,0.2401011884212494,0.30692803859710693,4.185697135936584
3DCR,high,counter,00020,/work/u4546465/evaluation/CAT3DGSPro_organized/counter_00020/3DCR@high.png,45.66192626953125,0.25723353028297424,0.34111204743385315,4.412634297336891
3DCR,high,counter,00021,/work/u4546465/evaluation/CAT3DGSPro_organized/counter_00021/3DCR@high.png,56.81231689453125,0.2700870931148529,0.3221324384212494,3.988371066709667
3DCR,high,counter,00022,/work/u4546465/evaluation/CAT3DGSPro_organized/counter_00022/3DCR@high.png,63.92064666748047,0.2701488137245178,0.4317847192287445,3.598593620778333
3DCR,high,counter,00023,/work/u4546465/evaluation/CAT3DGSPro_organized/counter_00023/3DCR@high.png,45.133140563964844,0.2256050407886505,0.3663857877254486,3.9843785334003
3DCR,high,counter,00024,/work/u4546465/evaluation/CAT3DGSPro_organized/counter_00024/3DCR@high.png,60.57278060913086,0.2886029779911041,0.34344086050987244,3.744440245076145
3DCR,high,counter,00025,/work/u4546465/evaluation/CAT3DGSPro_organized/counter_00025/3DCR@high.png,64.69054412841797,0.24659009277820587,0.2916223406791687,3.7542495544926426
3DCR,high,counter,00026,/work/u4546465/evaluation/CAT3DGSPro_organized/counter_00026/3DCR@high.png,60.847511291503906,0.2835029363632202,0.3271901309490204,3.5351573510829524
3DCR,high,counter,00027,/work/u4546465/evaluation/CAT3DGSPro_organized/counter_00027/3DCR@high.png,63.706050872802734,0.2905370593070984,0.35078054666519165,3.5283248926426394
3DCR,high,counter,00028,/work/u4546465/evaluation/CAT3DGSPro_organized/counter_00028/3DCR@high.png,58.475929260253906,0.26195910573005676,0.3485439419746399,3.5683380406876264
3DCR,high,counter,00029,/work/u4546465/evaluation/CAT3DGSPro_organized/counter_00029/3DCR@high.png,63.39922332763672,0.2923281490802765,0.41881561279296875,3.5617167322274867
3DCR,high,flowers,00000,/work/u4546465/evaluation/CAT3DGSPro_organized/flowers_00000/3DCR@high.png,72.07695770263672,0.34092700481414795,0.568737804889679,2.1974379314549664
3DCR,high,flowers,00001,/work/u4546465/evaluation/CAT3DGSPro_organized/flowers_00001/3DCR@high.png,74.75140380859375,0.35950300097465515,0.5992097854614258,2.155578889206873
3DCR,high,flowers,00002,/work/u4546465/evaluation/CAT3DGSPro_organized/flowers_00002/3DCR@high.png,74.19097900390625,0.3388621509075165,0.6055108904838562,1.9256424323097798
3DCR,high,flowers,00003,/work/u4546465/evaluation/CAT3DGSPro_organized/flowers_00003/3DCR@high.png,74.26219177246094,0.3521430492401123,0.6250059008598328,2.152365213691055
3DCR,high,flowers,00004,/work/u4546465/evaluation/CAT3DGSPro_organized/flowers_00004/3DCR@high.png,73.63764190673828,0.3494698703289032,0.5547711253166199,2.267737121142815
3DCR,high,flowers,00005,/work/u4546465/evaluation/CAT3DGSPro_organized/flowers_00005/3DCR@high.png,71.50724029541016,0.3271985650062561,0.5168070793151855,1.9572688322479286
3DCR,high,flowers,00006,/work/u4546465/evaluation/CAT3DGSPro_organized/flowers_00006/3DCR@high.png,73.86908721923828,0.3674345016479492,0.5878464579582214,2.1424489111468774
3DCR,high,flowers,00007,/work/u4546465/evaluation/CAT3DGSPro_organized/flowers_00007/3DCR@high.png,73.05511474609375,0.3439258635044098,0.5988645553588867,2.301559394625355
3DCR,high,flowers,00008,/work/u4546465/evaluation/CAT3DGSPro_organized/flowers_00008/3DCR@high.png,74.60870361328125,0.3323005437850952,0.5912829637527466,1.7759188220199227
3DCR,high,flowers,00009,/work/u4546465/evaluation/CAT3DGSPro_organized/flowers_00009/3DCR@high.png,74.3482666015625,0.36681100726127625,0.6032501459121704,2.0512470573951034
3DCR,high,flowers,00010,/work/u4546465/evaluation/CAT3DGSPro_organized/flowers_00010/3DCR@high.png,73.30376434326172,0.3576793670654297,0.6045093536376953,1.945857330053786
3DCR,high,flowers,00011,/work/u4546465/evaluation/CAT3DGSPro_organized/flowers_00011/3DCR@high.png,73.94327545166016,0.3441075384616852,0.5832552313804626,2.189409900291597
3DCR,high,flowers,00012,/work/u4546465/evaluation/CAT3DGSPro_organized/flowers_00012/3DCR@high.png,72.3782730102539,0.307652086019516,0.571675717830658,2.0909454358731265
3DCR,high,flowers,00013,/work/u4546465/evaluation/CAT3DGSPro_organized/flowers_00013/3DCR@high.png,73.30455780029297,0.35645443201065063,0.596367359161377,2.1279041411403674
3DCR,high,flowers,00014,/work/u4546465/evaluation/CAT3DGSPro_organized/flowers_00014/3DCR@high.png,73.4704360961914,0.3363116383552551,0.5702676177024841,2.139904398186793
3DCR,high,flowers,00015,/work/u4546465/evaluation/CAT3DGSPro_organized/flowers_00015/3DCR@high.png,71.82994842529297,0.32153022289276123,0.5575148463249207,2.0858694490515233
3DCR,high,flowers,00016,/work/u4546465/evaluation/CAT3DGSPro_organized/flowers_00016/3DCR@high.png,74.34387969970703,0.346627414226532,0.6057634353637695,1.9286322164372052
3DCR,high,flowers,00017,/work/u4546465/evaluation/CAT3DGSPro_organized/flowers_00017/3DCR@high.png,73.6398696899414,0.35581958293914795,0.6196805834770203,2.08672327179884
3DCR,high,flowers,00018,/work/u4546465/evaluation/CAT3DGSPro_organized/flowers_00018/3DCR@high.png,74.45405578613281,0.3537699580192566,0.6067547798156738,2.14865337415074
3DCR,high,flowers,00019,/work/u4546465/evaluation/CAT3DGSPro_organized/flowers_00019/3DCR@high.png,73.80590057373047,0.3259528577327728,0.5875901579856873,1.9220434795577224
3DCR,high,flowers,00020,/work/u4546465/evaluation/CAT3DGSPro_organized/flowers_00020/3DCR@high.png,72.69792938232422,0.32739701867103577,0.5796541571617126,2.17385896080197
3DCR,high,flowers,00021,/work/u4546465/evaluation/CAT3DGSPro_organized/flowers_00021/3DCR@high.png,75.1252670288086,0.36240553855895996,0.6447528600692749,2.008058918072418
3DCR,high,garden,00000,/work/u4546465/evaluation/CAT3DGSPro_organized/garden_00000/3DCR@high.png,72.6045150756836,0.40209606289863586,0.5734269022941589,2.091006134991022
3DCR,high,garden,00001,/work/u4546465/evaluation/CAT3DGSPro_organized/garden_00001/3DCR@high.png,72.16008758544922,0.41468462347984314,0.6387856602668762,1.8811106665985589
3DCR,high,garden,00002,/work/u4546465/evaluation/CAT3DGSPro_organized/garden_00002/3DCR@high.png,72.81503295898438,0.4083698093891144,0.6006140112876892,2.0954167573990583
3DCR,high,garden,00003,/work/u4546465/evaluation/CAT3DGSPro_organized/garden_00003/3DCR@high.png,73.79177856445312,0.3949384391307831,0.5408827662467957,2.340905951372246
3DCR,high,garden,00004,/work/u4546465/evaluation/CAT3DGSPro_organized/garden_00004/3DCR@high.png,74.68807220458984,0.3951750695705414,0.51035076379776,2.010606170744419
3DCR,high,garden,00005,/work/u4546465/evaluation/CAT3DGSPro_organized/garden_00005/3DCR@high.png,73.21930694580078,0.4083215296268463,0.639437735080719,1.9915774781159374
3DCR,high,garden,00006,/work/u4546465/evaluation/CAT3DGSPro_organized/garden_00006/3DCR@high.png,73.52043151855469,0.38654690980911255,0.6241044998168945,1.808314847117938
3DCR,high,garden,00007,/work/u4546465/evaluation/CAT3DGSPro_organized/garden_00007/3DCR@high.png,72.42344665527344,0.4198375940322876,0.6331414580345154,2.232288334901094
3DCR,high,garden,00008,/work/u4546465/evaluation/CAT3DGSPro_organized/garden_00008/3DCR@high.png,72.38237762451172,0.41563692688941956,0.6505276560783386,1.80920529986229
3DCR,high,garden,00009,/work/u4546465/evaluation/CAT3DGSPro_organized/garden_00009/3DCR@high.png,72.49111938476562,0.3972966969013214,0.5983827710151672,2.0429201741858436
3DCR,high,garden,00010,/work/u4546465/evaluation/CAT3DGSPro_organized/garden_00010/3DCR@high.png,72.4603042602539,0.40818220376968384,0.5834488868713379,2.112688380480738
3DCR,high,garden,00011,/work/u4546465/evaluation/CAT3DGSPro_organized/garden_00011/3DCR@high.png,72.86724853515625,0.3940449655056,0.6329563856124878,2.1516977493439033
3DCR,high,garden,00012,/work/u4546465/evaluation/CAT3DGSPro_organized/garden_00012/3DCR@high.png,73.80838012695312,0.41537100076675415,0.6581293940544128,1.8463841532271543
3DCR,high,garden,00013,/work/u4546465/evaluation/CAT3DGSPro_organized/garden_00013/3DCR@high.png,72.45368194580078,0.39665767550468445,0.635699450969696,2.0299286049105443
3DCR,high,garden,00014,/work/u4546465/evaluation/CAT3DGSPro_organized/garden_00014/3DCR@high.png,73.05792999267578,0.3987610638141632,0.6336036920547485,2.1417610868499666
3DCR,high,garden,00015,/work/u4546465/evaluation/CAT3DGSPro_organized/garden_00015/3DCR@high.png,72.13815307617188,0.40790724754333496,0.6593140959739685,1.952173798013763
3DCR,high,garden,00016,/work/u4546465/evaluation/CAT3DGSPro_organized/garden_00016/3DCR@high.png,73.62001037597656,0.4178127944469452,0.6492533087730408,2.1050687746660364
3DCR,high,garden,00017,/work/u4546465/evaluation/CAT3DGSPro_organized/garden_00017/3DCR@high.png,71.57833099365234,0.38950762152671814,0.5147297978401184,2.0186993537274973
3DCR,high,garden,00018,/work/u4546465/evaluation/CAT3DGSPro_organized/garden_00018/3DCR@high.png,74.18512725830078,0.41415855288505554,0.5769872665405273,2.0580879262317047
3DCR,high,garden,00019,/work/u4546465/evaluation/CAT3DGSPro_organized/garden_00019/3DCR@high.png,74.66460418701172,0.3937048316001892,0.6326919794082642,1.816192642749781
3DCR,high,garden,00020,/work/u4546465/evaluation/CAT3DGSPro_organized/garden_00020/3DCR@high.png,72.4771957397461,0.4239758849143982,0.6328580379486084,2.192987614165298
3DCR,high,garden,00021,/work/u4546465/evaluation/CAT3DGSPro_organized/garden_00021/3DCR@high.png,72.24796295166016,0.3639224171638489,0.4982680380344391,1.9277909096888362
3DCR,high,garden,00022,/work/u4546465/evaluation/CAT3DGSPro_organized/garden_00022/3DCR@high.png,71.6774673461914,0.40538668632507324,0.6552494168281555,1.900615003542697
3DCR,high,garden,00023,/work/u4546465/evaluation/CAT3DGSPro_organized/garden_00023/3DCR@high.png,72.95264434814453,0.4122236669063568,0.6260133385658264,1.8807253551263268
3DCR,high,kitchen,00000,/work/u4546465/evaluation/CAT3DGSPro_organized/kitchen_00000/3DCR@high.png,65.90160369873047,0.3610140085220337,0.4018682539463043,4.255189115681092
3DCR,high,kitchen,00001,/work/u4546465/evaluation/CAT3DGSPro_organized/kitchen_00001/3DCR@high.png,61.98066329956055,0.27354541420936584,0.29969891905784607,3.8328408713821602
3DCR,high,kitchen,00002,/work/u4546465/evaluation/CAT3DGSPro_organized/kitchen_00002/3DCR@high.png,68.44942474365234,0.2983074188232422,0.3650936782360077,3.4724010257216325
3DCR,high,kitchen,00003,/work/u4546465/evaluation/CAT3DGSPro_organized/kitchen_00003/3DCR@high.png,65.5998764038086,0.3206650912761688,0.397268682718277,3.5254544469070135
3DCR,high,kitchen,00004,/work/u4546465/evaluation/CAT3DGSPro_organized/kitchen_00004/3DCR@high.png,72.01692962646484,0.3631080687046051,0.45535919070243835,3.8943716740725365
3DCR,high,kitchen,00005,/work/u4546465/evaluation/CAT3DGSPro_organized/kitchen_00005/3DCR@high.png,67.26201629638672,0.31811168789863586,0.3437380790710449,3.7935615673123073
3DCR,high,kitchen,00006,/work/u4546465/evaluation/CAT3DGSPro_organized/kitchen_00006/3DCR@high.png,66.11656951904297,0.35295772552490234,0.40890517830848694,4.050750132495474
3DCR,high,kitchen,00007,/work/u4546465/evaluation/CAT3DGSPro_organized/kitchen_00007/3DCR@high.png,73.2426986694336,0.34924763441085815,0.47713398933410645,3.944291755340194
3DCR,high,kitchen,00008,/work/u4546465/evaluation/CAT3DGSPro_organized/kitchen_00008/3DCR@high.png,70.0779037475586,0.31859374046325684,0.4333084523677826,3.439338948517938
3DCR,high,kitchen,00009,/work/u4546465/evaluation/CAT3DGSPro_organized/kitchen_00009/3DCR@high.png,65.71477508544922,0.27886608242988586,0.41187912225723267,4.408396319449013
3DCR,high,kitchen,00010,/work/u4546465/evaluation/CAT3DGSPro_organized/kitchen_00010/3DCR@high.png,70.20893096923828,0.32986024022102356,0.4312678873538971,3.8703404482537342
3DCR,high,kitchen,00011,/work/u4546465/evaluation/CAT3DGSPro_organized/kitchen_00011/3DCR@high.png,67.05630493164062,0.3139798939228058,0.43448564410209656,4.024135511478419
3DCR,high,kitchen,00012,/work/u4546465/evaluation/CAT3DGSPro_organized/kitchen_00012/3DCR@high.png,69.71981048583984,0.36043044924736023,0.43643054366111755,3.6219415870189464
3DCR,high,kitchen,00013,/work/u4546465/evaluation/CAT3DGSPro_organized/kitchen_00013/3DCR@high.png,70.05464935302734,0.3140309751033783,0.37008944153785706,3.7293300270844987
3DCR,high,kitchen,00014,/work/u4546465/evaluation/CAT3DGSPro_organized/kitchen_00014/3DCR@high.png,71.53556060791016,0.3180879056453705,0.38613584637641907,3.667039420973069
3DCR,high,kitchen,00015,/work/u4546465/evaluation/CAT3DGSPro_organized/kitchen_00015/3DCR@high.png,65.64557647705078,0.3193502724170685,0.3701539635658264,4.227325804947003
3DCR,high,kitchen,00016,/work/u4546465/evaluation/CAT3DGSPro_organized/kitchen_00016/3DCR@high.png,66.27713012695312,0.32829350233078003,0.45150795578956604,3.6445557350040327
3DCR,high,kitchen,00017,/work/u4546465/evaluation/CAT3DGSPro_organized/kitchen_00017/3DCR@high.png,73.14521026611328,0.30721941590309143,0.40589067339897156,3.8182409091501874
3DCR,high,kitchen,00018,/work/u4546465/evaluation/CAT3DGSPro_organized/kitchen_00018/3DCR@high.png,69.0363540649414,0.344311386346817,0.39996910095214844,3.7623326530003007
3DCR,high,kitchen,00019,/work/u4546465/evaluation/CAT3DGSPro_organized/kitchen_00019/3DCR@high.png,69.3828353881836,0.30972588062286377,0.3729398846626282,3.575516688974834
3DCR,high,kitchen,00020,/work/u4546465/evaluation/CAT3DGSPro_organized/kitchen_00020/3DCR@high.png,68.59627532958984,0.337144672870636,0.4010731875896454,3.577514314716418
3DCR,high,kitchen,00021,/work/u4546465/evaluation/CAT3DGSPro_organized/kitchen_00021/3DCR@high.png,67.72551727294922,0.3589682877063751,0.4674147665500641,3.550396365989069
3DCR,high,kitchen,00022,/work/u4546465/evaluation/CAT3DGSPro_organized/kitchen_00022/3DCR@high.png,64.4904556274414,0.30561187863349915,0.3652234971523285,4.3992948696584175
3DCR,high,kitchen,00023,/work/u4546465/evaluation/CAT3DGSPro_organized/kitchen_00023/3DCR@high.png,65.5571517944336,0.2845469117164612,0.33218663930892944,3.9020035006407086
3DCR,high,kitchen,00024,/work/u4546465/evaluation/CAT3DGSPro_organized/kitchen_00024/3DCR@high.png,71.75361633300781,0.3563418984413147,0.47042885422706604,3.8005682447950044
3DCR,high,kitchen,00025,/work/u4546465/evaluation/CAT3DGSPro_organized/kitchen_00025/3DCR@high.png,67.1761703491211,0.2714938223361969,0.32351335883140564,3.803023903947561
3DCR,high,kitchen,00026,/work/u4546465/evaluation/CAT3DGSPro_organized/kitchen_00026/3DCR@high.png,68.57833099365234,0.35169342160224915,0.43825140595436096,3.6364159217491525
3DCR,high,kitchen,00027,/work/u4546465/evaluation/CAT3DGSPro_organized/kitchen_00027/3DCR@high.png,63.969696044921875,0.304778516292572,0.39319518208503723,4.156227539428913
3DCR,high,kitchen,00028,/work/u4546465/evaluation/CAT3DGSPro_organized/kitchen_00028/3DCR@high.png,71.63653564453125,0.36640483140945435,0.447367399930954,3.7487712550671324
3DCR,high,kitchen,00029,/work/u4546465/evaluation/CAT3DGSPro_organized/kitchen_00029/3DCR@high.png,67.24252319335938,0.3213902711868286,0.4077068269252777,3.757273166914594
3DCR,high,kitchen,00030,/work/u4546465/evaluation/CAT3DGSPro_organized/kitchen_00030/3DCR@high.png,71.82498931884766,0.30599769949913025,0.423965185880661,3.7269800186504876
3DCR,high,kitchen,00031,/work/u4546465/evaluation/CAT3DGSPro_organized/kitchen_00031/3DCR@high.png,71.84308624267578,0.3254052996635437,0.4283275604248047,3.798088246152429
3DCR,high,kitchen,00032,/work/u4546465/evaluation/CAT3DGSPro_organized/kitchen_00032/3DCR@high.png,65.31343841552734,0.30488860607147217,0.43026652932167053,3.8387777523454165
3DCR,high,kitchen,00033,/work/u4546465/evaluation/CAT3DGSPro_organized/kitchen_00033/3DCR@high.png,66.13729095458984,0.33873721957206726,0.4344252645969391,4.184286997127717
3DCR,high,kitchen,00034,/work/u4546465/evaluation/CAT3DGSPro_organized/kitchen_00034/3DCR@high.png,70.1184310913086,0.31541508436203003,0.3933980464935303,3.4008808110366586
3DCR,high,room,00000,/work/u4546465/evaluation/CAT3DGSPro_organized/room_00000/3DCR@high.png,52.031532287597656,0.27190566062927246,0.3007628917694092,4.752788310331605
3DCR,high,room,00001,/work/u4546465/evaluation/CAT3DGSPro_organized/room_00001/3DCR@high.png,44.06383514404297,0.23791596293449402,0.27263233065605164,4.38252512196048
3DCR,high,room,00002,/work/u4546465/evaluation/CAT3DGSPro_organized/room_00002/3DCR@high.png,57.311283111572266,0.27990254759788513,0.40156933665275574,3.821206307727414
3DCR,high,room,00003,/work/u4546465/evaluation/CAT3DGSPro_organized/room_00003/3DCR@high.png,51.52522277832031,0.2234775274991989,0.2876220941543579,4.133783249802753
3DCR,high,room,00004,/work/u4546465/evaluation/CAT3DGSPro_organized/room_00004/3DCR@high.png,45.496177673339844,0.21916994452476501,0.31746765971183777,4.101137331352074
3DCR,high,room,00005,/work/u4546465/evaluation/CAT3DGSPro_organized/room_00005/3DCR@high.png,56.01897048950195,0.3065927028656006,0.3435508906841278,3.4791195008244036
3DCR,high,room,00006,/work/u4546465/evaluation/CAT3DGSPro_organized/room_00006/3DCR@high.png,50.941505432128906,0.24133756756782532,0.32206639647483826,3.7630826407287192
3DCR,high,room,00007,/work/u4546465/evaluation/CAT3DGSPro_organized/room_00007/3DCR@high.png,51.655860900878906,0.2576903700828552,0.31714698672294617,3.6632291292823482
3DCR,high,room,00008,/work/u4546465/evaluation/CAT3DGSPro_organized/room_00008/3DCR@high.png,57.33209228515625,0.2764129042625427,0.3953853249549866,3.362335796543333
3DCR,high,room,00009,/work/u4546465/evaluation/CAT3DGSPro_organized/room_00009/3DCR@high.png,47.585758209228516,0.21173080801963806,0.26865488290786743,5.165724181811157
3DCR,high,room,00010,/work/u4546465/evaluation/CAT3DGSPro_organized/room_00010/3DCR@high.png,42.446014404296875,0.33960163593292236,0.29419127106666565,6.78278175583377
3DCR,high,room,00011,/work/u4546465/evaluation/CAT3DGSPro_organized/room_00011/3DCR@high.png,49.70306396484375,0.3231038749217987,0.3123708665370941,5.76680367081315
3DCR,high,room,00012,/work/u4546465/evaluation/CAT3DGSPro_organized/room_00012/3DCR@high.png,51.94343948364258,0.24304866790771484,0.3478167951107025,3.7266026283297045
3DCR,high,room,00013,/work/u4546465/evaluation/CAT3DGSPro_organized/room_00013/3DCR@high.png,48.00223922729492,0.22288407385349274,0.25551238656044006,3.7540912367068353
3DCR,high,room,00014,/work/u4546465/evaluation/CAT3DGSPro_organized/room_00014/3DCR@high.png,54.090843200683594,0.25936201214790344,0.3749609589576721,3.7106191107367374
3DCR,high,room,00015,/work/u4546465/evaluation/CAT3DGSPro_organized/room_00015/3DCR@high.png,51.80498123168945,0.24455565214157104,0.3578116297721863,3.6642582681815425
3DCR,high,room,00016,/work/u4546465/evaluation/CAT3DGSPro_organized/room_00016/3DCR@high.png,56.046630859375,0.2922672927379608,0.3148976266384125,3.3065175383611534
3DCR,high,room,00017,/work/u4546465/evaluation/CAT3DGSPro_organized/room_00017/3DCR@high.png,44.77655029296875,0.22693566977977753,0.22900298237800598,4.14818938859777
3DCR,high,room,00018,/work/u4546465/evaluation/CAT3DGSPro_organized/room_00018/3DCR@high.png,57.003204345703125,0.27317577600479126,0.36572858691215515,3.5670714589165406
3DCR,high,room,00019,/work/u4546465/evaluation/CAT3DGSPro_organized/room_00019/3DCR@high.png,43.05413818359375,0.22659282386302948,0.23641939461231232,5.221701768191042
3DCR,high,room,00020,/work/u4546465/evaluation/CAT3DGSPro_organized/room_00020/3DCR@high.png,57.06588363647461,0.37416937947273254,0.35376349091529846,3.958348409569919
3DCR,high,room,00021,/work/u4546465/evaluation/CAT3DGSPro_organized/room_00021/3DCR@high.png,53.901580810546875,0.2510700225830078,0.29304930567741394,3.4526309809247957
3DCR,high,room,00022,/work/u4546465/evaluation/CAT3DGSPro_organized/room_00022/3DCR@high.png,50.960914611816406,0.2399374097585678,0.2653542459011078,3.6279106934966356
3DCR,high,room,00023,/work/u4546465/evaluation/CAT3DGSPro_organized/room_00023/3DCR@high.png,57.787994384765625,0.25012409687042236,0.297475665807724,3.575067299454163
3DCR,high,room,00024,/work/u4546465/evaluation/CAT3DGSPro_organized/room_00024/3DCR@high.png,47.127960205078125,0.2123287469148636,0.3018808662891388,4.263396311995779
3DCR,high,room,00025,/work/u4546465/evaluation/CAT3DGSPro_organized/room_00025/3DCR@high.png,53.343502044677734,0.25440558791160583,0.3456130921840668,3.7651927060013115
3DCR,high,room,00026,/work/u4546465/evaluation/CAT3DGSPro_organized/room_00026/3DCR@high.png,54.13888168334961,0.25805026292800903,0.3719702363014221,3.393568847976269
3DCR,high,room,00027,/work/u4546465/evaluation/CAT3DGSPro_organized/room_00027/3DCR@high.png,55.075340270996094,0.24324579536914825,0.3440192639827728,4.175920603816403
3DCR,high,room,00028,/work/u4546465/evaluation/CAT3DGSPro_organized/room_00028/3DCR@high.png,58.55142593383789,0.25356146693229675,0.34005388617515564,3.6555685354182534
3DCR,high,room,00029,/work/u4546465/evaluation/CAT3DGSPro_organized/room_00029/3DCR@high.png,56.727195739746094,0.277041494846344,0.4130980670452118,3.466707639707901
3DCR,high,room,00030,/work/u4546465/evaluation/CAT3DGSPro_organized/room_00030/3DCR@high.png,57.90467834472656,0.27403905987739563,0.3650530278682709,3.8812459618940367
3DCR,high,room,00031,/work/u4546465/evaluation/CAT3DGSPro_organized/room_00031/3DCR@high.png,58.157081604003906,0.2903439998626709,0.39236944913864136,3.704982020795469
3DCR,high,room,00032,/work/u4546465/evaluation/CAT3DGSPro_organized/room_00032/3DCR@high.png,40.104835510253906,0.17050737142562866,0.2464715987443924,5.707333295799148
3DCR,high,room,00033,/work/u4546465/evaluation/CAT3DGSPro_organized/room_00033/3DCR@high.png,54.38168716430664,0.2668279707431793,0.37645021080970764,3.4844075842971156
3DCR,high,room,00034,/work/u4546465/evaluation/CAT3DGSPro_organized/room_00034/3DCR@high.png,49.77155685424805,0.2560160458087921,0.3410939872264862,4.299060186272936
3DCR,high,room,00035,/work/u4546465/evaluation/CAT3DGSPro_organized/room_00035/3DCR@high.png,41.945167541503906,0.25621020793914795,0.22857359051704407,5.327380611158127
3DCR,high,room,00036,/work/u4546465/evaluation/CAT3DGSPro_organized/room_00036/3DCR@high.png,49.16721725463867,0.24618741869926453,0.281179815530777,5.35638963735969
3DCR,high,room,00037,/work/u4546465/evaluation/CAT3DGSPro_organized/room_00037/3DCR@high.png,59.21902847290039,0.29724299907684326,0.36328235268592834,3.465239584795161
3DCR,high,room,00038,/work/u4546465/evaluation/CAT3DGSPro_organized/room_00038/3DCR@high.png,59.06970977783203,0.26724839210510254,0.3951624631881714,3.363739959243988
3DCR,high,stump,00000,/work/u4546465/evaluation/CAT3DGSPro_organized/stump_00000/3DCR@high.png,58.4351921081543,0.2808837890625,0.370393306016922,3.250228070521744
3DCR,high,stump,00001,/work/u4546465/evaluation/CAT3DGSPro_organized/stump_00001/3DCR@high.png,59.797332763671875,0.24347589910030365,0.3687591254711151,3.2279521963189532
3DCR,high,stump,00002,/work/u4546465/evaluation/CAT3DGSPro_organized/stump_00002/3DCR@high.png,59.51345443725586,0.2451419234275818,0.37072107195854187,3.3989674677606163
3DCR,high,stump,00003,/work/u4546465/evaluation/CAT3DGSPro_organized/stump_00003/3DCR@high.png,59.993675231933594,0.26936841011047363,0.36866313219070435,2.7685289686833108
3DCR,high,stump,00004,/work/u4546465/evaluation/CAT3DGSPro_organized/stump_00004/3DCR@high.png,58.679237365722656,0.252928763628006,0.40181800723075867,3.1803662280573013
3DCR,high,stump,00005,/work/u4546465/evaluation/CAT3DGSPro_organized/stump_00005/3DCR@high.png,60.32841491699219,0.27825242280960083,0.3569668233394623,3.3449281206503545
3DCR,high,stump,00006,/work/u4546465/evaluation/CAT3DGSPro_organized/stump_00006/3DCR@high.png,65.8772964477539,0.2651968002319336,0.40748244524002075,3.05844629771312
3DCR,high,stump,00007,/work/u4546465/evaluation/CAT3DGSPro_organized/stump_00007/3DCR@high.png,51.330345153808594,0.24117007851600647,0.3084048628807068,3.862936692516548
3DCR,high,stump,00008,/work/u4546465/evaluation/CAT3DGSPro_organized/stump_00008/3DCR@high.png,62.382484436035156,0.2731296122074127,0.387348473072052,3.0330644611828057
3DCR,high,stump,00009,/work/u4546465/evaluation/CAT3DGSPro_organized/stump_00009/3DCR@high.png,60.17448806762695,0.2653082013130188,0.39333704113960266,3.2132212731641077
3DCR,high,stump,00010,/work/u4546465/evaluation/CAT3DGSPro_organized/stump_00010/3DCR@high.png,64.2734146118164,0.27690571546554565,0.3865649998188019,3.33349552588523
3DCR,high,stump,00011,/work/u4546465/evaluation/CAT3DGSPro_organized/stump_00011/3DCR@high.png,61.465553283691406,0.2792867422103882,0.3542645573616028,3.2161988586353734
3DCR,high,stump,00012,/work/u4546465/evaluation/CAT3DGSPro_organized/stump_00012/3DCR@high.png,59.28644561767578,0.27790433168411255,0.3736695349216461,3.3646445809485197
3DCR,high,stump,00013,/work/u4546465/evaluation/CAT3DGSPro_organized/stump_00013/3DCR@high.png,61.8812141418457,0.27809590101242065,0.37911781668663025,3.583587704804978
3DCR,high,stump,00014,/work/u4546465/evaluation/CAT3DGSPro_organized/stump_00014/3DCR@high.png,61.53459167480469,0.2723820209503174,0.38311585783958435,3.4222206674493623
3DCR,high,stump,00015,/work/u4546465/evaluation/CAT3DGSPro_organized/stump_00015/3DCR@high.png,59.08507537841797,0.2805456221103668,0.3735140860080719,3.1531756210305164
3DCR,high,treehill,00000,/work/u4546465/evaluation/CAT3DGSPro_organized/treehill_00000/3DCR@high.png,62.346221923828125,0.2678646147251129,0.35901060700416565,2.3705433041076835
3DCR,high,treehill,00001,/work/u4546465/evaluation/CAT3DGSPro_organized/treehill_00001/3DCR@high.png,61.40967559814453,0.2895382046699524,0.4481329917907715,2.408065559892047
3DCR,high,treehill,00002,/work/u4546465/evaluation/CAT3DGSPro_organized/treehill_00002/3DCR@high.png,63.40837097167969,0.2751801311969757,0.3888098895549774,2.413375691853621
3DCR,high,treehill,00003,/work/u4546465/evaluation/CAT3DGSPro_organized/treehill_00003/3DCR@high.png,65.87001037597656,0.28833064436912537,0.4387648105621338,2.1591183802172873
3DCR,high,treehill,00004,/work/u4546465/evaluation/CAT3DGSPro_organized/treehill_00004/3DCR@high.png,60.86201477050781,0.29667091369628906,0.37683337926864624,2.329502640226726
3DCR,high,treehill,00005,/work/u4546465/evaluation/CAT3DGSPro_organized/treehill_00005/3DCR@high.png,56.231201171875,0.2810020446777344,0.41855230927467346,2.7139754746346676
3DCR,high,treehill,00006,/work/u4546465/evaluation/CAT3DGSPro_organized/treehill_00006/3DCR@high.png,59.80255889892578,0.27858766913414,0.4393239915370941,2.7089193102356917
3DCR,high,treehill,00007,/work/u4546465/evaluation/CAT3DGSPro_organized/treehill_00007/3DCR@high.png,57.8095703125,0.2787122130393982,0.4086577892303467,2.40563735709414
3DCR,high,treehill,00008,/work/u4546465/evaluation/CAT3DGSPro_organized/treehill_00008/3DCR@high.png,61.59321975708008,0.2819439470767975,0.4457261562347412,2.7079648302454977
3DCR,high,treehill,00009,/work/u4546465/evaluation/CAT3DGSPro_organized/treehill_00009/3DCR@high.png,60.84894943237305,0.2933861017227173,0.40764275193214417,2.591967034076071
3DCR,high,treehill,00010,/work/u4546465/evaluation/CAT3DGSPro_organized/treehill_00010/3DCR@high.png,55.113922119140625,0.26215097308158875,0.3971889615058899,2.58358536740155
3DCR,high,treehill,00011,/work/u4546465/evaluation/CAT3DGSPro_organized/treehill_00011/3DCR@high.png,58.989051818847656,0.3025698661804199,0.47908058762550354,2.65307002610067
3DCR,high,treehill,00012,/work/u4546465/evaluation/CAT3DGSPro_organized/treehill_00012/3DCR@high.png,62.124488830566406,0.28669458627700806,0.4401208460330963,2.6036784565477586
3DCR,high,treehill,00013,/work/u4546465/evaluation/CAT3DGSPro_organized/treehill_00013/3DCR@high.png,62.075687408447266,0.2820429801940918,0.4253726899623871,2.4655118002806264
3DCR,high,treehill,00014,/work/u4546465/evaluation/CAT3DGSPro_organized/treehill_00014/3DCR@high.png,58.65583419799805,0.2739565372467041,0.3462095260620117,2.520554945200274
3DCR,high,treehill,00015,/work/u4546465/evaluation/CAT3DGSPro_organized/treehill_00015/3DCR@high.png,65.15444946289062,0.28586187958717346,0.4332972466945648,2.36196328275689
3DCR,high,treehill,00016,/work/u4546465/evaluation/CAT3DGSPro_organized/treehill_00016/3DCR@high.png,60.04318618774414,0.29532676935195923,0.4306375980377197,2.6808687595785554
3DCR,high,treehill,00017,/work/u4546465/evaluation/CAT3DGSPro_organized/treehill_00017/3DCR@high.png,62.8203010559082,0.3077109456062317,0.4671567976474762,2.547591183344824
3DCR,low,bicycle,00000,/work/u4546465/evaluation/CAT3DGSPro_organized/bicycle_00000/3DCR@low.png,68.28031158447266,0.3189365863800049,0.508324921131134,2.832225575297837
3DCR,low,bicycle,00001,/work/u4546465/evaluation/CAT3DGSPro_organized/bicycle_00001/3DCR@low.png,69.47828674316406,0.3279708921909332,0.4267483353614807,2.455223994291709
3DCR,low,bicycle,00002,/work/u4546465/evaluation/CAT3DGSPro_organized/bicycle_00002/3DCR@low.png,70.91919708251953,0.34126782417297363,0.5026266574859619,2.196997490815537
3DCR,low,bicycle,00003,/work/u4546465/evaluation/CAT3DGSPro_organized/bicycle_00003/3DCR@low.png,72.93580627441406,0.34461644291877747,0.49932390451431274,2.3040479409045798
3DCR,low,bicycle,00004,/work/u4546465/evaluation/CAT3DGSPro_organized/bicycle_00004/3DCR@low.png,69.02700805664062,0.2958790957927704,0.4639962315559387,2.684923397951448
3DCR,low,bicycle,00005,/work/u4546465/evaluation/CAT3DGSPro_organized/bicycle_00005/3DCR@low.png,73.39987182617188,0.3225516378879547,0.5128071308135986,2.8132744556169618
3DCR,low,bicycle,00006,/work/u4546465/evaluation/CAT3DGSPro_organized/bicycle_00006/3DCR@low.png,73.0363998413086,0.3351200222969055,0.509952187538147,2.36224586246519
3DCR,low,bicycle,00007,/work/u4546465/evaluation/CAT3DGSPro_organized/bicycle_00007/3DCR@low.png,69.14574432373047,0.30851230025291443,0.48162809014320374,2.7106517852169665
3DCR,low,bicycle,00008,/work/u4546465/evaluation/CAT3DGSPro_organized/bicycle_00008/3DCR@low.png,71.62413024902344,0.3272049129009247,0.42547112703323364,2.745716417208283
3DCR,low,bicycle,00009,/work/u4546465/evaluation/CAT3DGSPro_organized/bicycle_00009/3DCR@low.png,74.01280975341797,0.33425888419151306,0.5062375068664551,3.061558352815034
3DCR,low,bicycle,00010,/work/u4546465/evaluation/CAT3DGSPro_organized/bicycle_00010/3DCR@low.png,72.05349731445312,0.3466152250766754,0.48760661482810974,2.2077502184776154
3DCR,low,bicycle,00011,/work/u4546465/evaluation/CAT3DGSPro_organized/bicycle_00011/3DCR@low.png,70.74262237548828,0.34729480743408203,0.5092336535453796,2.360869312164181
3DCR,low,bicycle,00012,/work/u4546465/evaluation/CAT3DGSPro_organized/bicycle_00012/3DCR@low.png,66.82320404052734,0.30147385597229004,0.4379039704799652,2.3239095547978343
3DCR,low,bicycle,00013,/work/u4546465/evaluation/CAT3DGSPro_organized/bicycle_00013/3DCR@low.png,69.84735870361328,0.29433390498161316,0.4675370156764984,2.4887192909542595
3DCR,low,bicycle,00014,/work/u4546465/evaluation/CAT3DGSPro_organized/bicycle_00014/3DCR@low.png,72.58497619628906,0.3402475118637085,0.5018088221549988,2.1862566823182377
3DCR,low,bicycle,00015,/work/u4546465/evaluation/CAT3DGSPro_organized/bicycle_00015/3DCR@low.png,72.72088623046875,0.32959669828414917,0.468797892332077,2.506790613547349
3DCR,low,bicycle,00016,/work/u4546465/evaluation/CAT3DGSPro_organized/bicycle_00016/3DCR@low.png,72.23552703857422,0.3425236642360687,0.511910617351532,2.386788289570454
3DCR,low,bicycle,00017,/work/u4546465/evaluation/CAT3DGSPro_organized/bicycle_00017/3DCR@low.png,61.69047546386719,0.286166787147522,0.39362043142318726,2.5070900023705365
3DCR,low,bicycle,00018,/work/u4546465/evaluation/CAT3DGSPro_organized/bicycle_00018/3DCR@low.png,65.55094146728516,0.28374359011650085,0.5232275724411011,2.563349225688394
3DCR,low,bicycle,00019,/work/u4546465/evaluation/CAT3DGSPro_organized/bicycle_00019/3DCR@low.png,69.62169647216797,0.3358505666255951,0.5162453651428223,2.266644551082807
3DCR,low,bicycle,00020,/work/u4546465/evaluation/CAT3DGSPro_organized/bicycle_00020/3DCR@low.png,67.92247772216797,0.31100261211395264,0.4299350678920746,2.9563401060044687
3DCR,low,bicycle,00021,/work/u4546465/evaluation/CAT3DGSPro_organized/bicycle_00021/3DCR@low.png,72.0152816772461,0.3377127945423126,0.4471622407436371,2.423024030388828
3DCR,low,bicycle,00022,/work/u4546465/evaluation/CAT3DGSPro_organized/bicycle_00022/3DCR@low.png,72.22777557373047,0.36211097240448,0.49981242418289185,2.4223611152724858
3DCR,low,bicycle,00023,/work/u4546465/evaluation/CAT3DGSPro_organized/bicycle_00023/3DCR@low.png,70.63904571533203,0.34916508197784424,0.4360714852809906,2.409289459100595
3DCR,low,bicycle,00024,/work/u4546465/evaluation/CAT3DGSPro_organized/bicycle_00024/3DCR@low.png,71.3793716430664,0.3354087471961975,0.5213310122489929,3.0080150673926322
3DCR,low,bonsai,00000,/work/u4546465/evaluation/CAT3DGSPro_organized/bonsai_00000/3DCR@low.png,60.287384033203125,0.2128916233778,0.31193581223487854,4.378726602216694
3DCR,low,bonsai,00001,/work/u4546465/evaluation/CAT3DGSPro_organized/bonsai_00001/3DCR@low.png,62.514015197753906,0.2605695426464081,0.33884531259536743,5.041203560826006
3DCR,low,bonsai,00002,/work/u4546465/evaluation/CAT3DGSPro_organized/bonsai_00002/3DCR@low.png,64.5109634399414,0.2485371232032776,0.3700065314769745,4.712436269896547
3DCR,low,bonsai,00003,/work/u4546465/evaluation/CAT3DGSPro_organized/bonsai_00003/3DCR@low.png,59.962806701660156,0.3107095956802368,0.378788024187088,5.2553488525761995
3DCR,low,bonsai,00004,/work/u4546465/evaluation/CAT3DGSPro_organized/bonsai_00004/3DCR@low.png,61.507049560546875,0.23600731790065765,0.2961520850658417,4.6994580527110905
3DCR,low,bonsai,00005,/work/u4546465/evaluation/CAT3DGSPro_organized/bonsai_00005/3DCR@low.png,61.93424987792969,0.18745960295200348,0.292377233505249,4.145515830798044
3DCR,low,bonsai,00006,/work/u4546465/evaluation/CAT3DGSPro_organized/bonsai_00006/3DCR@low.png,61.757591247558594,0.22496572136878967,0.3365965783596039,4.4853437886937995
3DCR,low,bonsai,00007,/work/u4546465/evaluation/CAT3DGSPro_organized/bonsai_00007/3DCR@low.png,58.90776824951172,0.2232055515050888,0.33688169717788696,4.569664036893212
3DCR,low,bonsai,00008,/work/u4546465/evaluation/CAT3DGSPro_organized/bonsai_00008/3DCR@low.png,61.762062072753906,0.1933049112558365,0.3399180471897125,4.573088375130596
3DCR,low,bonsai,00009,/work/u4546465/evaluation/CAT3DGSPro_organized/bonsai_00009/3DCR@low.png,61.310909271240234,0.23105090856552124,0.3584596812725067,4.74444899529714
3DCR,low,bonsai,00010,/work/u4546465/evaluation/CAT3DGSPro_organized/bonsai_00010/3DCR@low.png,61.57090759277344,0.214045450091362,0.2913343906402588,4.830194781421307
3DCR,low,bonsai,00011,/work/u4546465/evaluation/CAT3DGSPro_organized/bonsai_00011/3DCR@low.png,63.619110107421875,0.2496911734342575,0.3502351939678192,4.640503462542294
3DCR,low,bonsai,00012,/work/u4546465/evaluation/CAT3DGSPro_organized/bonsai_00012/3DCR@low.png,49.03973388671875,0.21512047946453094,0.32919061183929443,4.846213092500399
3DCR,low,bonsai,00013,/work/u4546465/evaluation/CAT3DGSPro_organized/bonsai_00013/3DCR@low.png,57.17765808105469,0.22701400518417358,0.2697100341320038,4.831299265856524
3DCR,low,bonsai,00014,/work/u4546465/evaluation/CAT3DGSPro_organized/bonsai_00014/3DCR@low.png,59.62391662597656,0.20135802030563354,0.2782515585422516,4.797648039521334
3DCR,low,bonsai,00015,/work/u4546465/evaluation/CAT3DGSPro_organized/bonsai_00015/3DCR@low.png,55.658416748046875,0.3212153911590576,0.38904663920402527,4.81700395292824
3DCR,low,bonsai,00016,/work/u4546465/evaluation/CAT3DGSPro_organized/bonsai_00016/3DCR@low.png,62.68745040893555,0.24188010394573212,0.3013925552368164,4.8133577347021514
3DCR,low,bonsai,00017,/work/u4546465/evaluation/CAT3DGSPro_organized/bonsai_00017/3DCR@low.png,62.352561950683594,0.26239728927612305,0.34128713607788086,4.557102066735352
3DCR,low,bonsai,00018,/work/u4546465/evaluation/CAT3DGSPro_organized/bonsai_00018/3DCR@low.png,61.44917678833008,0.2202390879392624,0.30782076716423035,4.97303688632694
3DCR,low,bonsai,00019,/work/u4546465/evaluation/CAT3DGSPro_organized/bonsai_00019/3DCR@low.png,63.011390686035156,0.24616530537605286,0.3907138705253601,4.4376943915338485
3DCR,low,bonsai,00020,/work/u4546465/evaluation/CAT3DGSPro_organized/bonsai_00020/3DCR@low.png,59.84308624267578,0.2180379182100296,0.2790541350841522,4.654315846843682
3DCR,low,bonsai,00021,/work/u4546465/evaluation/CAT3DGSPro_organized/bonsai_00021/3DCR@low.png,60.74922561645508,0.23008033633232117,0.32617664337158203,4.888367630840107
3DCR,low,bonsai,00022,/work/u4546465/evaluation/CAT3DGSPro_organized/bonsai_00022/3DCR@low.png,60.40333938598633,0.25926855206489563,0.3137889802455902,5.114224776240467
3DCR,low,bonsai,00023,/work/u4546465/evaluation/CAT3DGSPro_organized/bonsai_00023/3DCR@low.png,59.744964599609375,0.2549223303794861,0.314899206161499,4.8790794249772755
3DCR,low,bonsai,00024,/work/u4546465/evaluation/CAT3DGSPro_organized/bonsai_00024/3DCR@low.png,63.258487701416016,0.2358667105436325,0.3699667155742645,4.376341048309557
3DCR,low,bonsai,00025,/work/u4546465/evaluation/CAT3DGSPro_organized/bonsai_00025/3DCR@low.png,64.1723403930664,0.23692955076694489,0.32625487446784973,4.830087699887438
3DCR,low,bonsai,00026,/work/u4546465/evaluation/CAT3DGSPro_organized/bonsai_00026/3DCR@low.png,63.02619934082031,0.2745357155799866,0.3416440188884735,4.76833696482524
3DCR,low,bonsai,00027,/work/u4546465/evaluation/CAT3DGSPro_organized/bonsai_00027/3DCR@low.png,62.89784240722656,0.2258232831954956,0.37906143069267273,4.441412187810788
3DCR,low,bonsai,00028,/work/u4546465/evaluation/CAT3DGSPro_organized/bonsai_00028/3DCR@low.png,60.328311920166016,0.252914160490036,0.27675577998161316,4.898635001635619
3DCR,low,bonsai,00029,/work/u4546465/evaluation/CAT3DGSPro_organized/bonsai_00029/3DCR@low.png,64.74920654296875,0.22652184963226318,0.42375752329826355,4.386668850170798
3DCR,low,bonsai,00030,/work/u4546465/evaluation/CAT3DGSPro_organized/bonsai_00030/3DCR@low.png,57.994346618652344,0.2622556686401367,0.3216588497161865,4.321902803387197
3DCR,low,bonsai,00031,/work/u4546465/evaluation/CAT3DGSPro_organized/bonsai_00031/3DCR@low.png,57.56028366088867,0.19768568873405457,0.3119910657405853,4.778261125093859
3DCR,low,bonsai,00032,/work/u4546465/evaluation/CAT3DGSPro_organized/bonsai_00032/3DCR@low.png,57.812828063964844,0.24648573994636536,0.2950136661529541,4.801845525617851
3DCR,low,bonsai,00033,/work/u4546465/evaluation/CAT3DGSPro_organized/bonsai_00033/3DCR@low.png,60.001441955566406,0.22246885299682617,0.3484518229961395,4.636540783628768
3DCR,low,bonsai,00034,/work/u4546465/evaluation/CAT3DGSPro_organized/bonsai_00034/3DCR@low.png,60.925907135009766,0.2656541168689728,0.3388445973396301,4.689483184754341
3DCR,low,bonsai,00035,/work/u4546465/evaluation/CAT3DGSPro_organized/bonsai_00035/3DCR@low.png,58.160640716552734,0.24932923913002014,0.3426980674266815,4.611231838720964
3DCR,low,bonsai,00036,/work/u4546465/evaluation/CAT3DGSPro_organized/bonsai_00036/3DCR@low.png,57.17731475830078,0.2476438730955124,0.314342737197876,4.479575479802882
3DCR,low,counter,00000,/work/u4546465/evaluation/CAT3DGSPro_organized/counter_00000/3DCR@low.png,64.58993530273438,0.25549226999282837,0.39860132336616516,3.722727907120325
3DCR,low,counter,00001,/work/u4546465/evaluation/CAT3DGSPro_organized/counter_00001/3DCR@low.png,61.862911224365234,0.2750272750854492,0.4229045510292053,3.686737971146574
3DCR,low,counter,00002,/work/u4546465/evaluation/CAT3DGSPro_organized/counter_00002/3DCR@low.png,60.382102966308594,0.2617882192134857,0.3533778786659241,3.910411238370707
3DCR,low,counter,00003,/work/u4546465/evaluation/CAT3DGSPro_organized/counter_00003/3DCR@low.png,61.831939697265625,0.26435527205467224,0.4360430836677551,3.7587227340792175
3DCR,low,counter,00004,/work/u4546465/evaluation/CAT3DGSPro_organized/counter_00004/3DCR@low.png,61.60000991821289,0.2527160048484802,0.41300469636917114,3.7985581686972822
3DCR,low,counter,00005,/work/u4546465/evaluation/CAT3DGSPro_organized/counter_00005/3DCR@low.png,59.75798034667969,0.23401783406734467,0.3208993375301361,3.673531082284105
3DCR,low,counter,00006,/work/u4546465/evaluation/CAT3DGSPro_organized/counter_00006/3DCR@low.png,63.27981185913086,0.26947101950645447,0.36021262407302856,3.60640722347983
3DCR,low,counter,00007,/work/u4546465/evaluation/CAT3DGSPro_organized/counter_00007/3DCR@low.png,57.63539123535156,0.22498397529125214,0.3697717487812042,3.7204791058485194
3DCR,low,counter,00008,/work/u4546465/evaluation/CAT3DGSPro_organized/counter_00008/3DCR@low.png,61.10565948486328,0.24352513253688812,0.38372987508773804,3.6072529633966934
3DCR,low,counter,00009,/work/u4546465/evaluation/CAT3DGSPro_organized/counter_00009/3DCR@low.png,59.83906555175781,0.2513146996498108,0.3880516588687897,3.7860080410712134
3DCR,low,counter,00010,/work/u4546465/evaluation/CAT3DGSPro_organized/counter_00010/3DCR@low.png,61.89434814453125,0.2574920058250427,0.3256421685218811,3.7616279563298245
3DCR,low,counter,00011,/work/u4546465/evaluation/CAT3DGSPro_organized/counter_00011/3DCR@low.png,57.40266418457031,0.2561705708503723,0.4020279347896576,3.9091060590633857
3DCR,low,counter,00012,/work/u4546465/evaluation/CAT3DGSPro_organized/counter_00012/3DCR@low.png,55.909820556640625,0.24727986752986908,0.3906356394290924,3.5637857225077845
3DCR,low,counter,00013,/work/u4546465/evaluation/CAT3DGSPro_organized/counter_00013/3DCR@low.png,62.10029983520508,0.27019888162612915,0.39502832293510437,3.5393342816746647
3DCR,low,counter,00014,/work/u4546465/evaluation/CAT3DGSPro_organized/counter_00014/3DCR@low.png,48.063926696777344,0.24233457446098328,0.3980507552623749,4.302556098878551
3DCR,low,counter,00015,/work/u4546465/evaluation/CAT3DGSPro_organized/counter_00015/3DCR@low.png,60.86949157714844,0.24579599499702454,0.36185261607170105,3.9261609921962037
3DCR,low,counter,00016,/work/u4546465/evaluation/CAT3DGSPro_organized/counter_00016/3DCR@low.png,52.58193588256836,0.2289086878299713,0.37064987421035767,3.9689823012139023
3DCR,low,counter,00017,/work/u4546465/evaluation/CAT3DGSPro_organized/counter_00017/3DCR@low.png,55.2526741027832,0.23983381688594818,0.41664600372314453,3.738936098692476
3DCR,low,counter,00018,/work/u4546465/evaluation/CAT3DGSPro_organized/counter_00018/3DCR@low.png,52.77537536621094,0.23728185892105103,0.3453860580921173,4.151376186596792
3DCR,low,counter,00019,/work/u4546465/evaluation/CAT3DGSPro_organized/counter_00019/3DCR@low.png,56.437068939208984,0.2261681705713272,0.35907530784606934,4.4782723770773085
3DCR,low,counter,00020,/work/u4546465/evaluation/CAT3DGSPro_organized/counter_00020/3DCR@low.png,45.45774841308594,0.2465679943561554,0.37595078349113464,4.503607561540707
3DCR,low,counter,00021,/work/u4546465/evaluation/CAT3DGSPro_organized/counter_00021/3DCR@low.png,56.851318359375,0.25066545605659485,0.412643164396286,3.9579952979782096
3DCR,low,counter,00022,/work/u4546465/evaluation/CAT3DGSPro_organized/counter_00022/3DCR@low.png,61.87317657470703,0.2474273294210434,0.3415221869945526,3.9038003461097404
3DCR,low,counter,00023,/work/u4546465/evaluation/CAT3DGSPro_organized/counter_00023/3DCR@low.png,41.820526123046875,0.21539147198200226,0.3061756491661072,4.486530840628888
3DCR,low,counter,00024,/work/u4546465/evaluation/CAT3DGSPro_organized/counter_00024/3DCR@low.png,58.34716796875,0.2677415609359741,0.3390478193759918,3.78364807423817
3DCR,low,counter,00025,/work/u4546465/evaluation/CAT3DGSPro_organized/counter_00025/3DCR@low.png,62.26051330566406,0.23306287825107574,0.319467157125473,3.8570473746072214
3DCR,low,counter,00026,/work/u4546465/evaluation/CAT3DGSPro_organized/counter_00026/3DCR@low.png,58.37230682373047,0.2589489221572876,0.3900298774242401,3.776396434867014
3DCR,low,counter,00027,/work/u4546465/evaluation/CAT3DGSPro_organized/counter_00027/3DCR@low.png,60.99695587158203,0.2604958117008209,0.3753306567668915,3.4896408201404943
3DCR,low,counter,00028,/work/u4546465/evaluation/CAT3DGSPro_organized/counter_00028/3DCR@low.png,58.025333404541016,0.23959004878997803,0.3321824073791504,3.8466424612385195
3DCR,low,counter,00029,/work/u4546465/evaluation/CAT3DGSPro_organized/counter_00029/3DCR@low.png,64.21182250976562,0.26846927404403687,0.4383609890937805,3.6440806318270873
3DCR,low,flowers,00000,/work/u4546465/evaluation/CAT3DGSPro_organized/flowers_00000/3DCR@low.png,71.99893188476562,0.31949007511138916,0.6219235062599182,2.0464509907253916
3DCR,low,flowers,00001,/work/u4546465/evaluation/CAT3DGSPro_organized/flowers_00001/3DCR@low.png,73.61956787109375,0.33707624673843384,0.619142472743988,2.0596291347778473
3DCR,low,flowers,00002,/work/u4546465/evaluation/CAT3DGSPro_organized/flowers_00002/3DCR@low.png,73.22631072998047,0.3265240490436554,0.610712468624115,1.8481252109804496
3DCR,low,flowers,00003,/work/u4546465/evaluation/CAT3DGSPro_organized/flowers_00003/3DCR@low.png,73.87688446044922,0.3308234214782715,0.6375972032546997,1.9929524628136916
3DCR,low,flowers,00004,/work/u4546465/evaluation/CAT3DGSPro_organized/flowers_00004/3DCR@low.png,72.9581527709961,0.3276579976081848,0.5858244895935059,2.4047322128897908
3DCR,low,flowers,00005,/work/u4546465/evaluation/CAT3DGSPro_organized/flowers_00005/3DCR@low.png,71.7885513305664,0.30545124411582947,0.5893706679344177,1.9620200578100038
3DCR,low,flowers,00006,/work/u4546465/evaluation/CAT3DGSPro_organized/flowers_00006/3DCR@low.png,73.1240234375,0.3389972150325775,0.6071078181266785,2.1407900467210204
3DCR,low,flowers,00007,/work/u4546465/evaluation/CAT3DGSPro_organized/flowers_00007/3DCR@low.png,73.02559661865234,0.332663357257843,0.6182608604431152,2.1211803727301586
3DCR,low,flowers,00008,/work/u4546465/evaluation/CAT3DGSPro_organized/flowers_00008/3DCR@low.png,73.5112533569336,0.3160563111305237,0.595480740070343,1.8846654800057416
3DCR,low,flowers,00009,/work/u4546465/evaluation/CAT3DGSPro_organized/flowers_00009/3DCR@low.png,73.1819076538086,0.3392719626426697,0.60163813829422,1.9746868536076094
3DCR,low,flowers,00010,/work/u4546465/evaluation/CAT3DGSPro_organized/flowers_00010/3DCR@low.png,73.605224609375,0.33070582151412964,0.641289234161377,1.9219398228719324
3DCR,low,flowers,00011,/work/u4546465/evaluation/CAT3DGSPro_organized/flowers_00011/3DCR@low.png,73.26421356201172,0.33868125081062317,0.6149694919586182,1.9747296402712302
3DCR,low,flowers,00012,/work/u4546465/evaluation/CAT3DGSPro_organized/flowers_00012/3DCR@low.png,70.67584991455078,0.29121923446655273,0.6167710423469543,2.073641370670444
3DCR,low,flowers,00013,/work/u4546465/evaluation/CAT3DGSPro_organized/flowers_00013/3DCR@low.png,73.6485824584961,0.3315419554710388,0.6218299269676208,1.98559899753155
3DCR,low,flowers,00014,/work/u4546465/evaluation/CAT3DGSPro_organized/flowers_00014/3DCR@low.png,72.5906753540039,0.3142503499984741,0.6039087176322937,2.1629182232722304
3DCR,low,flowers,00015,/work/u4546465/evaluation/CAT3DGSPro_organized/flowers_00015/3DCR@low.png,72.3908462524414,0.31015506386756897,0.5581731200218201,1.8616329091094679
3DCR,low,flowers,00016,/work/u4546465/evaluation/CAT3DGSPro_organized/flowers_00016/3DCR@low.png,72.7362289428711,0.3286522924900055,0.6400840878486633,2.037191610730485
3DCR,low,flowers,00017,/work/u4546465/evaluation/CAT3DGSPro_organized/flowers_00017/3DCR@low.png,74.03187561035156,0.33867648243904114,0.650375485420227,2.040914056996489
3DCR,low,flowers,00018,/work/u4546465/evaluation/CAT3DGSPro_organized/flowers_00018/3DCR@low.png,72.82623291015625,0.3307618200778961,0.6062999367713928,2.202929500105769
3DCR,low,flowers,00019,/work/u4546465/evaluation/CAT3DGSPro_organized/flowers_00019/3DCR@low.png,72.25008392333984,0.3137955367565155,0.5867885947227478,1.9804317577701112
3DCR,low,flowers,00020,/work/u4546465/evaluation/CAT3DGSPro_organized/flowers_00020/3DCR@low.png,72.13402557373047,0.31435462832450867,0.5893797874450684,2.150657533287498
3DCR,low,flowers,00021,/work/u4546465/evaluation/CAT3DGSPro_organized/flowers_00021/3DCR@low.png,74.99557495117188,0.3394585847854614,0.6766748428344727,1.913178047633545
3DCR,low,garden,00000,/work/u4546465/evaluation/CAT3DGSPro_organized/garden_00000/3DCR@low.png,71.92078399658203,0.35913732647895813,0.5544472932815552,2.2774236431255743
3DCR,low,garden,00001,/work/u4546465/evaluation/CAT3DGSPro_organized/garden_00001/3DCR@low.png,71.2425765991211,0.3817433714866638,0.657134473323822,1.8430465491122388
3DCR,low,garden,00002,/work/u4546465/evaluation/CAT3DGSPro_organized/garden_00002/3DCR@low.png,71.97251892089844,0.36454716324806213,0.6331956386566162,2.048180598898849
3DCR,low,garden,00003,/work/u4546465/evaluation/CAT3DGSPro_organized/garden_00003/3DCR@low.png,72.44287109375,0.35559484362602234,0.5639821887016296,2.247442333053967
3DCR,low,garden,00004,/work/u4546465/evaluation/CAT3DGSPro_organized/garden_00004/3DCR@low.png,73.2159194946289,0.3455987572669983,0.5412375926971436,1.8625220825946553
3DCR,low,garden,00005,/work/u4546465/evaluation/CAT3DGSPro_organized/garden_00005/3DCR@low.png,72.3521728515625,0.3588104546070099,0.6221408843994141,2.0595582645071513
3DCR,low,garden,00006,/work/u4546465/evaluation/CAT3DGSPro_organized/garden_00006/3DCR@low.png,72.49897003173828,0.3554210066795349,0.6102203130722046,2.0043144229176653
3DCR,low,garden,00007,/work/u4546465/evaluation/CAT3DGSPro_organized/garden_00007/3DCR@low.png,71.38736724853516,0.390741229057312,0.6654744148254395,2.4106767837683467
3DCR,low,garden,00008,/work/u4546465/evaluation/CAT3DGSPro_organized/garden_00008/3DCR@low.png,70.72402954101562,0.3763812184333801,0.6623157858848572,1.9250976989174917
3DCR,low,garden,00009,/work/u4546465/evaluation/CAT3DGSPro_organized/garden_00009/3DCR@low.png,71.98895263671875,0.34850651025772095,0.5860439538955688,2.169979182611662
3DCR,low,garden,00010,/work/u4546465/evaluation/CAT3DGSPro_organized/garden_00010/3DCR@low.png,71.50984191894531,0.3618662357330322,0.6247592568397522,2.045772504175508
3DCR,low,garden,00011,/work/u4546465/evaluation/CAT3DGSPro_organized/garden_00011/3DCR@low.png,72.78858184814453,0.35354745388031006,0.6291165351867676,2.3410096850569593
3DCR,low,garden,00012,/work/u4546465/evaluation/CAT3DGSPro_organized/garden_00012/3DCR@low.png,72.63160705566406,0.3622545897960663,0.6575218439102173,2.0697602181239847
3DCR,low,garden,00013,/work/u4546465/evaluation/CAT3DGSPro_organized/garden_00013/3DCR@low.png,72.04656219482422,0.35919299721717834,0.6084398627281189,2.3361379584459008
3DCR,low,garden,00014,/work/u4546465/evaluation/CAT3DGSPro_organized/garden_00014/3DCR@low.png,72.24791717529297,0.3588949143886566,0.6308131217956543,2.4556052836375115
3DCR,low,garden,00015,/work/u4546465/evaluation/CAT3DGSPro_organized/garden_00015/3DCR@low.png,71.44302368164062,0.38106629252433777,0.6834878325462341,2.0278619440515344
3DCR,low,garden,00016,/work/u4546465/evaluation/CAT3DGSPro_organized/garden_00016/3DCR@low.png,73.65060424804688,0.3837701976299286,0.6829211115837097,2.2751358243582196
3DCR,low,garden,00017,/work/u4546465/evaluation/CAT3DGSPro_organized/garden_00017/3DCR@low.png,70.41552734375,0.34405314922332764,0.5356082320213318,1.9018954572568858
3DCR,low,garden,00018,/work/u4546465/evaluation/CAT3DGSPro_organized/garden_00018/3DCR@low.png,73.21611785888672,0.37494009733200073,0.60975182056427,1.8890753429117735
3DCR,low,garden,00019,/work/u4546465/evaluation/CAT3DGSPro_organized/garden_00019/3DCR@low.png,72.77342987060547,0.3615970015525818,0.6076904535293579,2.014517621841155
3DCR,low,garden,00020,/work/u4546465/evaluation/CAT3DGSPro_organized/garden_00020/3DCR@low.png,71.48340606689453,0.3910732865333557,0.6914777159690857,2.4361544111100133
3DCR,low,garden,00021,/work/u4546465/evaluation/CAT3DGSPro_organized/garden_00021/3DCR@low.png,71.73455047607422,0.33617255091667175,0.5297273993492126,1.8949770585780086
3DCR,low,garden,00022,/work/u4546465/evaluation/CAT3DGSPro_organized/garden_00022/3DCR@low.png,70.50619506835938,0.3697734475135803,0.6592580080032349,1.7764488730618007
3DCR,low,garden,00023,/work/u4546465/evaluation/CAT3DGSPro_organized/garden_00023/3DCR@low.png,72.07825469970703,0.38363170623779297,0.6543323397636414,1.989197887731265
3DCR,low,kitchen,00000,/work/u4546465/evaluation/CAT3DGSPro_organized/kitchen_00000/3DCR@low.png,64.13238525390625,0.3518889546394348,0.4127255976200104,4.109646762264508
3DCR,low,kitchen,00001,/work/u4546465/evaluation/CAT3DGSPro_organized/kitchen_00001/3DCR@low.png,61.83959197998047,0.28605958819389343,0.313172847032547,3.4427823350983497
3DCR,low,kitchen,00002,/work/u4546465/evaluation/CAT3DGSPro_organized/kitchen_00002/3DCR@low.png,68.89305114746094,0.29200467467308044,0.380702942609787,3.320626893957417
3DCR,low,kitchen,00003,/work/u4546465/evaluation/CAT3DGSPro_organized/kitchen_00003/3DCR@low.png,65.51648712158203,0.31757310032844543,0.3729448914527893,3.5780881370036486
3DCR,low,kitchen,00004,/work/u4546465/evaluation/CAT3DGSPro_organized/kitchen_00004/3DCR@low.png,71.62351989746094,0.3473239243030548,0.44380974769592285,3.7714887965265116
3DCR,low,kitchen,00005,/work/u4546465/evaluation/CAT3DGSPro_organized/kitchen_00005/3DCR@low.png,66.90375518798828,0.30832937359809875,0.344896525144577,3.7158266503946393
3DCR,low,kitchen,00006,/work/u4546465/evaluation/CAT3DGSPro_organized/kitchen_00006/3DCR@low.png,65.68914794921875,0.35277101397514343,0.41091880202293396,4.059886739692228
3DCR,low,kitchen,00007,/work/u4546465/evaluation/CAT3DGSPro_organized/kitchen_00007/3DCR@low.png,72.8586654663086,0.34470465779304504,0.46306824684143066,3.6866945443279997
3DCR,low,kitchen,00008,/work/u4546465/evaluation/CAT3DGSPro_organized/kitchen_00008/3DCR@low.png,70.83942413330078,0.31057825684547424,0.43737173080444336,3.4478084254091104
3DCR,low,kitchen,00009,/work/u4546465/evaluation/CAT3DGSPro_organized/kitchen_00009/3DCR@low.png,64.8376235961914,0.28679609298706055,0.38780876994132996,3.956048571464164
3DCR,low,kitchen,00010,/work/u4546465/evaluation/CAT3DGSPro_organized/kitchen_00010/3DCR@low.png,68.6357650756836,0.31836631894111633,0.41913673281669617,3.7211062896900824
3DCR,low,kitchen,00011,/work/u4546465/evaluation/CAT3DGSPro_organized/kitchen_00011/3DCR@low.png,66.16580963134766,0.3180672228336334,0.4391520917415619,3.9256116279247686
3DCR,low,kitchen,00012,/work/u4546465/evaluation/CAT3DGSPro_organized/kitchen_00012/3DCR@low.png,69.28812408447266,0.3483901917934418,0.3935294449329376,3.581407161968252
3DCR,low,kitchen,00013,/work/u4546465/evaluation/CAT3DGSPro_organized/kitchen_00013/3DCR@low.png,68.10741424560547,0.30555403232574463,0.3923279643058777,3.8051135541139565
3DCR,low,kitchen,00014,/work/u4546465/evaluation/CAT3DGSPro_organized/kitchen_00014/3DCR@low.png,73.08323669433594,0.31818392872810364,0.4165378510951996,3.4541502092206278
3DCR,low,kitchen,00015,/work/u4546465/evaluation/CAT3DGSPro_organized/kitchen_00015/3DCR@low.png,63.85886764526367,0.32140427827835083,0.3901692032814026,4.082462304928124
3DCR,low,kitchen,00016,/work/u4546465/evaluation/CAT3DGSPro_organized/kitchen_00016/3DCR@low.png,66.08592987060547,0.3190743625164032,0.4624037742614746,3.6865481853469486
3DCR,low,kitchen,00017,/work/u4546465/evaluation/CAT3DGSPro_organized/kitchen_00017/3DCR@low.png,72.34351348876953,0.29480913281440735,0.39648541808128357,3.5465779737586676
3DCR,low,kitchen,00018,/work/u4546465/evaluation/CAT3DGSPro_organized/kitchen_00018/3DCR@low.png,66.75182342529297,0.335734099149704,0.36530449986457825,3.622643831865041
3DCR,low,kitchen,00019,/work/u4546465/evaluation/CAT3DGSPro_organized/kitchen_00019/3DCR@low.png,68.95287322998047,0.30999264121055603,0.36676791310310364,3.5820373542366752
3DCR,low,kitchen,00020,/work/u4546465/evaluation/CAT3DGSPro_organized/kitchen_00020/3DCR@low.png,68.71016693115234,0.3385891318321228,0.3768947422504425,3.6071859709441294
3DCR,low,kitchen,00021,/work/u4546465/evaluation/CAT3DGSPro_organized/kitchen_00021/3DCR@low.png,68.04351043701172,0.35668641328811646,0.43036624789237976,3.624970615451909
3DCR,low,kitchen,00022,/work/u4546465/evaluation/CAT3DGSPro_organized/kitchen_00022/3DCR@low.png,63.58277130126953,0.2998237907886505,0.33753496408462524,3.864525765197752
3DCR,low,kitchen,00023,/work/u4546465/evaluation/CAT3DGSPro_organized/kitchen_00023/3DCR@low.png,64.57676696777344,0.2908824384212494,0.3472108840942383,3.7414887330836346
3DCR,low,kitchen,00024,/work/u4546465/evaluation/CAT3DGSPro_organized/kitchen_00024/3DCR@low.png,71.68773651123047,0.34202101826667786,0.46489015221595764,3.7493486185625406
3DCR,low,kitchen,00025,/work/u4546465/evaluation/CAT3DGSPro_organized/kitchen_00025/3DCR@low.png,65.56078338623047,0.2780526578426361,0.320554256439209,3.5711896935003704
3DCR,low,kitchen,00026,/work/u4546465/evaluation/CAT3DGSPro_organized/kitchen_00026/3DCR@low.png,67.59733581542969,0.34220635890960693,0.44148752093315125,3.5177342875298434
3DCR,low,kitchen,00027,/work/u4546465/evaluation/CAT3DGSPro_organized/kitchen_00027/3DCR@low.png,65.72366333007812,0.3074006140232086,0.39691901206970215,3.9262409229247277
3DCR,low,kitchen,00028,/work/u4546465/evaluation/CAT3DGSPro_organized/kitchen_00028/3DCR@low.png,72.20539093017578,0.3528241217136383,0.47750982642173767,3.694313590283276
3DCR,low,kitchen,00029,/work/u4546465/evaluation/CAT3DGSPro_organized/kitchen_00029/3DCR@low.png,68.03994750976562,0.32207438349723816,0.4366014003753662,3.8285987285140717
3DCR,low,kitchen,00030,/work/u4546465/evaluation/CAT3DGSPro_organized/kitchen_00030/3DCR@low.png,71.54143524169922,0.3037175238132477,0.4296033978462219,3.3178812949909893
3DCR,low,kitchen,00031,/work/u4546465/evaluation/CAT3DGSPro_organized/kitchen_00031/3DCR@low.png,72.37225341796875,0.3196311295032501,0.4209568202495575,3.5171584181594917
3DCR,low,kitchen,00032,/work/u4546465/evaluation/CAT3DGSPro_organized/kitchen_00032/3DCR@low.png,66.3664321899414,0.3007049858570099,0.42188605666160583,4.026346224548941
3DCR,low,kitchen,00033,/work/u4546465/evaluation/CAT3DGSPro_organized/kitchen_00033/3DCR@low.png,65.55510711669922,0.3414889872074127,0.4273224472999573,4.159395400371093
3DCR,low,kitchen,00034,/work/u4546465/evaluation/CAT3DGSPro_organized/kitchen_00034/3DCR@low.png,71.31598663330078,0.3166464567184448,0.3984367847442627,3.33649645957687
3DCR,low,room,00000,/work/u4546465/evaluation/CAT3DGSPro_organized/room_00000/3DCR@low.png,43.92277526855469,0.2676611542701721,0.31705495715141296,3.751309089276875
3DCR,low,room,00001,/work/u4546465/evaluation/CAT3DGSPro_organized/room_00001/3DCR@low.png,44.61262893676758,0.2481098175048828,0.2759224474430084,3.4299345383407993
3DCR,low,room,00002,/work/u4546465/evaluation/CAT3DGSPro_organized/room_00002/3DCR@low.png,54.066490173339844,0.2668641209602356,0.35274240374565125,3.7681731769527196
3DCR,low,room,00003,/work/u4546465/evaluation/CAT3DGSPro_organized/room_00003/3DCR@low.png,53.181087493896484,0.23414044082164764,0.251556932926178,4.074219992020129
3DCR,low,room,00004,/work/u4546465/evaluation/CAT3DGSPro_organized/room_00004/3DCR@low.png,43.01828384399414,0.23239722847938538,0.3331705629825592,3.255371381672741
3DCR,low,room,00005,/work/u4546465/evaluation/CAT3DGSPro_organized/room_00005/3DCR@low.png,53.26799774169922,0.3004942238330841,0.34655171632766724,2.632136683290347
3DCR,low,room,00006,/work/u4546465/evaluation/CAT3DGSPro_organized/room_00006/3DCR@low.png,48.66004180908203,0.2518250346183777,0.3116423487663269,2.9938437885629154
3DCR,low,room,00007,/work/u4546465/evaluation/CAT3DGSPro_organized/room_00007/3DCR@low.png,47.949371337890625,0.25950300693511963,0.35835108160972595,2.845224502645494
3DCR,low,room,00008,/work/u4546465/evaluation/CAT3DGSPro_organized/room_00008/3DCR@low.png,54.52478790283203,0.26816490292549133,0.38920608162879944,2.686319050969916
3DCR,low,room,00009,/work/u4546465/evaluation/CAT3DGSPro_organized/room_00009/3DCR@low.png,44.90735626220703,0.23883675038814545,0.2917335033416748,4.9363133627591855
3DCR,low,room,00010,/work/u4546465/evaluation/CAT3DGSPro_organized/room_00010/3DCR@low.png,36.12701416015625,0.3495715856552124,0.25175103545188904,5.484347577180631
3DCR,low,room,00011,/work/u4546465/evaluation/CAT3DGSPro_organized/room_00011/3DCR@low.png,46.51803207397461,0.34302860498428345,0.2441491186618805,5.32271821984444
3DCR,low,room,00012,/work/u4546465/evaluation/CAT3DGSPro_organized/room_00012/3DCR@low.png,52.94978332519531,0.2460472285747528,0.37830719351768494,3.0432203283049706
3DCR,low,room,00013,/work/u4546465/evaluation/CAT3DGSPro_organized/room_00013/3DCR@low.png,49.59037780761719,0.23286496102809906,0.2628994882106781,2.9302757609856367
3DCR,low,room,00014,/work/u4546465/evaluation/CAT3DGSPro_organized/room_00014/3DCR@low.png,50.882537841796875,0.25364771485328674,0.34389829635620117,2.9690762460709488
3DCR,low,room,00015,/work/u4546465/evaluation/CAT3DGSPro_organized/room_00015/3DCR@low.png,49.03319549560547,0.2501355707645416,0.34536558389663696,3.1565304732286883
3DCR,low,room,00016,/work/u4546465/evaluation/CAT3DGSPro_organized/room_00016/3DCR@low.png,52.60040283203125,0.2600325644016266,0.33208370208740234,2.5115105456666407
3DCR,low,room,00017,/work/u4546465/evaluation/CAT3DGSPro_organized/room_00017/3DCR@low.png,44.36772918701172,0.23973184823989868,0.2976824939250946,2.8168049686443584
3DCR,low,room,00018,/work/u4546465/evaluation/CAT3DGSPro_organized/room_00018/3DCR@low.png,54.32264709472656,0.2740788161754608,0.34930118918418884,3.0305570034234424
3DCR,low,room,00019,/work/u4546465/evaluation/CAT3DGSPro_organized/room_00019/3DCR@low.png,41.79186248779297,0.24284681677818298,0.27614450454711914,4.078420825038727
3DCR,low,room,00020,/work/u4546465/evaluation/CAT3DGSPro_organized/room_00020/3DCR@low.png,52.38927459716797,0.3694505989551544,0.34034401178359985,3.3830584907758117
3DCR,low,room,00021,/work/u4546465/evaluation/CAT3DGSPro_organized/room_00021/3DCR@low.png,51.34751892089844,0.23540353775024414,0.2955613434314728,2.6326642660559747
3DCR,low,room,00022,/work/u4546465/evaluation/CAT3DGSPro_organized/room_00022/3DCR@low.png,46.45001983642578,0.23157940804958344,0.25644659996032715,2.7832801149452875
3DCR,low,room,00023,/work/u4546465/evaluation/CAT3DGSPro_organized/room_00023/3DCR@low.png,55.961402893066406,0.2543916404247284,0.3102978467941284,3.155052250846453
3DCR,low,room,00024,/work/u4546465/evaluation/CAT3DGSPro_organized/room_00024/3DCR@low.png,48.85167694091797,0.22573746740818024,0.32412537932395935,3.416103823674568
3DCR,low,room,00025,/work/u4546465/evaluation/CAT3DGSPro_organized/room_00025/3DCR@low.png,49.737579345703125,0.25641730427742004,0.35148388147354126,2.996144799956443
3DCR,low,room,00026,/work/u4546465/evaluation/CAT3DGSPro_organized/room_00026/3DCR@low.png,51.220489501953125,0.2634802758693695,0.3620356619358063,2.904936366998267
3DCR,low,room,00027,/work/u4546465/evaluation/CAT3DGSPro_organized/room_00027/3DCR@low.png,55.589439392089844,0.2473391741514206,0.33087068796157837,4.034763372640258
3DCR,low,room,00028,/work/u4546465/evaluation/CAT3DGSPro_organized/room_00028/3DCR@low.png,55.06559371948242,0.255691260099411,0.30263078212738037,3.3295286865022993
3DCR,low,room,00029,/work/u4546465/evaluation/CAT3DGSPro_organized/room_00029/3DCR@low.png,53.87297058105469,0.2559325695037842,0.42419177293777466,2.74597404924836
3DCR,low,room,00030,/work/u4546465/evaluation/CAT3DGSPro_organized/room_00030/3DCR@low.png,54.34091567993164,0.2730161249637604,0.3108247220516205,3.3962463381516126
3DCR,low,room,00031,/work/u4546465/evaluation/CAT3DGSPro_organized/room_00031/3DCR@low.png,54.720375061035156,0.2763141095638275,0.34972506761550903,3.5423198670755225
3DCR,low,room,00032,/work/u4546465/evaluation/CAT3DGSPro_organized/room_00032/3DCR@low.png,40.0637321472168,0.19815818965435028,0.2861250638961792,4.940976333028219
3DCR,low,room,00033,/work/u4546465/evaluation/CAT3DGSPro_organized/room_00033/3DCR@low.png,50.68944549560547,0.2598279118537903,0.3660191595554352,2.717257480608956
3DCR,low,room,00034,/work/u4546465/evaluation/CAT3DGSPro_organized/room_00034/3DCR@low.png,47.84246826171875,0.24620118737220764,0.34529414772987366,3.423523718869325
3DCR,low,room,00035,/work/u4546465/evaluation/CAT3DGSPro_organized/room_00035/3DCR@low.png,43.00823211669922,0.2899809777736664,0.256451278924942,3.7919287415143974
3DCR,low,room,00036,/work/u4546465/evaluation/CAT3DGSPro_organized/room_00036/3DCR@low.png,40.50202178955078,0.2583441138267517,0.3318389356136322,4.47450524547922
3DCR,low,room,00037,/work/u4546465/evaluation/CAT3DGSPro_organized/room_00037/3DCR@low.png,58.511837005615234,0.2853860855102539,0.3627754747867584,2.6058609195217595
3DCR,low,room,00038,/work/u4546465/evaluation/CAT3DGSPro_organized/room_00038/3DCR@low.png,55.58039855957031,0.23861169815063477,0.4390362799167633,2.6038109801379643
3DCR,low,stump,00000,/work/u4546465/evaluation/CAT3DGSPro_organized/stump_00000/3DCR@low.png,58.032989501953125,0.2718709707260132,0.40457239747047424,3.3818033070425435
3DCR,low,stump,00001,/work/u4546465/evaluation/CAT3DGSPro_organized/stump_00001/3DCR@low.png,59.6268196105957,0.24249494075775146,0.45210695266723633,3.424056950096052
3DCR,low,stump,00002,/work/u4546465/evaluation/CAT3DGSPro_organized/stump_00002/3DCR@low.png,57.946327209472656,0.23800218105316162,0.43137073516845703,3.3591703928855505
3DCR,low,stump,00003,/work/u4546465/evaluation/CAT3DGSPro_organized/stump_00003/3DCR@low.png,60.04792785644531,0.25079774856567383,0.48669081926345825,3.053502134451948
3DCR,low,stump,00004,/work/u4546465/evaluation/CAT3DGSPro_organized/stump_00004/3DCR@low.png,57.89801025390625,0.238595649600029,0.5037966966629028,3.2011274934566636
3DCR,low,stump,00005,/work/u4546465/evaluation/CAT3DGSPro_organized/stump_00005/3DCR@low.png,60.39692687988281,0.269317090511322,0.3687931299209595,3.55418169478277
3DCR,low,stump,00006,/work/u4546465/evaluation/CAT3DGSPro_organized/stump_00006/3DCR@low.png,64.07721710205078,0.25902482867240906,0.5220815539360046,3.350963501014307
3DCR,low,stump,00007,/work/u4546465/evaluation/CAT3DGSPro_organized/stump_00007/3DCR@low.png,50.49657440185547,0.22649969160556793,0.3526487350463867,3.8975366584211564
3DCR,low,stump,00008,/work/u4546465/evaluation/CAT3DGSPro_organized/stump_00008/3DCR@low.png,60.508323669433594,0.27002084255218506,0.49576815962791443,3.229137674408204
3DCR,low,stump,00009,/work/u4546465/evaluation/CAT3DGSPro_organized/stump_00009/3DCR@low.png,60.0498046875,0.24319253861904144,0.5286960005760193,3.2587439794526176
3DCR,low,stump,00010,/work/u4546465/evaluation/CAT3DGSPro_organized/stump_00010/3DCR@low.png,62.43180847167969,0.2697041630744934,0.4020434021949768,3.489934395134934
3DCR,low,stump,00011,/work/u4546465/evaluation/CAT3DGSPro_organized/stump_00011/3DCR@low.png,59.7088623046875,0.27271875739097595,0.4012828767299652,3.4767346392098726
3DCR,low,stump,00012,/work/u4546465/evaluation/CAT3DGSPro_organized/stump_00012/3DCR@low.png,57.38737487792969,0.26433438062667847,0.39285269379615784,3.4344907547779333
3DCR,low,stump,00013,/work/u4546465/evaluation/CAT3DGSPro_organized/stump_00013/3DCR@low.png,60.84601593017578,0.2652628421783447,0.3966464102268219,3.587505550803461
3DCR,low,stump,00014,/work/u4546465/evaluation/CAT3DGSPro_organized/stump_00014/3DCR@low.png,62.111000061035156,0.2656223475933075,0.3863842189311981,3.6635281184347774
3DCR,low,stump,00015,/work/u4546465/evaluation/CAT3DGSPro_organized/stump_00015/3DCR@low.png,57.744728088378906,0.27125898003578186,0.4658186137676239,3.445026232205082
3DCR,low,treehill,00000,/work/u4546465/evaluation/CAT3DGSPro_organized/treehill_00000/3DCR@low.png,57.06037521362305,0.26270684599876404,0.4229190945625305,2.5370051069374653
3DCR,low,treehill,00001,/work/u4546465/evaluation/CAT3DGSPro_organized/treehill_00001/3DCR@low.png,57.22297668457031,0.27969270944595337,0.5009685158729553,2.4902550371745065
3DCR,low,treehill,00002,/work/u4546465/evaluation/CAT3DGSPro_organized/treehill_00002/3DCR@low.png,60.10101318359375,0.28332582116127014,0.4800010621547699,2.4574718312506083
3DCR,low,treehill,00003,/work/u4546465/evaluation/CAT3DGSPro_organized/treehill_00003/3DCR@low.png,62.68865203857422,0.27837637066841125,0.5173611640930176,2.3275898323382602
3DCR,low,treehill,00004,/work/u4546465/evaluation/CAT3DGSPro_organized/treehill_00004/3DCR@low.png,59.36433029174805,0.30192244052886963,0.4441467225551605,2.491548101763933
3DCR,low,treehill,00005,/work/u4546465/evaluation/CAT3DGSPro_organized/treehill_00005/3DCR@low.png,55.2624626159668,0.27891772985458374,0.4603891968727112,2.622278424442841
3DCR,low,treehill,00006,/work/u4546465/evaluation/CAT3DGSPro_organized/treehill_00006/3DCR@low.png,56.40439987182617,0.265117347240448,0.49746543169021606,2.468976256321955
3DCR,low,treehill,00007,/work/u4546465/evaluation/CAT3DGSPro_organized/treehill_00007/3DCR@low.png,57.40103530883789,0.2800251543521881,0.47632333636283875,2.426418235348115
3DCR,low,treehill,00008,/work/u4546465/evaluation/CAT3DGSPro_organized/treehill_00008/3DCR@low.png,58.8671875,0.2673388719558716,0.4766612946987152,2.4857146072652094
3DCR,low,treehill,00009,/work/u4546465/evaluation/CAT3DGSPro_organized/treehill_00009/3DCR@low.png,55.39039611816406,0.2903769314289093,0.46797600388526917,2.5179872415806304
3DCR,low,treehill,00010,/work/u4546465/evaluation/CAT3DGSPro_organized/treehill_00010/3DCR@low.png,51.37800598144531,0.27013203501701355,0.4758254587650299,2.6973739681521702
3DCR,low,treehill,00011,/work/u4546465/evaluation/CAT3DGSPro_organized/treehill_00011/3DCR@low.png,52.33749008178711,0.28429895639419556,0.5224366188049316,2.652280497668565
3DCR,low,treehill,00012,/work/u4546465/evaluation/CAT3DGSPro_organized/treehill_00012/3DCR@low.png,53.53977584838867,0.2796861529350281,0.5175397992134094,2.4903496394828113
3DCR,low,treehill,00013,/work/u4546465/evaluation/CAT3DGSPro_organized/treehill_00013/3DCR@low.png,58.89337158203125,0.2766241431236267,0.49235230684280396,2.559300213884946
3DCR,low,treehill,00014,/work/u4546465/evaluation/CAT3DGSPro_organized/treehill_00014/3DCR@low.png,57.054710388183594,0.27930811047554016,0.4237770140171051,3.0270407557625667
3DCR,low,treehill,00015,/work/u4546465/evaluation/CAT3DGSPro_organized/treehill_00015/3DCR@low.png,60.745338439941406,0.26906922459602356,0.4794347882270813,2.359807537879795
3DCR,low,treehill,00016,/work/u4546465/evaluation/CAT3DGSPro_organized/treehill_00016/3DCR@low.png,53.04593276977539,0.28872445225715637,0.5046424269676208,2.651389751151094
3DCR,low,treehill,00017,/work/u4546465/evaluation/CAT3DGSPro_organized/treehill_00017/3DCR@low.png,58.629093170166016,0.294454962015152,0.470112144947052,2.8232895646850915
3DCR,mid,bicycle,00000,/work/u4546465/evaluation/CAT3DGSPro_organized/bicycle_00000/3DCR@mid.png,69.2313003540039,0.3285297155380249,0.45500245690345764,2.6862541263965216
3DCR,mid,bicycle,00001,/work/u4546465/evaluation/CAT3DGSPro_organized/bicycle_00001/3DCR@mid.png,69.8094711303711,0.3191448152065277,0.37223637104034424,2.378249893895129
3DCR,mid,bicycle,00002,/work/u4546465/evaluation/CAT3DGSPro_organized/bicycle_00002/3DCR@mid.png,71.8477554321289,0.349320650100708,0.45710164308547974,2.23869035619664
3DCR,mid,bicycle,00003,/work/u4546465/evaluation/CAT3DGSPro_organized/bicycle_00003/3DCR@mid.png,73.69457244873047,0.34751075506210327,0.46963953971862793,2.256442789926209
3DCR,mid,bicycle,00004,/work/u4546465/evaluation/CAT3DGSPro_organized/bicycle_00004/3DCR@mid.png,67.02720642089844,0.29505062103271484,0.43021079897880554,2.567048716453026
3DCR,mid,bicycle,00005,/work/u4546465/evaluation/CAT3DGSPro_organized/bicycle_00005/3DCR@mid.png,74.21408081054688,0.33138442039489746,0.47454124689102173,2.7475813770233457
3DCR,mid,bicycle,00006,/work/u4546465/evaluation/CAT3DGSPro_organized/bicycle_00006/3DCR@mid.png,73.63520050048828,0.3444524109363556,0.458149254322052,2.3819743826226523
3DCR,mid,bicycle,00007,/work/u4546465/evaluation/CAT3DGSPro_organized/bicycle_00007/3DCR@mid.png,70.16024017333984,0.3163258135318756,0.44049057364463806,2.572530651993039
3DCR,mid,bicycle,00008,/work/u4546465/evaluation/CAT3DGSPro_organized/bicycle_00008/3DCR@mid.png,73.02130889892578,0.3344632089138031,0.38017913699150085,2.670288618818909
3DCR,mid,bicycle,00009,/work/u4546465/evaluation/CAT3DGSPro_organized/bicycle_00009/3DCR@mid.png,74.33390808105469,0.33443301916122437,0.46498093008995056,2.827596028383229
3DCR,mid,bicycle,00010,/work/u4546465/evaluation/CAT3DGSPro_organized/bicycle_00010/3DCR@mid.png,73.12592315673828,0.3531920313835144,0.4549643099308014,2.1975798930079633
3DCR,mid,bicycle,00011,/work/u4546465/evaluation/CAT3DGSPro_organized/bicycle_00011/3DCR@mid.png,71.90765380859375,0.35966238379478455,0.45998668670654297,2.4064404922922003
3DCR,mid,bicycle,00012,/work/u4546465/evaluation/CAT3DGSPro_organized/bicycle_00012/3DCR@mid.png,66.79031372070312,0.31466442346572876,0.3753840923309326,2.1927089352397853
3DCR,mid,bicycle,00013,/work/u4546465/evaluation/CAT3DGSPro_organized/bicycle_00013/3DCR@mid.png,69.79600524902344,0.29128599166870117,0.4307272136211395,2.4240287948602113
3DCR,mid,bicycle,00014,/work/u4546465/evaluation/CAT3DGSPro_organized/bicycle_00014/3DCR@mid.png,72.67330169677734,0.33992668986320496,0.43828535079956055,2.2482536302914267
3DCR,mid,bicycle,00015,/work/u4546465/evaluation/CAT3DGSPro_organized/bicycle_00015/3DCR@mid.png,72.80968475341797,0.33636900782585144,0.4205892086029053,2.448790270323236
3DCR,mid,bicycle,00016,/work/u4546465/evaluation/CAT3DGSPro_organized/bicycle_00016/3DCR@mid.png,72.476806640625,0.3545979857444763,0.41841956973075867,2.3448028281864772
3DCR,mid,bicycle,00017,/work/u4546465/evaluation/CAT3DGSPro_organized/bicycle_00017/3DCR@mid.png,62.676605224609375,0.28437334299087524,0.33935579657554626,2.5048427688499393
3DCR,mid,bicycle,00018,/work/u4546465/evaluation/CAT3DGSPro_organized/bicycle_00018/3DCR@mid.png,66.38485717773438,0.28866079449653625,0.45822086930274963,2.688890031377305
3DCR,mid,bicycle,00019,/work/u4546465/evaluation/CAT3DGSPro_organized/bicycle_00019/3DCR@mid.png,70.13890838623047,0.34213554859161377,0.44861850142478943,2.392180902305414
3DCR,mid,bicycle,00020,/work/u4546465/evaluation/CAT3DGSPro_organized/bicycle_00020/3DCR@mid.png,68.07573699951172,0.3284766972064972,0.42274975776672363,2.848677149691537
3DCR,mid,bicycle,00021,/work/u4546465/evaluation/CAT3DGSPro_organized/bicycle_00021/3DCR@mid.png,72.66468811035156,0.34472447633743286,0.3968472182750702,2.386752938771083
3DCR,mid,bicycle,00022,/work/u4546465/evaluation/CAT3DGSPro_organized/bicycle_00022/3DCR@mid.png,72.48651123046875,0.36752772331237793,0.4515300393104553,2.523257603315702
3DCR,mid,bicycle,00023,/work/u4546465/evaluation/CAT3DGSPro_organized/bicycle_00023/3DCR@mid.png,72.05101776123047,0.35187456011772156,0.4092491567134857,2.358386686277719
3DCR,mid,bicycle,00024,/work/u4546465/evaluation/CAT3DGSPro_organized/bicycle_00024/3DCR@mid.png,71.18855285644531,0.3373570144176483,0.476786345243454,2.898108757437742
3DCR,mid,bonsai,00000,/work/u4546465/evaluation/CAT3DGSPro_organized/bonsai_00000/3DCR@mid.png,60.97248840332031,0.22077414393424988,0.29995450377464294,3.6312434960267357
3DCR,mid,bonsai,00001,/work/u4546465/evaluation/CAT3DGSPro_organized/bonsai_00001/3DCR@mid.png,64.12518310546875,0.264143168926239,0.29644593596458435,4.7901927403357485
3DCR,mid,bonsai,00002,/work/u4546465/evaluation/CAT3DGSPro_organized/bonsai_00002/3DCR@mid.png,64.34056854248047,0.26914605498313904,0.3722712993621826,4.300635136993092
3DCR,mid,bonsai,00003,/work/u4546465/evaluation/CAT3DGSPro_organized/bonsai_00003/3DCR@mid.png,60.455604553222656,0.3083531856536865,0.35173794627189636,5.0573022175104745
3DCR,mid,bonsai,00004,/work/u4546465/evaluation/CAT3DGSPro_organized/bonsai_00004/3DCR@mid.png,62.102500915527344,0.24650001525878906,0.27373653650283813,4.5603502585843785
3DCR,mid,bonsai,00005,/work/u4546465/evaluation/CAT3DGSPro_organized/bonsai_00005/3DCR@mid.png,62.92070007324219,0.1992948204278946,0.28576764464378357,3.593307419280793
3DCR,mid,bonsai,00006,/work/u4546465/evaluation/CAT3DGSPro_organized/bonsai_00006/3DCR@mid.png,63.04071044921875,0.23099669814109802,0.31949642300605774,3.973890117093372
3DCR,mid,bonsai,00007,/work/u4546465/evaluation/CAT3DGSPro_organized/bonsai_00007/3DCR@mid.png,60.34619903564453,0.23003961145877838,0.3303968608379364,3.8910575615968095
3DCR,mid,bonsai,00008,/work/u4546465/evaluation/CAT3DGSPro_organized/bonsai_00008/3DCR@mid.png,62.59254455566406,0.19609524309635162,0.3379002511501312,3.858314266104543
3DCR,mid,bonsai,00009,/work/u4546465/evaluation/CAT3DGSPro_organized/bonsai_00009/3DCR@mid.png,61.49336242675781,0.23527483642101288,0.34400150179862976,4.026477714845906
3DCR,mid,bonsai,00010,/work/u4546465/evaluation/CAT3DGSPro_organized/bonsai_00010/3DCR@mid.png,61.424659729003906,0.21441218256950378,0.27233585715293884,4.460090299674463
3DCR,mid,bonsai,00011,/work/u4546465/evaluation/CAT3DGSPro_organized/bonsai_00011/3DCR@mid.png,63.57292556762695,0.26215115189552307,0.31930968165397644,4.1551270134855365
3DCR,mid,bonsai,00012,/work/u4546465/evaluation/CAT3DGSPro_organized/bonsai_00012/3DCR@mid.png,51.29608154296875,0.2112504094839096,0.2945898175239563,4.269902531579221
3DCR,mid,bonsai,00013,/work/u4546465/evaluation/CAT3DGSPro_organized/bonsai_00013/3DCR@mid.png,57.46481704711914,0.22613294422626495,0.244731143116951,4.411872819888553
3DCR,mid,bonsai,00014,/work/u4546465/evaluation/CAT3DGSPro_organized/bonsai_00014/3DCR@mid.png,59.44512176513672,0.20759885013103485,0.27175620198249817,4.055486457689801
3DCR,mid,bonsai,00015,/work/u4546465/evaluation/CAT3DGSPro_organized/bonsai_00015/3DCR@mid.png,55.76872253417969,0.31775808334350586,0.3508090376853943,4.674345545140728
3DCR,mid,bonsai,00016,/work/u4546465/evaluation/CAT3DGSPro_organized/bonsai_00016/3DCR@mid.png,63.647682189941406,0.2437833845615387,0.27499207854270935,4.442155525102073
3DCR,mid,bonsai,00017,/work/u4546465/evaluation/CAT3DGSPro_organized/bonsai_00017/3DCR@mid.png,62.77017593383789,0.26406970620155334,0.2965906858444214,4.510733898168977
3DCR,mid,bonsai,00018,/work/u4546465/evaluation/CAT3DGSPro_organized/bonsai_00018/3DCR@mid.png,60.99348449707031,0.2269098311662674,0.2923787534236908,4.1903017520841415
3DCR,mid,bonsai,00019,/work/u4546465/evaluation/CAT3DGSPro_organized/bonsai_00019/3DCR@mid.png,62.89088821411133,0.2600465714931488,0.34732237458229065,3.919900089660685
3DCR,mid,bonsai,00020,/work/u4546465/evaluation/CAT3DGSPro_organized/bonsai_00020/3DCR@mid.png,59.518394470214844,0.2231600433588028,0.2537056803703308,4.00303021136477
3DCR,mid,bonsai,00021,/work/u4546465/evaluation/CAT3DGSPro_organized/bonsai_00021/3DCR@mid.png,61.71677780151367,0.2398529201745987,0.2917514443397522,4.275906535581214
3DCR,mid,bonsai,00022,/work/u4546465/evaluation/CAT3DGSPro_organized/bonsai_00022/3DCR@mid.png,62.907012939453125,0.26122379302978516,0.27568817138671875,4.792050277172425
3DCR,mid,bonsai,00023,/work/u4546465/evaluation/CAT3DGSPro_organized/bonsai_00023/3DCR@mid.png,59.06172180175781,0.2583826780319214,0.2794477045536041,4.796931014469843
3DCR,mid,bonsai,00024,/work/u4546465/evaluation/CAT3DGSPro_organized/bonsai_00024/3DCR@mid.png,64.05314636230469,0.25118058919906616,0.34633922576904297,3.889464160971239
3DCR,mid,bonsai,00025,/work/u4546465/evaluation/CAT3DGSPro_organized/bonsai_00025/3DCR@mid.png,63.243186950683594,0.25232094526290894,0.2930464446544647,4.4522429460310295
3DCR,mid,bonsai,00026,/work/u4546465/evaluation/CAT3DGSPro_organized/bonsai_00026/3DCR@mid.png,64.84557342529297,0.27511754631996155,0.31859642267227173,4.509568385143167
3DCR,mid,bonsai,00027,/work/u4546465/evaluation/CAT3DGSPro_organized/bonsai_00027/3DCR@mid.png,62.43193817138672,0.2392750382423401,0.3540198504924774,4.1153178894599955
3DCR,mid,bonsai,00028,/work/u4546465/evaluation/CAT3DGSPro_organized/bonsai_00028/3DCR@mid.png,60.346580505371094,0.2614128589630127,0.25771620869636536,4.652913554519262
3DCR,mid,bonsai,00029,/work/u4546465/evaluation/CAT3DGSPro_organized/bonsai_00029/3DCR@mid.png,65.1568832397461,0.2461981177330017,0.4394746422767639,3.940848559213368
3DCR,mid,bonsai,00030,/work/u4546465/evaluation/CAT3DGSPro_organized/bonsai_00030/3DCR@mid.png,58.794918060302734,0.2679329514503479,0.3160814046859741,3.9067839253164904
3DCR,mid,bonsai,00031,/work/u4546465/evaluation/CAT3DGSPro_organized/bonsai_00031/3DCR@mid.png,57.77464294433594,0.19799792766571045,0.2869719862937927,4.2329923706320685
3DCR,mid,bonsai,00032,/work/u4546465/evaluation/CAT3DGSPro_organized/bonsai_00032/3DCR@mid.png,59.28449249267578,0.23987405002117157,0.28068026900291443,4.367169948684541
3DCR,mid,bonsai,00033,/work/u4546465/evaluation/CAT3DGSPro_organized/bonsai_00033/3DCR@mid.png,61.34840393066406,0.22679419815540314,0.32447028160095215,3.9736366552650284
3DCR,mid,bonsai,00034,/work/u4546465/evaluation/CAT3DGSPro_organized/bonsai_00034/3DCR@mid.png,62.94916534423828,0.2701728045940399,0.28300246596336365,4.462490438705014
3DCR,mid,bonsai,00035,/work/u4546465/evaluation/CAT3DGSPro_organized/bonsai_00035/3DCR@mid.png,58.14801025390625,0.2486613392829895,0.31269869208335876,4.255694864683241
3DCR,mid,bonsai,00036,/work/u4546465/evaluation/CAT3DGSPro_organized/bonsai_00036/3DCR@mid.png,59.259376525878906,0.24987144768238068,0.30128034949302673,3.9830617456565354
3DCR,mid,counter,00000,/work/u4546465/evaluation/CAT3DGSPro_organized/counter_00000/3DCR@mid.png,67.44143676757812,0.2732521593570709,0.40067654848098755,3.5529210534332933
3DCR,mid,counter,00001,/work/u4546465/evaluation/CAT3DGSPro_organized/counter_00001/3DCR@mid.png,64.88516998291016,0.29347142577171326,0.39529284834861755,3.7152918896373377
3DCR,mid,counter,00002,/work/u4546465/evaluation/CAT3DGSPro_organized/counter_00002/3DCR@mid.png,62.570072174072266,0.2725904881954193,0.37037035822868347,3.8033698397798186
3DCR,mid,counter,00003,/work/u4546465/evaluation/CAT3DGSPro_organized/counter_00003/3DCR@mid.png,63.77581024169922,0.27714934945106506,0.4158436954021454,3.7446094234606084
3DCR,mid,counter,00004,/work/u4546465/evaluation/CAT3DGSPro_organized/counter_00004/3DCR@mid.png,63.97620391845703,0.25907203555107117,0.4026295840740204,3.864012589499185
3DCR,mid,counter,00005,/work/u4546465/evaluation/CAT3DGSPro_organized/counter_00005/3DCR@mid.png,61.59731674194336,0.2503049969673157,0.3196808099746704,3.8144011102232063
3DCR,mid,counter,00006,/work/u4546465/evaluation/CAT3DGSPro_organized/counter_00006/3DCR@mid.png,64.44841766357422,0.2716432809829712,0.38630491495132446,3.611175591584606
3DCR,mid,counter,00007,/work/u4546465/evaluation/CAT3DGSPro_organized/counter_00007/3DCR@mid.png,61.65117645263672,0.24998414516448975,0.35348960757255554,3.857975292424094
3DCR,mid,counter,00008,/work/u4546465/evaluation/CAT3DGSPro_organized/counter_00008/3DCR@mid.png,65.04364776611328,0.261660099029541,0.3213993012905121,3.487757312761588
3DCR,mid,counter,00009,/work/u4546465/evaluation/CAT3DGSPro_organized/counter_00009/3DCR@mid.png,60.79279708862305,0.26463595032691956,0.4315384030342102,3.631146108037681
3DCR,mid,counter,00010,/work/u4546465/evaluation/CAT3DGSPro_organized/counter_00010/3DCR@mid.png,62.344085693359375,0.28474071621894836,0.31687653064727783,3.673762060138341
3DCR,mid,counter,00011,/work/u4546465/evaluation/CAT3DGSPro_organized/counter_00011/3DCR@mid.png,59.41642379760742,0.27316561341285706,0.3971728980541229,4.041835452004864
3DCR,mid,counter,00012,/work/u4546465/evaluation/CAT3DGSPro_organized/counter_00012/3DCR@mid.png,60.008548736572266,0.25769704580307007,0.3633303642272949,3.7317185625214044
3DCR,mid,counter,00013,/work/u4546465/evaluation/CAT3DGSPro_organized/counter_00013/3DCR@mid.png,62.869056701660156,0.27943453192710876,0.3840014636516571,3.7229693029971673
3DCR,mid,counter,00014,/work/u4546465/evaluation/CAT3DGSPro_organized/counter_00014/3DCR@mid.png,49.646461486816406,0.23880623281002045,0.3513430058956146,4.1959654304084575
3DCR,mid,counter,00015,/work/u4546465/evaluation/CAT3DGSPro_organized/counter_00015/3DCR@mid.png,62.03532028198242,0.2638281583786011,0.3760886788368225,3.748046514534951
3DCR,mid,counter,00016,/work/u4546465/evaluation/CAT3DGSPro_organized/counter_00016/3DCR@mid.png,56.98578643798828,0.24118751287460327,0.3953004777431488,3.980042659092659
3DCR,mid,counter,00017,/work/u4546465/evaluation/CAT3DGSPro_organized/counter_00017/3DCR@mid.png,57.57036209106445,0.2538510262966156,0.3746156394481659,3.8678195858123128
3DCR,mid,counter,00018,/work/u4546465/evaluation/CAT3DGSPro_organized/counter_00018/3DCR@mid.png,54.321441650390625,0.25118136405944824,0.34715864062309265,4.112885894151168
3DCR,mid,counter,00019,/work/u4546465/evaluation/CAT3DGSPro_organized/counter_00019/3DCR@mid.png,56.32609558105469,0.22787955403327942,0.29276928305625916,4.220278235420142
3DCR,mid,counter,00020,/work/u4546465/evaluation/CAT3DGSPro_organized/counter_00020/3DCR@mid.png,45.02140426635742,0.24370592832565308,0.32127076387405396,4.839074129273645
3DCR,mid,counter,00021,/work/u4546465/evaluation/CAT3DGSPro_organized/counter_00021/3DCR@mid.png,58.12483215332031,0.2603132426738739,0.3806822896003723,4.16121081477359
3DCR,mid,counter,00022,/work/u4546465/evaluation/CAT3DGSPro_organized/counter_00022/3DCR@mid.png,61.97490692138672,0.2561684250831604,0.386476069688797,3.7851723427774258
3DCR,mid,counter,00023,/work/u4546465/evaluation/CAT3DGSPro_organized/counter_00023/3DCR@mid.png,45.587860107421875,0.22208991646766663,0.3856346607208252,4.220146706197188
3DCR,mid,counter,00024,/work/u4546465/evaluation/CAT3DGSPro_organized/counter_00024/3DCR@mid.png,59.63795471191406,0.278092622756958,0.3708128035068512,3.9735269175498056
3DCR,mid,counter,00025,/work/u4546465/evaluation/CAT3DGSPro_organized/counter_00025/3DCR@mid.png,64.27782440185547,0.25377359986305237,0.30543097853660583,3.763787826236957
3DCR,mid,counter,00026,/work/u4546465/evaluation/CAT3DGSPro_organized/counter_00026/3DCR@mid.png,60.410011291503906,0.27982714772224426,0.35372015833854675,3.6146612388728534
3DCR,mid,counter,00027,/work/u4546465/evaluation/CAT3DGSPro_organized/counter_00027/3DCR@mid.png,63.3116569519043,0.28113630414009094,0.3505418300628662,3.712109509472742
3DCR,mid,counter,00028,/work/u4546465/evaluation/CAT3DGSPro_organized/counter_00028/3DCR@mid.png,58.92504119873047,0.25090983510017395,0.36965662240982056,3.901678690320468
3DCR,mid,counter,00029,/work/u4546465/evaluation/CAT3DGSPro_organized/counter_00029/3DCR@mid.png,64.69840240478516,0.2919970452785492,0.4437747895717621,3.6589703583424815
3DCR,mid,flowers,00000,/work/u4546465/evaluation/CAT3DGSPro_organized/flowers_00000/3DCR@mid.png,72.91646575927734,0.3314952850341797,0.6087309718132019,2.2745287195156383
3DCR,mid,flowers,00001,/work/u4546465/evaluation/CAT3DGSPro_organized/flowers_00001/3DCR@mid.png,74.77080535888672,0.3472108840942383,0.6427139639854431,2.2568199647748846
3DCR,mid,flowers,00002,/work/u4546465/evaluation/CAT3DGSPro_organized/flowers_00002/3DCR@mid.png,73.6219711303711,0.33420780301094055,0.5950517058372498,2.0366419346055458
3DCR,mid,flowers,00003,/work/u4546465/evaluation/CAT3DGSPro_organized/flowers_00003/3DCR@mid.png,74.1518783569336,0.3345949053764343,0.6246172785758972,2.251654464570473
3DCR,mid,flowers,00004,/work/u4546465/evaluation/CAT3DGSPro_organized/flowers_00004/3DCR@mid.png,73.12805938720703,0.3310481905937195,0.5620560646057129,2.3069985884574904
3DCR,mid,flowers,00005,/work/u4546465/evaluation/CAT3DGSPro_organized/flowers_00005/3DCR@mid.png,71.48397064208984,0.3049376904964447,0.5465642809867859,1.9888034168630762
3DCR,mid,flowers,00006,/work/u4546465/evaluation/CAT3DGSPro_organized/flowers_00006/3DCR@mid.png,74.39159393310547,0.3470897376537323,0.6108354926109314,2.1859462769328006
3DCR,mid,flowers,00007,/work/u4546465/evaluation/CAT3DGSPro_organized/flowers_00007/3DCR@mid.png,72.83663940429688,0.33528533577919006,0.5982640385627747,2.3688348912726
3DCR,mid,flowers,00008,/work/u4546465/evaluation/CAT3DGSPro_organized/flowers_00008/3DCR@mid.png,74.32685089111328,0.3236333131790161,0.6211948990821838,1.941215182507433
3DCR,mid,flowers,00009,/work/u4546465/evaluation/CAT3DGSPro_organized/flowers_00009/3DCR@mid.png,74.49927520751953,0.34270423650741577,0.6142207980155945,2.1212112929121854
3DCR,mid,flowers,00010,/work/u4546465/evaluation/CAT3DGSPro_organized/flowers_00010/3DCR@mid.png,74.18094635009766,0.3403688371181488,0.6318925619125366,2.0266964227899487
3DCR,mid,flowers,00011,/work/u4546465/evaluation/CAT3DGSPro_organized/flowers_00011/3DCR@mid.png,74.10089111328125,0.34183141589164734,0.6160419583320618,2.315237088245958
3DCR,mid,flowers,00012,/work/u4546465/evaluation/CAT3DGSPro_organized/flowers_00012/3DCR@mid.png,71.64412689208984,0.29701077938079834,0.5825104713439941,2.382184773132293
3DCR,mid,flowers,00013,/work/u4546465/evaluation/CAT3DGSPro_organized/flowers_00013/3DCR@mid.png,74.17715454101562,0.34768790006637573,0.606198787689209,2.1561570190479564
3DCR,mid,flowers,00014,/work/u4546465/evaluation/CAT3DGSPro_organized/flowers_00014/3DCR@mid.png,73.73410034179688,0.3262905776500702,0.5846887826919556,2.180619624945519
3DCR,mid,flowers,00015,/work/u4546465/evaluation/CAT3DGSPro_organized/flowers_00015/3DCR@mid.png,71.24390411376953,0.3088401257991791,0.5133380889892578,2.2286538910237237
3DCR,mid,flowers,00016,/work/u4546465/evaluation/CAT3DGSPro_organized/flowers_00016/3DCR@mid.png,73.90288543701172,0.3322295546531677,0.620663046836853,1.939075705248159
3DCR,mid,flowers,00017,/work/u4546465/evaluation/CAT3DGSPro_organized/flowers_00017/3DCR@mid.png,73.93480682373047,0.34374773502349854,0.632322371006012,2.0709485424739107
3DCR,mid,flowers,00018,/work/u4546465/evaluation/CAT3DGSPro_organized/flowers_00018/3DCR@mid.png,74.50064849853516,0.3296566605567932,0.6148673892021179,2.277168011781517
3DCR,mid,flowers,00019,/work/u4546465/evaluation/CAT3DGSPro_organized/flowers_00019/3DCR@mid.png,73.03077697753906,0.32221460342407227,0.600704550743103,1.973146714378784
3DCR,mid,flowers,00020,/work/u4546465/evaluation/CAT3DGSPro_organized/flowers_00020/3DCR@mid.png,73.12430572509766,0.316103458404541,0.5897790789604187,2.0393618059492926
3DCR,mid,flowers,00021,/work/u4546465/evaluation/CAT3DGSPro_organized/flowers_00021/3DCR@mid.png,75.06226348876953,0.3543645143508911,0.6789717674255371,2.118615894691048
3DCR,mid,garden,00000,/work/u4546465/evaluation/CAT3DGSPro_organized/garden_00000/3DCR@mid.png,72.44646453857422,0.3783317506313324,0.5637565851211548,2.3102147804893653
3DCR,mid,garden,00001,/work/u4546465/evaluation/CAT3DGSPro_organized/garden_00001/3DCR@mid.png,72.25977325439453,0.38913974165916443,0.6751696467399597,1.9971339041352625
3DCR,mid,garden,00002,/work/u4546465/evaluation/CAT3DGSPro_organized/garden_00002/3DCR@mid.png,72.65229797363281,0.39062315225601196,0.6426421999931335,2.121787055624349
3DCR,mid,garden,00003,/work/u4546465/evaluation/CAT3DGSPro_organized/garden_00003/3DCR@mid.png,73.6150131225586,0.37626078724861145,0.5593236684799194,2.3278502092687905
3DCR,mid,garden,00004,/work/u4546465/evaluation/CAT3DGSPro_organized/garden_00004/3DCR@mid.png,74.19265747070312,0.37272578477859497,0.5648917555809021,1.940128486369845
3DCR,mid,garden,00005,/work/u4546465/evaluation/CAT3DGSPro_organized/garden_00005/3DCR@mid.png,72.5162353515625,0.3778389096260071,0.6666262745857239,2.0702969018991637
3DCR,mid,garden,00006,/work/u4546465/evaluation/CAT3DGSPro_organized/garden_00006/3DCR@mid.png,73.18724060058594,0.37061962485313416,0.6334426999092102,1.9302915152663702
3DCR,mid,garden,00007,/work/u4546465/evaluation/CAT3DGSPro_organized/garden_00007/3DCR@mid.png,72.70459747314453,0.40552613139152527,0.6581229567527771,2.4098231092084346
3DCR,mid,garden,00008,/work/u4546465/evaluation/CAT3DGSPro_organized/garden_00008/3DCR@mid.png,71.69831085205078,0.3952542543411255,0.6985301375389099,2.031461225899686
3DCR,mid,garden,00009,/work/u4546465/evaluation/CAT3DGSPro_organized/garden_00009/3DCR@mid.png,72.23243713378906,0.37626218795776367,0.6077083945274353,2.168044135845988
3DCR,mid,garden,00010,/work/u4546465/evaluation/CAT3DGSPro_organized/garden_00010/3DCR@mid.png,72.42945861816406,0.3806702494621277,0.6116167306900024,2.191886149638745
3DCR,mid,garden,00011,/work/u4546465/evaluation/CAT3DGSPro_organized/garden_00011/3DCR@mid.png,72.31902313232422,0.37001365423202515,0.6424664258956909,2.2467301817370715
3DCR,mid,garden,00012,/work/u4546465/evaluation/CAT3DGSPro_organized/garden_00012/3DCR@mid.png,73.2991714477539,0.3869240880012512,0.6957876086235046,2.1095687265587886
3DCR,mid,garden,00013,/work/u4546465/evaluation/CAT3DGSPro_organized/garden_00013/3DCR@mid.png,72.8335952758789,0.38576123118400574,0.638032853603363,2.1780393999675005
3DCR,mid,garden,00014,/work/u4546465/evaluation/CAT3DGSPro_organized/garden_00014/3DCR@mid.png,72.69051361083984,0.3844405710697174,0.6261506676673889,2.293536814683496
3DCR,mid,garden,00015,/work/u4546465/evaluation/CAT3DGSPro_organized/garden_00015/3DCR@mid.png,72.67317962646484,0.3941803574562073,0.6943935751914978,2.129080281480621
3DCR,mid,garden,00016,/work/u4546465/evaluation/CAT3DGSPro_organized/garden_00016/3DCR@mid.png,74.45450592041016,0.3985010087490082,0.68319171667099,2.382033633374928
3DCR,mid,garden,00017,/work/u4546465/evaluation/CAT3DGSPro_organized/garden_00017/3DCR@mid.png,71.85619354248047,0.3668879270553589,0.569344699382782,2.020195610568872
3DCR,mid,garden,00018,/work/u4546465/evaluation/CAT3DGSPro_organized/garden_00018/3DCR@mid.png,74.25312042236328,0.3926783800125122,0.6414790153503418,2.0321189361707326
3DCR,mid,garden,00019,/work/u4546465/evaluation/CAT3DGSPro_organized/garden_00019/3DCR@mid.png,74.02790069580078,0.37018823623657227,0.6484372019767761,1.9128272814493992
3DCR,mid,garden,00020,/work/u4546465/evaluation/CAT3DGSPro_organized/garden_00020/3DCR@mid.png,72.25756072998047,0.4149169325828552,0.7023815512657166,2.661109214882319
3DCR,mid,garden,00021,/work/u4546465/evaluation/CAT3DGSPro_organized/garden_00021/3DCR@mid.png,72.00936126708984,0.34819743037223816,0.5514047145843506,2.0136386300655595
3DCR,mid,garden,00022,/work/u4546465/evaluation/CAT3DGSPro_organized/garden_00022/3DCR@mid.png,71.6922836303711,0.38189804553985596,0.6828364729881287,1.9075542759292992
3DCR,mid,garden,00023,/work/u4546465/evaluation/CAT3DGSPro_organized/garden_00023/3DCR@mid.png,72.91780853271484,0.39639437198638916,0.6830106377601624,2.15375221519317
3DCR,mid,kitchen,00000,/work/u4546465/evaluation/CAT3DGSPro_organized/kitchen_00000/3DCR@mid.png,64.69418334960938,0.35165444016456604,0.42067089676856995,4.195712902534348
3DCR,mid,kitchen,00001,/work/u4546465/evaluation/CAT3DGSPro_organized/kitchen_00001/3DCR@mid.png,62.03957748413086,0.28035932779312134,0.3000349998474121,3.6466777541900197
3DCR,mid,kitchen,00002,/work/u4546465/evaluation/CAT3DGSPro_organized/kitchen_00002/3DCR@mid.png,68.97296142578125,0.2994251847267151,0.3701868951320648,3.2887941224051556
3DCR,mid,kitchen,00003,/work/u4546465/evaluation/CAT3DGSPro_organized/kitchen_00003/3DCR@mid.png,65.64112091064453,0.32312220335006714,0.3674492835998535,3.4843216218999573
3DCR,mid,kitchen,00004,/work/u4546465/evaluation/CAT3DGSPro_organized/kitchen_00004/3DCR@mid.png,71.47429656982422,0.352182000875473,0.43186917901039124,3.9098038206211734
3DCR,mid,kitchen,00005,/work/u4546465/evaluation/CAT3DGSPro_organized/kitchen_00005/3DCR@mid.png,67.07490539550781,0.3159596025943756,0.34546032547950745,3.7880382905544634
3DCR,mid,kitchen,00006,/work/u4546465/evaluation/CAT3DGSPro_organized/kitchen_00006/3DCR@mid.png,65.19758605957031,0.3503186106681824,0.3979368209838867,4.00024685390034
3DCR,mid,kitchen,00007,/work/u4546465/evaluation/CAT3DGSPro_organized/kitchen_00007/3DCR@mid.png,72.86576080322266,0.3433917760848999,0.4795966148376465,3.736857794255257
3DCR,mid,kitchen,00008,/work/u4546465/evaluation/CAT3DGSPro_organized/kitchen_00008/3DCR@mid.png,71.21126556396484,0.3101561367511749,0.42955708503723145,3.4327494975768014
3DCR,mid,kitchen,00009,/work/u4546465/evaluation/CAT3DGSPro_organized/kitchen_00009/3DCR@mid.png,64.57748413085938,0.27821746468544006,0.4092913568019867,4.1774885031286875
3DCR,mid,kitchen,00010,/work/u4546465/evaluation/CAT3DGSPro_organized/kitchen_00010/3DCR@mid.png,69.78333282470703,0.32248687744140625,0.43876057863235474,3.839033707018704
3DCR,mid,kitchen,00011,/work/u4546465/evaluation/CAT3DGSPro_organized/kitchen_00011/3DCR@mid.png,66.42117309570312,0.31597021222114563,0.44371476769447327,3.8736994972287446
3DCR,mid,kitchen,00012,/work/u4546465/evaluation/CAT3DGSPro_organized/kitchen_00012/3DCR@mid.png,69.38240814208984,0.3614150583744049,0.4317989945411682,3.6409961818762127
3DCR,mid,kitchen,00013,/work/u4546465/evaluation/CAT3DGSPro_organized/kitchen_00013/3DCR@mid.png,69.29550170898438,0.31265392899513245,0.3739881217479706,3.718498768470231
3DCR,mid,kitchen,00014,/work/u4546465/evaluation/CAT3DGSPro_organized/kitchen_00014/3DCR@mid.png,71.83748626708984,0.3253588080406189,0.39209455251693726,3.499461044968259
3DCR,mid,kitchen,00015,/work/u4546465/evaluation/CAT3DGSPro_organized/kitchen_00015/3DCR@mid.png,65.26519012451172,0.32464301586151123,0.3972119688987732,4.064410341292479
3DCR,mid,kitchen,00016,/work/u4546465/evaluation/CAT3DGSPro_organized/kitchen_00016/3DCR@mid.png,65.6176528930664,0.3231535851955414,0.467450350522995,3.633382295508236
3DCR,mid,kitchen,00017,/work/u4546465/evaluation/CAT3DGSPro_organized/kitchen_00017/3DCR@mid.png,72.91307830810547,0.3083694875240326,0.4268255829811096,3.6718426578482894
3DCR,mid,kitchen,00018,/work/u4546465/evaluation/CAT3DGSPro_organized/kitchen_00018/3DCR@mid.png,67.39839935302734,0.3441736102104187,0.37754055857658386,3.675286507146685
3DCR,mid,kitchen,00019,/work/u4546465/evaluation/CAT3DGSPro_organized/kitchen_00019/3DCR@mid.png,69.3162612915039,0.311313658952713,0.4126667082309723,3.539463822865982
3DCR,mid,kitchen,00020,/work/u4546465/evaluation/CAT3DGSPro_organized/kitchen_00020/3DCR@mid.png,68.02002716064453,0.33922210335731506,0.3958671987056732,3.559791515857372
3DCR,mid,kitchen,00021,/work/u4546465/evaluation/CAT3DGSPro_organized/kitchen_00021/3DCR@mid.png,68.16942596435547,0.35992956161499023,0.45347705483436584,3.5725540103602156
3DCR,mid,kitchen,00022,/work/u4546465/evaluation/CAT3DGSPro_organized/kitchen_00022/3DCR@mid.png,63.765663146972656,0.2963961660861969,0.3397660255432129,4.1277331421609045
3DCR,mid,kitchen,00023,/work/u4546465/evaluation/CAT3DGSPro_organized/kitchen_00023/3DCR@mid.png,64.90729522705078,0.2888964116573334,0.3264940679073334,3.832263937162505
3DCR,mid,kitchen,00024,/work/u4546465/evaluation/CAT3DGSPro_organized/kitchen_00024/3DCR@mid.png,71.3655776977539,0.34727776050567627,0.47215038537979126,3.8085269621999425
3DCR,mid,kitchen,00025,/work/u4546465/evaluation/CAT3DGSPro_organized/kitchen_00025/3DCR@mid.png,67.04121398925781,0.28543761372566223,0.3197042942047119,3.7913105001674747
3DCR,mid,kitchen,00026,/work/u4546465/evaluation/CAT3DGSPro_organized/kitchen_00026/3DCR@mid.png,68.1012191772461,0.3510156273841858,0.4089876115322113,3.5633576667186
3DCR,mid,kitchen,00027,/work/u4546465/evaluation/CAT3DGSPro_organized/kitchen_00027/3DCR@mid.png,64.69112396240234,0.3140057325363159,0.3840450644493103,4.095800711469497
3DCR,mid,kitchen,00028,/work/u4546465/evaluation/CAT3DGSPro_organized/kitchen_00028/3DCR@mid.png,72.2360610961914,0.3546961843967438,0.4404001235961914,3.61814070010472
3DCR,mid,kitchen,00029,/work/u4546465/evaluation/CAT3DGSPro_organized/kitchen_00029/3DCR@mid.png,67.51126098632812,0.3241441249847412,0.41050273180007935,3.7766619482163257
3DCR,mid,kitchen,00030,/work/u4546465/evaluation/CAT3DGSPro_organized/kitchen_00030/3DCR@mid.png,72.2470932006836,0.30053064227104187,0.43161335587501526,3.5151215705559884
3DCR,mid,kitchen,00031,/work/u4546465/evaluation/CAT3DGSPro_organized/kitchen_00031/3DCR@mid.png,71.95799255371094,0.3254085183143616,0.43021631240844727,3.67357347917128
3DCR,mid,kitchen,00032,/work/u4546465/evaluation/CAT3DGSPro_organized/kitchen_00032/3DCR@mid.png,65.71522521972656,0.3050573766231537,0.45121708512306213,3.8275023551473613
3DCR,mid,kitchen,00033,/work/u4546465/evaluation/CAT3DGSPro_organized/kitchen_00033/3DCR@mid.png,65.29261016845703,0.34457847476005554,0.4509049952030182,4.127068808315933
3DCR,mid,kitchen,00034,/work/u4546465/evaluation/CAT3DGSPro_organized/kitchen_00034/3DCR@mid.png,70.44188690185547,0.31644147634506226,0.40972453355789185,3.362166190259918
3DCR,mid,room,00000,/work/u4546465/evaluation/CAT3DGSPro_organized/room_00000/3DCR@mid.png,46.81346130371094,0.27075913548469543,0.3348926603794098,4.124146653578701
3DCR,mid,room,00001,/work/u4546465/evaluation/CAT3DGSPro_organized/room_00001/3DCR@mid.png,43.824440002441406,0.24892264604568481,0.2838170528411865,3.757683115894139
3DCR,mid,room,00002,/work/u4546465/evaluation/CAT3DGSPro_organized/room_00002/3DCR@mid.png,55.878150939941406,0.27414971590042114,0.4143831729888916,3.614956410175111
3DCR,mid,room,00003,/work/u4546465/evaluation/CAT3DGSPro_organized/room_00003/3DCR@mid.png,52.44155502319336,0.2304796725511551,0.3128901422023773,3.8567975930727427
3DCR,mid,room,00004,/work/u4546465/evaluation/CAT3DGSPro_organized/room_00004/3DCR@mid.png,44.17900085449219,0.23383581638336182,0.3683949410915375,3.423395897231061
3DCR,mid,room,00005,/work/u4546465/evaluation/CAT3DGSPro_organized/room_00005/3DCR@mid.png,56.17483139038086,0.2988456189632416,0.38102468848228455,2.9761927288153593
3DCR,mid,room,00006,/work/u4546465/evaluation/CAT3DGSPro_organized/room_00006/3DCR@mid.png,50.27728271484375,0.25024551153182983,0.31904250383377075,3.24022174768448
3DCR,mid,room,00007,/work/u4546465/evaluation/CAT3DGSPro_organized/room_00007/3DCR@mid.png,50.77216339111328,0.25934335589408875,0.36886271834373474,3.094704512844159
3DCR,mid,room,00008,/work/u4546465/evaluation/CAT3DGSPro_organized/room_00008/3DCR@mid.png,56.17073059082031,0.275455504655838,0.4062463939189911,2.891960478778614
3DCR,mid,room,00009,/work/u4546465/evaluation/CAT3DGSPro_organized/room_00009/3DCR@mid.png,48.245357513427734,0.23839417099952698,0.2605157792568207,4.95253139450497
3DCR,mid,room,00010,/work/u4546465/evaluation/CAT3DGSPro_organized/room_00010/3DCR@mid.png,41.56566619873047,0.34953609108924866,0.2674899995326996,6.156377113195071
3DCR,mid,room,00011,/work/u4546465/evaluation/CAT3DGSPro_organized/room_00011/3DCR@mid.png,51.2905158996582,0.3398025631904602,0.2961065471172333,5.556805290849132
3DCR,mid,room,00012,/work/u4546465/evaluation/CAT3DGSPro_organized/room_00012/3DCR@mid.png,51.93851852416992,0.25066930055618286,0.39147260785102844,3.2752201352572126
3DCR,mid,room,00013,/work/u4546465/evaluation/CAT3DGSPro_organized/room_00013/3DCR@mid.png,47.77694320678711,0.23079591989517212,0.29087838530540466,3.231065739450932
3DCR,mid,room,00014,/work/u4546465/evaluation/CAT3DGSPro_organized/room_00014/3DCR@mid.png,52.661415100097656,0.2547056972980499,0.3606846034526825,3.103537944051535
3DCR,mid,room,00015,/work/u4546465/evaluation/CAT3DGSPro_organized/room_00015/3DCR@mid.png,52.864295959472656,0.261812299489975,0.4053727090358734,3.349704240450726
3DCR,mid,room,00016,/work/u4546465/evaluation/CAT3DGSPro_organized/room_00016/3DCR@mid.png,56.352962493896484,0.28031647205352783,0.3566124439239502,2.79650987358578
3DCR,mid,room,00017,/work/u4546465/evaluation/CAT3DGSPro_organized/room_00017/3DCR@mid.png,45.074241638183594,0.23746654391288757,0.27764853835105896,3.2748198857455075
3DCR,mid,room,00018,/work/u4546465/evaluation/CAT3DGSPro_organized/room_00018/3DCR@mid.png,57.17131423950195,0.27762559056282043,0.38438597321510315,3.102973558291351
3DCR,mid,room,00019,/work/u4546465/evaluation/CAT3DGSPro_organized/room_00019/3DCR@mid.png,45.97035217285156,0.25111067295074463,0.27125096321105957,4.004254967262064
3DCR,mid,room,00020,/work/u4546465/evaluation/CAT3DGSPro_organized/room_00020/3DCR@mid.png,56.11531066894531,0.3667433261871338,0.37849709391593933,3.873811216732156
3DCR,mid,room,00021,/work/u4546465/evaluation/CAT3DGSPro_organized/room_00021/3DCR@mid.png,54.64125061035156,0.24166461825370789,0.34918636083602905,2.9236611395816787
3DCR,mid,room,00022,/work/u4546465/evaluation/CAT3DGSPro_organized/room_00022/3DCR@mid.png,50.853858947753906,0.24174995720386505,0.26986274123191833,2.9785927579964904
3DCR,mid,room,00023,/work/u4546465/evaluation/CAT3DGSPro_organized/room_00023/3DCR@mid.png,57.892208099365234,0.2544361650943756,0.35703030228614807,3.2220859858818076
3DCR,mid,room,00024,/work/u4546465/evaluation/CAT3DGSPro_organized/room_00024/3DCR@mid.png,48.362117767333984,0.22865059971809387,0.32618650794029236,3.566551509780363
3DCR,mid,room,00025,/work/u4546465/evaluation/CAT3DGSPro_organized/room_00025/3DCR@mid.png,51.73054504394531,0.2637051045894623,0.3886675536632538,3.233641904285274
3DCR,mid,room,00026,/work/u4546465/evaluation/CAT3DGSPro_organized/room_00026/3DCR@mid.png,54.29541015625,0.27323755621910095,0.4390939176082611,3.077162021188488
3DCR,mid,room,00027,/work/u4546465/evaluation/CAT3DGSPro_organized/room_00027/3DCR@mid.png,55.658504486083984,0.24430929124355316,0.35473570227622986,3.8301796907419936
3DCR,mid,room,00028,/work/u4546465/evaluation/CAT3DGSPro_organized/room_00028/3DCR@mid.png,57.5212516784668,0.25390321016311646,0.32605287432670593,3.358119044513536
3DCR,mid,room,00029,/work/u4546465/evaluation/CAT3DGSPro_organized/room_00029/3DCR@mid.png,55.1640625,0.26931285858154297,0.450038343667984,2.9839046089989725
3DCR,mid,room,00030,/work/u4546465/evaluation/CAT3DGSPro_organized/room_00030/3DCR@mid.png,55.888671875,0.273433119058609,0.33803173899650574,3.4933123198213183
3DCR,mid,room,00031,/work/u4546465/evaluation/CAT3DGSPro_organized/room_00031/3DCR@mid.png,56.99365234375,0.28574246168136597,0.4119234085083008,3.4050024778024217
3DCR,mid,room,00032,/work/u4546465/evaluation/CAT3DGSPro_organized/room_00032/3DCR@mid.png,40.06180953979492,0.19908730685710907,0.26062947511672974,4.95817049578729
3DCR,mid,room,00033,/work/u4546465/evaluation/CAT3DGSPro_organized/room_00033/3DCR@mid.png,52.42560577392578,0.26765307784080505,0.3967702090740204,2.97501224804684
3DCR,mid,room,00034,/work/u4546465/evaluation/CAT3DGSPro_organized/room_00034/3DCR@mid.png,49.958091735839844,0.25949805974960327,0.3507274091243744,3.7359444814092084
3DCR,mid,room,00035,/work/u4546465/evaluation/CAT3DGSPro_organized/room_00035/3DCR@mid.png,44.00576400756836,0.2754099667072296,0.25695183873176575,4.472097916913808
3DCR,mid,room,00036,/work/u4546465/evaluation/CAT3DGSPro_organized/room_00036/3DCR@mid.png,46.632835388183594,0.25327372550964355,0.3401198983192444,3.9794215485673616
3DCR,mid,room,00037,/work/u4546465/evaluation/CAT3DGSPro_organized/room_00037/3DCR@mid.png,59.064430236816406,0.29125234484672546,0.37554866075515747,2.966109021749859
3DCR,mid,room,00038,/work/u4546465/evaluation/CAT3DGSPro_organized/room_00038/3DCR@mid.png,57.651634216308594,0.2501087486743927,0.45041534304618835,2.9112009795895046
3DCR,mid,stump,00000,/work/u4546465/evaluation/CAT3DGSPro_organized/stump_00000/3DCR@mid.png,58.93878936767578,0.2753235399723053,0.3794870674610138,3.355717747590908
3DCR,mid,stump,00001,/work/u4546465/evaluation/CAT3DGSPro_organized/stump_00001/3DCR@mid.png,61.072669982910156,0.2567014992237091,0.41214752197265625,3.0053158038426773
3DCR,mid,stump,00002,/work/u4546465/evaluation/CAT3DGSPro_organized/stump_00002/3DCR@mid.png,59.057281494140625,0.25563207268714905,0.3740663528442383,3.158874798290442
3DCR,mid,stump,00003,/work/u4546465/evaluation/CAT3DGSPro_organized/stump_00003/3DCR@mid.png,60.48155975341797,0.26959937810897827,0.4163227081298828,2.821174898970592
3DCR,mid,stump,00004,/work/u4546465/evaluation/CAT3DGSPro_organized/stump_00004/3DCR@mid.png,58.74248123168945,0.2449600100517273,0.43835145235061646,3.1065211712036027
3DCR,mid,stump,00005,/work/u4546465/evaluation/CAT3DGSPro_organized/stump_00005/3DCR@mid.png,60.759437561035156,0.27359265089035034,0.3752155005931854,3.447686228059657
3DCR,mid,stump,00006,/work/u4546465/evaluation/CAT3DGSPro_organized/stump_00006/3DCR@mid.png,66.79503631591797,0.2666676342487335,0.45475244522094727,3.077646213166381
3DCR,mid,stump,00007,/work/u4546465/evaluation/CAT3DGSPro_organized/stump_00007/3DCR@mid.png,51.555641174316406,0.2416217029094696,0.29061195254325867,3.6870653910651883
3DCR,mid,stump,00008,/work/u4546465/evaluation/CAT3DGSPro_organized/stump_00008/3DCR@mid.png,61.91920471191406,0.2739109694957733,0.4337123930454254,3.1242026515595502
3DCR,mid,stump,00009,/work/u4546465/evaluation/CAT3DGSPro_organized/stump_00009/3DCR@mid.png,60.29204177856445,0.25953298807144165,0.4570225775241852,3.1161202595017508
3DCR,mid,stump,00010,/work/u4546465/evaluation/CAT3DGSPro_organized/stump_00010/3DCR@mid.png,64.23381805419922,0.2751685380935669,0.39120277762413025,3.382868572588077
3DCR,mid,stump,00011,/work/u4546465/evaluation/CAT3DGSPro_organized/stump_00011/3DCR@mid.png,60.4166374206543,0.28243473172187805,0.37212899327278137,3.3445382591790827
3DCR,mid,stump,00012,/work/u4546465/evaluation/CAT3DGSPro_organized/stump_00012/3DCR@mid.png,59.261497497558594,0.276667982339859,0.3823641836643219,3.326649232806775
3DCR,mid,stump,00013,/work/u4546465/evaluation/CAT3DGSPro_organized/stump_00013/3DCR@mid.png,61.300811767578125,0.2696768045425415,0.39613041281700134,3.606361156696798
3DCR,mid,stump,00014,/work/u4546465/evaluation/CAT3DGSPro_organized/stump_00014/3DCR@mid.png,61.47344970703125,0.26978766918182373,0.4059542119503021,3.56466960681553
3DCR,mid,stump,00015,/work/u4546465/evaluation/CAT3DGSPro_organized/stump_00015/3DCR@mid.png,59.500762939453125,0.28269723057746887,0.40149375796318054,3.21648161602225
3DCR,mid,treehill,00000,/work/u4546465/evaluation/CAT3DGSPro_organized/treehill_00000/3DCR@mid.png,59.93708038330078,0.266578733921051,0.39331430196762085,2.539105269456362
3DCR,mid,treehill,00001,/work/u4546465/evaluation/CAT3DGSPro_organized/treehill_00001/3DCR@mid.png,60.340877532958984,0.28398826718330383,0.4593799114227295,2.3975294593548373
3DCR,mid,treehill,00002,/work/u4546465/evaluation/CAT3DGSPro_organized/treehill_00002/3DCR@mid.png,61.382118225097656,0.27725350856781006,0.43958303332328796,2.4210627264000983
3DCR,mid,treehill,00003,/work/u4546465/evaluation/CAT3DGSPro_organized/treehill_00003/3DCR@mid.png,63.98493576049805,0.28214725852012634,0.4754680097103119,2.2210111386328717
3DCR,mid,treehill,00004,/work/u4546465/evaluation/CAT3DGSPro_organized/treehill_00004/3DCR@mid.png,61.95674514770508,0.30491718649864197,0.4273177683353424,2.3023933703607025
3DCR,mid,treehill,00005,/work/u4546465/evaluation/CAT3DGSPro_organized/treehill_00005/3DCR@mid.png,56.544464111328125,0.2865108251571655,0.4463427662849426,2.5852421286558065
3DCR,mid,treehill,00006,/work/u4546465/evaluation/CAT3DGSPro_organized/treehill_00006/3DCR@mid.png,59.757728576660156,0.27744802832603455,0.4678468406200409,2.720999537600079
3DCR,mid,treehill,00007,/work/u4546465/evaluation/CAT3DGSPro_organized/treehill_00007/3DCR@mid.png,57.43812561035156,0.28698256611824036,0.44797730445861816,2.387382504258985
3DCR,mid,treehill,00008,/work/u4546465/evaluation/CAT3DGSPro_organized/treehill_00008/3DCR@mid.png,61.13214874267578,0.27878621220588684,0.4569684565067291,2.563885133986782
3DCR,mid,treehill,00009,/work/u4546465/evaluation/CAT3DGSPro_organized/treehill_00009/3DCR@mid.png,59.36118698120117,0.2898576855659485,0.42570334672927856,2.499801223240963
3DCR,mid,treehill,00010,/work/u4546465/evaluation/CAT3DGSPro_organized/treehill_00010/3DCR@mid.png,54.441688537597656,0.26132258772850037,0.4009508192539215,2.542195704806463
3DCR,mid,treehill,00011,/work/u4546465/evaluation/CAT3DGSPro_organized/treehill_00011/3DCR@mid.png,57.08642578125,0.2954708933830261,0.48463448882102966,2.666754158754483
3DCR,mid,treehill,00012,/work/u4546465/evaluation/CAT3DGSPro_organized/treehill_00012/3DCR@mid.png,59.14421081542969,0.2765490710735321,0.47684773802757263,2.5218757126241313
3DCR,mid,treehill,00013,/work/u4546465/evaluation/CAT3DGSPro_organized/treehill_00013/3DCR@mid.png,61.335296630859375,0.27153146266937256,0.45968517661094666,2.4933255241658077
3DCR,mid,treehill,00014,/work/u4546465/evaluation/CAT3DGSPro_organized/treehill_00014/3DCR@mid.png,58.178565979003906,0.2737966775894165,0.390170693397522,2.673817019541812
3DCR,mid,treehill,00015,/work/u4546465/evaluation/CAT3DGSPro_organized/treehill_00015/3DCR@mid.png,63.5710334777832,0.2748723030090332,0.46227702498435974,2.331906490926581
3DCR,mid,treehill,00016,/work/u4546465/evaluation/CAT3DGSPro_organized/treehill_00016/3DCR@mid.png,57.87678527832031,0.2984465956687927,0.46635541319847107,2.57454817617405
3DCR,mid,treehill,00017,/work/u4546465/evaluation/CAT3DGSPro_organized/treehill_00017/3DCR@mid.png,60.805599212646484,0.2961534261703491,0.5075386166572571,2.6656928820624937
HAC_ori,high,bicycle,00000,/work/u4546465/evaluation/HACplus+CR/HACplus+CR/HAC_ori/High (0.003)/bicycle/00000.png,70.24459075927734,0.3555377721786499,0.41757631301879883,2.7585640109512477
HAC_ori,high,bicycle,00001,/work/u4546465/evaluation/HACplus+CR/HACplus+CR/HAC_ori/High (0.003)/bicycle/00001.png,68.71981811523438,0.3220134973526001,0.43523749709129333,2.741352418885989
HAC_ori,high,bicycle,00002,/work/u4546465/evaluation/HACplus+CR/HACplus+CR/HAC_ori/High (0.003)/bicycle/00002.png,58.60441970825195,0.2819029688835144,0.42317041754722595,2.884381995000231
HAC_ori,high,bicycle,00003,/work/u4546465/evaluation/HACplus+CR/HACplus+CR/HAC_ori/High (0.003)/bicycle/00003.png,62.589271545410156,0.3116757869720459,0.47015616297721863,3.030064780848063
HAC_ori,high,bicycle,00004,/work/u4546465/evaluation/HACplus+CR/HACplus+CR/HAC_ori/High (0.003)/bicycle/00004.png,62.590179443359375,0.2848667502403259,0.4382690489292145,3.0732356179079794
HAC_ori,high,bicycle,00005,/work/u4546465/evaluation/HACplus+CR/HACplus+CR/HAC_ori/High (0.003)/bicycle/00005.png,61.76350402832031,0.3204314708709717,0.4482760429382324,2.7966901356866765
HAC_ori,high,bicycle,00006,/work/u4546465/evaluation/HACplus+CR/HACplus+CR/HAC_ori/High (0.003)/bicycle/00006.png,72.2154769897461,0.38218459486961365,0.49735432863235474,2.9335557218655177
HAC_ori,high,bicycle,00007,/work/u4546465/evaluation/HACplus+CR/HACplus+CR/HAC_ori/High (0.003)/bicycle/00007.png,72.44071197509766,0.3665892779827118,0.4458634853363037,2.94278856292035
HAC_ori,high,bicycle,00008,/work/u4546465/evaluation/HACplus+CR/HACplus+CR/HAC_ori/High (0.003)/bicycle/00008.png,65.8709487915039,0.30771270394325256,0.4717521369457245,2.9549161730380993
HAC_ori,high,bicycle,00009,/work/u4546465/evaluation/HACplus+CR/HACplus+CR/HAC_ori/High (0.003)/bicycle/00009.png,71.48787689208984,0.34947293996810913,0.47426795959472656,2.7389678401068545
HAC_ori,high,bicycle,00010,/work/u4546465/evaluation/HACplus+CR/HACplus+CR/HAC_ori/High (0.003)/bicycle/00010.png,70.75472259521484,0.3490191400051117,0.4674755036830902,2.765309514382918
HAC_ori,high,bicycle,00011,/work/u4546465/evaluation/HACplus+CR/HACplus+CR/HAC_ori/High (0.003)/bicycle/00011.png,62.39894104003906,0.3095710575580597,0.5014249682426453,2.8521270575897617
HAC_ori,high,bicycle,00012,/work/u4546465/evaluation/HACplus+CR/HACplus+CR/HAC_ori/High (0.003)/bicycle/00012.png,69.83141326904297,0.3647534251213074,0.476001113653183,2.9414514852026126
HAC_ori,high,bicycle,00013,/work/u4546465/evaluation/HACplus+CR/HACplus+CR/HAC_ori/High (0.003)/bicycle/00013.png,72.09502410888672,0.3821266293525696,0.4383127689361572,2.9946182639324
HAC_ori,high,bicycle,00014,/work/u4546465/evaluation/HACplus+CR/HACplus+CR/HAC_ori/High (0.003)/bicycle/00014.png,70.06175994873047,0.35261112451553345,0.460538387298584,3.1328554429476583
HAC_ori,high,bicycle,00015,/work/u4546465/evaluation/HACplus+CR/HACplus+CR/HAC_ori/High (0.003)/bicycle/00015.png,69.45790100097656,0.3650626540184021,0.46088895201683044,2.912202928370494
HAC_ori,high,bicycle,00016,/work/u4546465/evaluation/HACplus+CR/HACplus+CR/HAC_ori/High (0.003)/bicycle/00016.png,67.0169448852539,0.3259108364582062,0.5170478820800781,3.0089016273557476
HAC_ori,high,bicycle,00017,/work/u4546465/evaluation/HACplus+CR/HACplus+CR/HAC_ori/High (0.003)/bicycle/00017.png,72.68101501464844,0.3927866816520691,0.4595141112804413,3.087124768021596
HAC_ori,high,bicycle,00018,/work/u4546465/evaluation/HACplus+CR/HACplus+CR/HAC_ori/High (0.003)/bicycle/00018.png,72.79720306396484,0.36608660221099854,0.4151621460914612,3.168434872713365
HAC_ori,high,bicycle,00019,/work/u4546465/evaluation/HACplus+CR/HACplus+CR/HAC_ori/High (0.003)/bicycle/00019.png,70.860107421875,0.3578501045703888,0.45624810457229614,3.0295065657743625
HAC_ori,high,bicycle,00020,/work/u4546465/evaluation/HACplus+CR/HACplus+CR/HAC_ori/High (0.003)/bicycle/00020.png,73.40695190429688,0.3691301643848419,0.47227856516838074,2.7888827623762453
HAC_ori,high,bicycle,00021,/work/u4546465/evaluation/HACplus+CR/HACplus+CR/HAC_ori/High (0.003)/bicycle/00021.png,71.21819305419922,0.3413985073566437,0.5071440935134888,3.0698054017223684
HAC_ori,high,bicycle,00022,/work/u4546465/evaluation/HACplus+CR/HACplus+CR/HAC_ori/High (0.003)/bicycle/00022.png,72.20439910888672,0.37103521823883057,0.4273137152194977,2.942988112417485
HAC_ori,high,bicycle,00023,/work/u4546465/evaluation/HACplus+CR/HACplus+CR/HAC_ori/High (0.003)/bicycle/00023.png,72.1219482421875,0.33583495020866394,0.4523209035396576,3.062068425856243
HAC_ori,high,bicycle,00024,/work/u4546465/evaluation/HACplus+CR/HACplus+CR/HAC_ori/High (0.003)/bicycle/00024.png,71.95539093017578,0.3597926199436188,0.42315348982810974,3.229377325485136
HAC_ori,high,bonsai,00000,/work/u4546465/evaluation/HACplus+CR/HACplus+CR/HAC_ori/High (0.003)/bonsai/00000.png,57.023780822753906,0.25218629837036133,0.3193783462047577,4.788848112114421
HAC_ori,high,bonsai,00001,/work/u4546465/evaluation/HACplus+CR/HACplus+CR/HAC_ori/High (0.003)/bonsai/00001.png,61.02166748046875,0.25873178243637085,0.31512293219566345,4.7507998001673695
HAC_ori,high,bonsai,00002,/work/u4546465/evaluation/HACplus+CR/HACplus+CR/HAC_ori/High (0.003)/bonsai/00002.png,58.31574630737305,0.24553529918193817,0.3316713869571686,4.713780751780094
HAC_ori,high,bonsai,00003,/work/u4546465/evaluation/HACplus+CR/HACplus+CR/HAC_ori/High (0.003)/bonsai/00003.png,61.085506439208984,0.2524113953113556,0.38858234882354736,4.620980715811949
HAC_ori,high,bonsai,00004,/work/u4546465/evaluation/HACplus+CR/HACplus+CR/HAC_ori/High (0.003)/bonsai/00004.png,62.056339263916016,0.29416796565055847,0.41119319200515747,4.6574770989168055
HAC_ori,high,bonsai,00005,/work/u4546465/evaluation/HACplus+CR/HACplus+CR/HAC_ori/High (0.003)/bonsai/00005.png,60.98625946044922,0.26560428738594055,0.4038058817386627,4.70639611496799
HAC_ori,high,bonsai,00006,/work/u4546465/evaluation/HACplus+CR/HACplus+CR/HAC_ori/High (0.003)/bonsai/00006.png,62.505287170410156,0.23048165440559387,0.37843483686447144,4.533312977707069
HAC_ori,high,bonsai,00007,/work/u4546465/evaluation/HACplus+CR/HACplus+CR/HAC_ori/High (0.003)/bonsai/00007.png,62.68516540527344,0.26765188574790955,0.439188688993454,4.799898848094503
HAC_ori,high,bonsai,00008,/work/u4546465/evaluation/HACplus+CR/HACplus+CR/HAC_ori/High (0.003)/bonsai/00008.png,64.17003631591797,0.23663023114204407,0.41340357065200806,4.695104724125971
HAC_ori,high,bonsai,00009,/work/u4546465/evaluation/HACplus+CR/HACplus+CR/HAC_ori/High (0.003)/bonsai/00009.png,60.14068603515625,0.25906968116760254,0.40108489990234375,4.685731487804134
HAC_ori,high,bonsai,00010,/work/u4546465/evaluation/HACplus+CR/HACplus+CR/HAC_ori/High (0.003)/bonsai/00010.png,62.245361328125,0.27584943175315857,0.5599982142448425,4.819962071380167
HAC_ori,high,bonsai,00011,/work/u4546465/evaluation/HACplus+CR/HACplus+CR/HAC_ori/High (0.003)/bonsai/00011.png,60.07076644897461,0.2547513544559479,0.4050787091255188,5.0089887588408875
HAC_ori,high,bonsai,00012,/work/u4546465/evaluation/HACplus+CR/HACplus+CR/HAC_ori/High (0.003)/bonsai/00012.png,53.607276916503906,0.2168722301721573,0.37299785017967224,5.041287813770802
HAC_ori,high,bonsai,00013,/work/u4546465/evaluation/HACplus+CR/HACplus+CR/HAC_ori/High (0.003)/bonsai/00013.png,61.76930618286133,0.2816299498081207,0.49279364943504333,4.783104785451378
HAC_ori,high,bonsai,00014,/work/u4546465/evaluation/HACplus+CR/HACplus+CR/HAC_ori/High (0.003)/bonsai/00014.png,60.703712463378906,0.27405816316604614,0.4543054699897766,4.865978031369532
HAC_ori,high,bonsai,00015,/work/u4546465/evaluation/HACplus+CR/HACplus+CR/HAC_ori/High (0.003)/bonsai/00015.png,48.08514404296875,0.2396313101053238,0.38642317056655884,5.008284351935243
HAC_ori,high,bonsai,00016,/work/u4546465/evaluation/HACplus+CR/HACplus+CR/HAC_ori/High (0.003)/bonsai/00016.png,60.838375091552734,0.2633970379829407,0.42203617095947266,4.668269966476876
HAC_ori,high,bonsai,00017,/work/u4546465/evaluation/HACplus+CR/HACplus+CR/HAC_ori/High (0.003)/bonsai/00017.png,60.25920486450195,0.2899518311023712,0.4732063412666321,5.12080083649711
HAC_ori,high,bonsai,00018,/work/u4546465/evaluation/HACplus+CR/HACplus+CR/HAC_ori/High (0.003)/bonsai/00018.png,57.12739562988281,0.24239955842494965,0.32572489976882935,4.765545723794866
HAC_ori,high,bonsai,00019,/work/u4546465/evaluation/HACplus+CR/HACplus+CR/HAC_ori/High (0.003)/bonsai/00019.png,57.525875091552734,0.27327144145965576,0.34406787157058716,4.870719810537904
HAC_ori,high,bonsai,00020,/work/u4546465/evaluation/HACplus+CR/HACplus+CR/HAC_ori/High (0.003)/bonsai/00020.png,61.548851013183594,0.28093546628952026,0.34705090522766113,5.070083271038329
HAC_ori,high,bonsai,00021,/work/u4546465/evaluation/HACplus+CR/HACplus+CR/HAC_ori/High (0.003)/bonsai/00021.png,60.379913330078125,0.27494925260543823,0.32926565408706665,4.976716663695296
HAC_ori,high,bonsai,00022,/work/u4546465/evaluation/HACplus+CR/HACplus+CR/HAC_ori/High (0.003)/bonsai/00022.png,58.02459716796875,0.2967275381088257,0.3925405442714691,4.821058842485801
HAC_ori,high,bonsai,00023,/work/u4546465/evaluation/HACplus+CR/HACplus+CR/HAC_ori/High (0.003)/bonsai/00023.png,59.62246322631836,0.2905800938606262,0.3740865886211395,5.370183084721394
HAC_ori,high,bonsai,00024,/work/u4546465/evaluation/HACplus+CR/HACplus+CR/HAC_ori/High (0.003)/bonsai/00024.png,54.68317794799805,0.2850780785083771,0.3711002767086029,5.124699027983051
HAC_ori,high,bonsai,00025,/work/u4546465/evaluation/HACplus+CR/HACplus+CR/HAC_ori/High (0.003)/bonsai/00025.png,54.18509292602539,0.3440490663051605,0.5003070831298828,5.034955635526354
HAC_ori,high,bonsai,00026,/work/u4546465/evaluation/HACplus+CR/HACplus+CR/HAC_ori/High (0.003)/bonsai/00026.png,59.402259826660156,0.30626311898231506,0.3939681947231293,4.966710038990446
HAC_ori,high,bonsai,00027,/work/u4546465/evaluation/HACplus+CR/HACplus+CR/HAC_ori/High (0.003)/bonsai/00027.png,60.31993103027344,0.29651209712028503,0.39799848198890686,5.089386006616662
HAC_ori,high,bonsai,00028,/work/u4546465/evaluation/HACplus+CR/HACplus+CR/HAC_ori/High (0.003)/bonsai/00028.png,56.759552001953125,0.3191905617713928,0.4823049008846283,5.58799837243712
HAC_ori,high,bonsai,00029,/work/u4546465/evaluation/HACplus+CR/HACplus+CR/HAC_ori/High (0.003)/bonsai/00029.png,60.73871612548828,0.29462048411369324,0.3761521279811859,5.068306568815567
HAC_ori,high,bonsai,00030,/work/u4546465/evaluation/HACplus+CR/HACplus+CR/HAC_ori/High (0.003)/bonsai/00030.png,60.966102600097656,0.2963500916957855,0.3541033864021301,4.9365455984998725
HAC_ori,high,bonsai,00031,/work/u4546465/evaluation/HACplus+CR/HACplus+CR/HAC_ori/High (0.003)/bonsai/00031.png,57.274749755859375,0.28319624066352844,0.3833056092262268,5.002567243212028
HAC_ori,high,bonsai,00032,/work/u4546465/evaluation/HACplus+CR/HACplus+CR/HAC_ori/High (0.003)/bonsai/00032.png,61.684085845947266,0.27891096472740173,0.32489529252052307,4.804058711115093
HAC_ori,high,bonsai,00033,/work/u4546465/evaluation/HACplus+CR/HACplus+CR/HAC_ori/High (0.003)/bonsai/00033.png,60.921363830566406,0.2941790223121643,0.34904178977012634,4.882805504839814
HAC_ori,high,bonsai,00034,/work/u4546465/evaluation/HACplus+CR/HACplus+CR/HAC_ori/High (0.003)/bonsai/00034.png,57.442543029785156,0.25564566254615784,0.3222699761390686,4.84051735911644
HAC_ori,high,bonsai,00035,/work/u4546465/evaluation/HACplus+CR/HACplus+CR/HAC_ori/High (0.003)/bonsai/00035.png,61.158447265625,0.25368770956993103,0.3388378322124481,4.836466835973127
HAC_ori,high,bonsai,00036,/work/u4546465/evaluation/HACplus+CR/HACplus+CR/HAC_ori/High (0.003)/bonsai/00036.png,60.20212173461914,0.27639660239219666,0.33501940965652466,5.053995635314025
HAC_ori,high,counter,00000,/work/u4546465/evaluation/HACplus+CR/HACplus+CR/HAC_ori/High (0.003)/counter/00000.png,53.722862243652344,0.25173646211624146,0.37871813774108887,4.813182687022641
HAC_ori,high,counter,00001,/work/u4546465/evaluation/HACplus+CR/HACplus+CR/HAC_ori/High (0.003)/counter/00001.png,63.39965057373047,0.28916609287261963,0.37879547476768494,3.945553000994473
HAC_ori,high,counter,00002,/work/u4546465/evaluation/HACplus+CR/HACplus+CR/HAC_ori/High (0.003)/counter/00002.png,59.46717834472656,0.27635523676872253,0.3784484565258026,4.202813708091022
HAC_ori,high,counter,00003,/work/u4546465/evaluation/HACplus+CR/HACplus+CR/HAC_ori/High (0.003)/counter/00003.png,61.1185302734375,0.2666458785533905,0.38794347643852234,4.09481387373093
HAC_ori,high,counter,00004,/work/u4546465/evaluation/HACplus+CR/HACplus+CR/HAC_ori/High (0.003)/counter/00004.png,55.14653396606445,0.2613559365272522,0.37395787239074707,4.854383614622576
HAC_ori,high,counter,00005,/work/u4546465/evaluation/HACplus+CR/HACplus+CR/HAC_ori/High (0.003)/counter/00005.png,50.87091827392578,0.24784216284751892,0.3751556873321533,5.385166193428855
HAC_ori,high,counter,00006,/work/u4546465/evaluation/HACplus+CR/HACplus+CR/HAC_ori/High (0.003)/counter/00006.png,61.965248107910156,0.271137535572052,0.4185364842414856,4.491175017839162
HAC_ori,high,counter,00007,/work/u4546465/evaluation/HACplus+CR/HACplus+CR/HAC_ori/High (0.003)/counter/00007.png,57.60643768310547,0.2543014585971832,0.37856799364089966,4.715375970689619
HAC_ori,high,counter,00008,/work/u4546465/evaluation/HACplus+CR/HACplus+CR/HAC_ori/High (0.003)/counter/00008.png,43.48658752441406,0.26874855160713196,0.4883587062358856,5.68863458721227
HAC_ori,high,counter,00009,/work/u4546465/evaluation/HACplus+CR/HACplus+CR/HAC_ori/High (0.003)/counter/00009.png,61.03843688964844,0.25351038575172424,0.3826276659965515,4.418191628442502
HAC_ori,high,counter,00010,/work/u4546465/evaluation/HACplus+CR/HACplus+CR/HAC_ori/High (0.003)/counter/00010.png,59.9288330078125,0.2541765570640564,0.3876599371433258,4.230725816864369
HAC_ori,high,counter,00011,/work/u4546465/evaluation/HACplus+CR/HACplus+CR/HAC_ori/High (0.003)/counter/00011.png,42.23651885986328,0.2571418881416321,0.4879145324230194,4.763723861440792
HAC_ori,high,counter,00012,/work/u4546465/evaluation/HACplus+CR/HACplus+CR/HAC_ori/High (0.003)/counter/00012.png,59.73023223876953,0.27571070194244385,0.42086759209632874,4.175817435623169
HAC_ori,high,counter,00013,/work/u4546465/evaluation/HACplus+CR/HACplus+CR/HAC_ori/High (0.003)/counter/00013.png,58.32616424560547,0.2868528664112091,0.42596444487571716,4.034614870700261
HAC_ori,high,counter,00014,/work/u4546465/evaluation/HACplus+CR/HACplus+CR/HAC_ori/High (0.003)/counter/00014.png,51.11174011230469,0.25944146513938904,0.4114961624145508,4.401934200478191
HAC_ori,high,counter,00015,/work/u4546465/evaluation/HACplus+CR/HACplus+CR/HAC_ori/High (0.003)/counter/00015.png,58.83275604248047,0.28298282623291016,0.4588332176208496,3.8901115216588025
HAC_ori,high,counter,00016,/work/u4546465/evaluation/HACplus+CR/HACplus+CR/HAC_ori/High (0.003)/counter/00016.png,56.572052001953125,0.2963150143623352,0.4052271842956543,4.067366063695202
HAC_ori,high,counter,00017,/work/u4546465/evaluation/HACplus+CR/HACplus+CR/HAC_ori/High (0.003)/counter/00017.png,47.26514434814453,0.260083943605423,0.34015771746635437,4.817243557985488
HAC_ori,high,counter,00018,/work/u4546465/evaluation/HACplus+CR/HACplus+CR/HAC_ori/High (0.003)/counter/00018.png,54.447547912597656,0.25838297605514526,0.3737024962902069,4.470765503517114
HAC_ori,high,counter,00019,/work/u4546465/evaluation/HACplus+CR/HACplus+CR/HAC_ori/High (0.003)/counter/00019.png,56.80448532104492,0.29366666078567505,0.33133432269096375,4.202823954727053
HAC_ori,high,counter,00020,/work/u4546465/evaluation/HACplus+CR/HACplus+CR/HAC_ori/High (0.003)/counter/00020.png,55.25381088256836,0.28861504793167114,0.3369360864162445,4.609270747914918
HAC_ori,high,counter,00021,/work/u4546465/evaluation/HACplus+CR/HACplus+CR/HAC_ori/High (0.003)/counter/00021.png,55.82105255126953,0.271840363740921,0.34718987345695496,4.846611876438677
HAC_ori,high,counter,00022,/work/u4546465/evaluation/HACplus+CR/HACplus+CR/HAC_ori/High (0.003)/counter/00022.png,59.748870849609375,0.30421000719070435,0.40484681725502014,4.009835919736738
HAC_ori,high,counter,00023,/work/u4546465/evaluation/HACplus+CR/HACplus+CR/HAC_ori/High (0.003)/counter/00023.png,60.605770111083984,0.3088522255420685,0.3683072030544281,4.205670302851586
HAC_ori,high,counter,00024,/work/u4546465/evaluation/HACplus+CR/HACplus+CR/HAC_ori/High (0.003)/counter/00024.png,56.97754669189453,0.28771132230758667,0.3763444721698761,4.3538539734815
HAC_ori,high,counter,00025,/work/u4546465/evaluation/HACplus+CR/HACplus+CR/HAC_ori/High (0.003)/counter/00025.png,61.302276611328125,0.2975534200668335,0.3710283935070038,3.9805828073573
HAC_ori,high,counter,00026,/work/u4546465/evaluation/HACplus+CR/HACplus+CR/HAC_ori/High (0.003)/counter/00026.png,58.580299377441406,0.3053247332572937,0.4230424463748932,4.1764933681755085
HAC_ori,high,counter,00027,/work/u4546465/evaluation/HACplus+CR/HACplus+CR/HAC_ori/High (0.003)/counter/00027.png,60.86186981201172,0.29183316230773926,0.3637321889400482,4.346026139219511
HAC_ori,high,counter,00028,/work/u4546465/evaluation/HACplus+CR/HACplus+CR/HAC_ori/High (0.003)/counter/00028.png,62.45249938964844,0.30484989285469055,0.41999587416648865,3.9075991137824713
HAC_ori,high,counter,00029,/work/u4546465/evaluation/HACplus+CR/HACplus+CR/HAC_ori/High (0.003)/counter/00029.png,56.40044403076172,0.26880934834480286,0.35182586312294006,4.474210948016253
HAC_ori,high,flowers,00000,/work/u4546465/evaluation/HACplus+CR/HACplus+CR/HAC_ori/High (0.003)/flowers/00000.png,60.771583557128906,0.26379501819610596,0.46612676978111267,3.128858963097528
HAC_ori,high,flowers,00001,/work/u4546465/evaluation/HACplus+CR/HACplus+CR/HAC_ori/High (0.003)/flowers/00001.png,66.6506118774414,0.28170204162597656,0.46445366740226746,3.1036876873665653
HAC_ori,high,flowers,00002,/work/u4546465/evaluation/HACplus+CR/HACplus+CR/HAC_ori/High (0.003)/flowers/00002.png,60.478912353515625,0.26859724521636963,0.47425124049186707,3.2082103864591156
HAC_ori,high,flowers,00003,/work/u4546465/evaluation/HACplus+CR/HACplus+CR/HAC_ori/High (0.003)/flowers/00003.png,64.37580108642578,0.26736143231391907,0.4963449537754059,3.1041075413832058
HAC_ori,high,flowers,00004,/work/u4546465/evaluation/HACplus+CR/HACplus+CR/HAC_ori/High (0.003)/flowers/00004.png,65.22705841064453,0.28858619928359985,0.5203750729560852,2.995497495889023
HAC_ori,high,flowers,00005,/work/u4546465/evaluation/HACplus+CR/HACplus+CR/HAC_ori/High (0.003)/flowers/00005.png,66.7590103149414,0.27981695532798767,0.5197149515151978,3.156979416761749
HAC_ori,high,flowers,00006,/work/u4546465/evaluation/HACplus+CR/HACplus+CR/HAC_ori/High (0.003)/flowers/00006.png,68.05512237548828,0.2869036793708801,0.5533127784729004,3.1580695565209895
HAC_ori,high,flowers,00007,/work/u4546465/evaluation/HACplus+CR/HACplus+CR/HAC_ori/High (0.003)/flowers/00007.png,66.51557159423828,0.28826484084129333,0.547076404094696,3.0158781736464575
HAC_ori,high,flowers,00008,/work/u4546465/evaluation/HACplus+CR/HACplus+CR/HAC_ori/High (0.003)/flowers/00008.png,67.21183013916016,0.2806391417980194,0.575851321220398,3.0176423694964782
HAC_ori,high,flowers,00009,/work/u4546465/evaluation/HACplus+CR/HACplus+CR/HAC_ori/High (0.003)/flowers/00009.png,67.3572006225586,0.29206976294517517,0.5186641216278076,3.197578219614356
HAC_ori,high,flowers,00010,/work/u4546465/evaluation/HACplus+CR/HACplus+CR/HAC_ori/High (0.003)/flowers/00010.png,68.56269836425781,0.3078966438770294,0.5788023471832275,2.9847003199750417
HAC_ori,high,flowers,00011,/work/u4546465/evaluation/HACplus+CR/HACplus+CR/HAC_ori/High (0.003)/flowers/00011.png,69.07379150390625,0.3085925579071045,0.5942902565002441,3.15846678283326
HAC_ori,high,flowers,00012,/work/u4546465/evaluation/HACplus+CR/HACplus+CR/HAC_ori/High (0.003)/flowers/00012.png,65.34380340576172,0.3020269572734833,0.5694764256477356,3.0848016989659395
HAC_ori,high,flowers,00013,/work/u4546465/evaluation/HACplus+CR/HACplus+CR/HAC_ori/High (0.003)/flowers/00013.png,64.16410064697266,0.2856043875217438,0.561996579170227,3.191848101594047
HAC_ori,high,flowers,00014,/work/u4546465/evaluation/HACplus+CR/HACplus+CR/HAC_ori/High (0.003)/flowers/00014.png,64.28573608398438,0.30072221159935,0.5787253975868225,3.176626741099648
HAC_ori,high,flowers,00015,/work/u4546465/evaluation/HACplus+CR/HACplus+CR/HAC_ori/High (0.003)/flowers/00015.png,65.14930725097656,0.3088204562664032,0.5580448508262634,3.2234800368142618
HAC_ori,high,flowers,00016,/work/u4546465/evaluation/HACplus+CR/HACplus+CR/HAC_ori/High (0.003)/flowers/00016.png,67.16053771972656,0.30629658699035645,0.5637633204460144,3.1429898773046943
HAC_ori,high,flowers,00017,/work/u4546465/evaluation/HACplus+CR/HACplus+CR/HAC_ori/High (0.003)/flowers/00017.png,64.1077880859375,0.2887475788593292,0.5567368865013123,3.2346754537761027
HAC_ori,high,flowers,00018,/work/u4546465/evaluation/HACplus+CR/HACplus+CR/HAC_ori/High (0.003)/flowers/00018.png,62.96806335449219,0.279151052236557,0.5296725630760193,3.28105004168545
HAC_ori,high,flowers,00019,/work/u4546465/evaluation/HACplus+CR/HACplus+CR/HAC_ori/High (0.003)/flowers/00019.png,64.8216552734375,0.29170238971710205,0.5480203032493591,3.219574340095388
HAC_ori,high,flowers,00020,/work/u4546465/evaluation/HACplus+CR/HACplus+CR/HAC_ori/High (0.003)/flowers/00020.png,60.56829071044922,0.2744940221309662,0.5027292370796204,3.421481092876307
HAC_ori,high,flowers,00021,/work/u4546465/evaluation/HACplus+CR/HACplus+CR/HAC_ori/High (0.003)/flowers/00021.png,57.73512268066406,0.2535858750343323,0.49605655670166016,3.441989481572659
HAC_ori,high,garden,00000,/work/u4546465/evaluation/HACplus+CR/HACplus+CR/HAC_ori/High (0.003)/garden/00000.png,73.40875244140625,0.3632485568523407,0.5768685340881348,2.5555352705911036
HAC_ori,high,garden,00001,/work/u4546465/evaluation/HACplus+CR/HACplus+CR/HAC_ori/High (0.003)/garden/00001.png,71.56612396240234,0.33187633752822876,0.4315405488014221,2.5403444328573745
HAC_ori,high,garden,00002,/work/u4546465/evaluation/HACplus+CR/HACplus+CR/HAC_ori/High (0.003)/garden/00002.png,71.96849060058594,0.367383748292923,0.4521971344947815,2.5071387696697744
HAC_ori,high,garden,00003,/work/u4546465/evaluation/HACplus+CR/HACplus+CR/HAC_ori/High (0.003)/garden/00003.png,70.41345977783203,0.36174145340919495,0.5541883707046509,2.8454668792381947
HAC_ori,high,garden,00004,/work/u4546465/evaluation/HACplus+CR/HACplus+CR/HAC_ori/High (0.003)/garden/00004.png,73.21282958984375,0.3596152365207672,0.5690850615501404,2.6674534562793952
HAC_ori,high,garden,00005,/work/u4546465/evaluation/HACplus+CR/HACplus+CR/HAC_ori/High (0.003)/garden/00005.png,70.29337310791016,0.3598344027996063,0.46338722109794617,2.445244339988278
HAC_ori,high,garden,00006,/work/u4546465/evaluation/HACplus+CR/HACplus+CR/HAC_ori/High (0.003)/garden/00006.png,73.45323944091797,0.38883885741233826,0.5500685572624207,2.5739223877354283
HAC_ori,high,garden,00007,/work/u4546465/evaluation/HACplus+CR/HACplus+CR/HAC_ori/High (0.003)/garden/00007.png,70.03877258300781,0.3861650228500366,0.5651363730430603,2.6325600579525044
HAC_ori,high,garden,00008,/work/u4546465/evaluation/HACplus+CR/HACplus+CR/HAC_ori/High (0.003)/garden/00008.png,70.8219985961914,0.37365418672561646,0.5929822325706482,2.6676396386723322
HAC_ori,high,garden,00009,/work/u4546465/evaluation/HACplus+CR/HACplus+CR/HAC_ori/High (0.003)/garden/00009.png,72.97174835205078,0.37821900844573975,0.5696956515312195,2.5274902219221524
HAC_ori,high,garden,00010,/work/u4546465/evaluation/HACplus+CR/HACplus+CR/HAC_ori/High (0.003)/garden/00010.png,72.89414978027344,0.3850313425064087,0.5256561636924744,2.653933086261125
HAC_ori,high,garden,00011,/work/u4546465/evaluation/HACplus+CR/HACplus+CR/HAC_ori/High (0.003)/garden/00011.png,70.84725189208984,0.39038512110710144,0.5635599493980408,2.674909988278487
HAC_ori,high,garden,00012,/work/u4546465/evaluation/HACplus+CR/HACplus+CR/HAC_ori/High (0.003)/garden/00012.png,71.42707061767578,0.3744269609451294,0.5800744891166687,2.679263415564973
HAC_ori,high,garden,00013,/work/u4546465/evaluation/HACplus+CR/HACplus+CR/HAC_ori/High (0.003)/garden/00013.png,73.11382293701172,0.3725476562976837,0.4995897710323334,2.5286800948578882
HAC_ori,high,garden,00014,/work/u4546465/evaluation/HACplus+CR/HACplus+CR/HAC_ori/High (0.003)/garden/00014.png,72.12422943115234,0.3925325274467468,0.5475057363510132,2.6264407150116162
HAC_ori,high,garden,00015,/work/u4546465/evaluation/HACplus+CR/HACplus+CR/HAC_ori/High (0.003)/garden/00015.png,71.3544692993164,0.3804367482662201,0.5473828315734863,2.6091643026017453
HAC_ori,high,garden,00016,/work/u4546465/evaluation/HACplus+CR/HACplus+CR/HAC_ori/High (0.003)/garden/00016.png,73.72539520263672,0.37605103850364685,0.5658667683601379,2.6247436085929627
HAC_ori,high,garden,00017,/work/u4546465/evaluation/HACplus+CR/HACplus+CR/HAC_ori/High (0.003)/garden/00017.png,74.38153839111328,0.38384437561035156,0.482706218957901,2.656756876254395
HAC_ori,high,garden,00018,/work/u4546465/evaluation/HACplus+CR/HACplus+CR/HAC_ori/High (0.003)/garden/00018.png,72.46250915527344,0.3952723741531372,0.5418513417243958,2.7211904106810314
HAC_ori,high,garden,00019,/work/u4546465/evaluation/HACplus+CR/HACplus+CR/HAC_ori/High (0.003)/garden/00019.png,71.17073822021484,0.38915789127349854,0.5440365672111511,2.853722606631233
HAC_ori,high,garden,00020,/work/u4546465/evaluation/HACplus+CR/HACplus+CR/HAC_ori/High (0.003)/garden/00020.png,73.25642395019531,0.3689175248146057,0.5454273223876953,2.5583189693879587
HAC_ori,high,garden,00021,/work/u4546465/evaluation/HACplus+CR/HACplus+CR/HAC_ori/High (0.003)/garden/00021.png,74.75528717041016,0.3806880712509155,0.4914259910583496,2.6324135672472684
HAC_ori,high,garden,00022,/work/u4546465/evaluation/HACplus+CR/HACplus+CR/HAC_ori/High (0.003)/garden/00022.png,73.08316802978516,0.3880622684955597,0.5610251426696777,2.6142329214791107
HAC_ori,high,garden,00023,/work/u4546465/evaluation/HACplus+CR/HACplus+CR/HAC_ori/High (0.003)/garden/00023.png,73.62754821777344,0.3791254460811615,0.5691189169883728,2.566114709429306
HAC_ori,high,kitchen,00000,/work/u4546465/evaluation/HACplus+CR/HACplus+CR/HAC_ori/High (0.003)/kitchen/00000.png,67.98755645751953,0.3108746409416199,0.45247194170951843,4.5339382215839406
HAC_ori,high,kitchen,00001,/work/u4546465/evaluation/HACplus+CR/HACplus+CR/HAC_ori/High (0.003)/kitchen/00001.png,70.14733123779297,0.31377047300338745,0.43386659026145935,4.712607543888261
HAC_ori,high,kitchen,00002,/work/u4546465/evaluation/HACplus+CR/HACplus+CR/HAC_ori/High (0.003)/kitchen/00002.png,67.2733154296875,0.33049654960632324,0.45977067947387695,4.849046869029778
HAC_ori,high,kitchen,00003,/work/u4546465/evaluation/HACplus+CR/HACplus+CR/HAC_ori/High (0.003)/kitchen/00003.png,69.64717864990234,0.35634565353393555,0.4412899613380432,4.344220186041704
HAC_ori,high,kitchen,00004,/work/u4546465/evaluation/HACplus+CR/HACplus+CR/HAC_ori/High (0.003)/kitchen/00004.png,71.94417572021484,0.354153573513031,0.5128940939903259,4.426857112201074
HAC_ori,high,kitchen,00005,/work/u4546465/evaluation/HACplus+CR/HACplus+CR/HAC_ori/High (0.003)/kitchen/00005.png,69.31781768798828,0.32946979999542236,0.43481573462486267,4.238262624876847
HAC_ori,high,kitchen,00006,/work/u4546465/evaluation/HACplus+CR/HACplus+CR/HAC_ori/High (0.003)/kitchen/00006.png,70.82772827148438,0.3611186444759369,0.4797700047492981,4.244473684303338
HAC_ori,high,kitchen,00007,/work/u4546465/evaluation/HACplus+CR/HACplus+CR/HAC_ori/High (0.003)/kitchen/00007.png,70.3134765625,0.35074761509895325,0.48634156584739685,4.451436206839185
HAC_ori,high,kitchen,00008,/work/u4546465/evaluation/HACplus+CR/HACplus+CR/HAC_ori/High (0.003)/kitchen/00008.png,65.81266021728516,0.31960055232048035,0.39078450202941895,4.543252378939327
HAC_ori,high,kitchen,00009,/work/u4546465/evaluation/HACplus+CR/HACplus+CR/HAC_ori/High (0.003)/kitchen/00009.png,63.223304748535156,0.33158963918685913,0.41710272431373596,4.369110787206146
HAC_ori,high,kitchen,00010,/work/u4546465/evaluation/HACplus+CR/HACplus+CR/HAC_ori/High (0.003)/kitchen/00010.png,66.62055969238281,0.36154186725616455,0.44939079880714417,4.324543964903846
HAC_ori,high,kitchen,00011,/work/u4546465/evaluation/HACplus+CR/HACplus+CR/HAC_ori/High (0.003)/kitchen/00011.png,67.06279754638672,0.3626681864261627,0.4523385167121887,4.311550321943124
HAC_ori,high,kitchen,00012,/work/u4546465/evaluation/HACplus+CR/HACplus+CR/HAC_ori/High (0.003)/kitchen/00012.png,65.9196548461914,0.34602996706962585,0.41550976037979126,4.410593269742916
HAC_ori,high,kitchen,00013,/work/u4546465/evaluation/HACplus+CR/HACplus+CR/HAC_ori/High (0.003)/kitchen/00013.png,65.3354263305664,0.35363468527793884,0.41808921098709106,4.387137366418388
HAC_ori,high,kitchen,00014,/work/u4546465/evaluation/HACplus+CR/HACplus+CR/HAC_ori/High (0.003)/kitchen/00014.png,67.17839813232422,0.363296777009964,0.4920235574245453,4.262197925018634
HAC_ori,high,kitchen,00015,/work/u4546465/evaluation/HACplus+CR/HACplus+CR/HAC_ori/High (0.003)/kitchen/00015.png,66.25621795654297,0.31161168217658997,0.42137274146080017,4.13637937267555
HAC_ori,high,kitchen,00016,/work/u4546465/evaluation/HACplus+CR/HACplus+CR/HAC_ori/High (0.003)/kitchen/00016.png,69.56926727294922,0.3327852785587311,0.39768847823143005,4.019569514392123
HAC_ori,high,kitchen,00017,/work/u4546465/evaluation/HACplus+CR/HACplus+CR/HAC_ori/High (0.003)/kitchen/00017.png,68.10604095458984,0.3262656033039093,0.44034987688064575,3.850386664829016
HAC_ori,high,kitchen,00018,/work/u4546465/evaluation/HACplus+CR/HACplus+CR/HAC_ori/High (0.003)/kitchen/00018.png,68.51265716552734,0.32033640146255493,0.4171414375305176,3.936215622346561
HAC_ori,high,kitchen,00019,/work/u4546465/evaluation/HACplus+CR/HACplus+CR/HAC_ori/High (0.003)/kitchen/00019.png,69.97174835205078,0.32272017002105713,0.4266791343688965,3.891730292657563
HAC_ori,high,kitchen,00020,/work/u4546465/evaluation/HACplus+CR/HACplus+CR/HAC_ori/High (0.003)/kitchen/00020.png,60.70486831665039,0.3002116084098816,0.3998279869556427,5.278999537561431
HAC_ori,high,kitchen,00021,/work/u4546465/evaluation/HACplus+CR/HACplus+CR/HAC_ori/High (0.003)/kitchen/00021.png,58.827850341796875,0.2929171621799469,0.34702152013778687,4.8057769434111846
HAC_ori,high,kitchen,00022,/work/u4546465/evaluation/HACplus+CR/HACplus+CR/HAC_ori/High (0.003)/kitchen/00022.png,63.166526794433594,0.3195111155509949,0.4062321186065674,4.750510567923623
HAC_ori,high,kitchen,00023,/work/u4546465/evaluation/HACplus+CR/HACplus+CR/HAC_ori/High (0.003)/kitchen/00023.png,60.69158935546875,0.29533109068870544,0.39216890931129456,5.131660563891257
HAC_ori,high,kitchen,00024,/work/u4546465/evaluation/HACplus+CR/HACplus+CR/HAC_ori/High (0.003)/kitchen/00024.png,62.37794876098633,0.34940260648727417,0.41518840193748474,4.854777789387794
HAC_ori,high,kitchen,00025,/work/u4546465/evaluation/HACplus+CR/HACplus+CR/HAC_ori/High (0.003)/kitchen/00025.png,63.506309509277344,0.35635051131248474,0.3831585943698883,4.524116936172577
HAC_ori,high,kitchen,00026,/work/u4546465/evaluation/HACplus+CR/HACplus+CR/HAC_ori/High (0.003)/kitchen/00026.png,64.50416564941406,0.3174183964729309,0.43470367789268494,4.305790515375788
HAC_ori,high,kitchen,00027,/work/u4546465/evaluation/HACplus+CR/HACplus+CR/HAC_ori/High (0.003)/kitchen/00027.png,65.02652740478516,0.33832594752311707,0.4713849127292633,4.13327817223794
HAC_ori,high,kitchen,00028,/work/u4546465/evaluation/HACplus+CR/HACplus+CR/HAC_ori/High (0.003)/kitchen/00028.png,63.84343719482422,0.35816916823387146,0.3744458854198456,4.556050576143693
HAC_ori,high,kitchen,00029,/work/u4546465/evaluation/HACplus+CR/HACplus+CR/HAC_ori/High (0.003)/kitchen/00029.png,62.189491271972656,0.318782776594162,0.34952598810195923,4.977402049404096
HAC_ori,high,kitchen,00030,/work/u4546465/evaluation/HACplus+CR/HACplus+CR/HAC_ori/High (0.003)/kitchen/00030.png,63.56703186035156,0.3260655403137207,0.42469292879104614,4.672899768923938
HAC_ori,high,kitchen,00031,/work/u4546465/evaluation/HACplus+CR/HACplus+CR/HAC_ori/High (0.003)/kitchen/00031.png,64.6257095336914,0.2916819155216217,0.35331228375434875,4.875266827047531
HAC_ori,high,kitchen,00032,/work/u4546465/evaluation/HACplus+CR/HACplus+CR/HAC_ori/High (0.003)/kitchen/00032.png,66.38236236572266,0.32997336983680725,0.3831842541694641,4.426400787944759
HAC_ori,high,kitchen,00033,/work/u4546465/evaluation/HACplus+CR/HACplus+CR/HAC_ori/High (0.003)/kitchen/00033.png,64.32222747802734,0.3010445237159729,0.3662988245487213,4.655433535061881
HAC_ori,high,kitchen,00034,/work/u4546465/evaluation/HACplus+CR/HACplus+CR/HAC_ori/High (0.003)/kitchen/00034.png,64.04306030273438,0.34176236391067505,0.42747431993484497,4.4000282719693
HAC_ori,high,room,00000,/work/u4546465/evaluation/HACplus+CR/HACplus+CR/HAC_ori/High (0.003)/room/00000.png,47.71880340576172,0.25784868001937866,0.3159133195877075,4.660038772488781
HAC_ori,high,room,00001,/work/u4546465/evaluation/HACplus+CR/HACplus+CR/HAC_ori/High (0.003)/room/00001.png,52.26461410522461,0.26137369871139526,0.3235069215297699,4.347423258186083
HAC_ori,high,room,00002,/work/u4546465/evaluation/HACplus+CR/HACplus+CR/HAC_ori/High (0.003)/room/00002.png,53.84794998168945,0.2748393714427948,0.3599734902381897,4.250544157860155
HAC_ori,high,room,00003,/work/u4546465/evaluation/HACplus+CR/HACplus+CR/HAC_ori/High (0.003)/room/00003.png,53.82772445678711,0.2816941738128662,0.39099013805389404,4.579245409420454
HAC_ori,high,room,00004,/work/u4546465/evaluation/HACplus+CR/HACplus+CR/HAC_ori/High (0.003)/room/00004.png,57.74287796020508,0.32720106840133667,0.45194393396377563,4.59253945265577
HAC_ori,high,room,00005,/work/u4546465/evaluation/HACplus+CR/HACplus+CR/HAC_ori/High (0.003)/room/00005.png,58.31657028198242,0.2835323214530945,0.3275403380393982,4.454412416256515
HAC_ori,high,room,00006,/work/u4546465/evaluation/HACplus+CR/HACplus+CR/HAC_ori/High (0.003)/room/00006.png,55.92101287841797,0.2911331057548523,0.3979890048503876,4.13390728094953
HAC_ori,high,room,00007,/work/u4546465/evaluation/HACplus+CR/HACplus+CR/HAC_ori/High (0.003)/room/00007.png,57.26897430419922,0.31624841690063477,0.4418909549713135,4.800895163933713
HAC_ori,high,room,00008,/work/u4546465/evaluation/HACplus+CR/HACplus+CR/HAC_ori/High (0.003)/room/00008.png,58.102909088134766,0.30189287662506104,0.3766803741455078,4.5962550331392595
HAC_ori,high,room,00009,/work/u4546465/evaluation/HACplus+CR/HACplus+CR/HAC_ori/High (0.003)/room/00009.png,56.70801544189453,0.3130393326282501,0.38368722796440125,4.4230540928202
HAC_ori,high,room,00010,/work/u4546465/evaluation/HACplus+CR/HACplus+CR/HAC_ori/High (0.003)/room/00010.png,54.24020767211914,0.2900868356227875,0.3933025896549225,4.314283601764381
HAC_ori,high,room,00011,/work/u4546465/evaluation/HACplus+CR/HACplus+CR/HAC_ori/High (0.003)/room/00011.png,46.57560348510742,0.25401169061660767,0.37801605463027954,5.3564093088085585
HAC_ori,high,room,00012,/work/u4546465/evaluation/HACplus+CR/HACplus+CR/HAC_ori/High (0.003)/room/00012.png,50.65415954589844,0.26978570222854614,0.37190374732017517,4.884970521359942
HAC_ori,high,room,00013,/work/u4546465/evaluation/HACplus+CR/HACplus+CR/HAC_ori/High (0.003)/room/00013.png,50.582000732421875,0.2816278636455536,0.4107174575328827,4.793764366095614
HAC_ori,high,room,00014,/work/u4546465/evaluation/HACplus+CR/HACplus+CR/HAC_ori/High (0.003)/room/00014.png,56.57802200317383,0.2759395241737366,0.4079049527645111,4.988969585924823
HAC_ori,high,room,00015,/work/u4546465/evaluation/HACplus+CR/HACplus+CR/HAC_ori/High (0.003)/room/00015.png,53.24673843383789,0.276196151971817,0.3846912384033203,5.035208647473182
HAC_ori,high,room,00016,/work/u4546465/evaluation/HACplus+CR/HACplus+CR/HAC_ori/High (0.003)/room/00016.png,53.31998062133789,0.29628583788871765,0.4013455808162689,4.615789263022056
HAC_ori,high,room,00017,/work/u4546465/evaluation/HACplus+CR/HACplus+CR/HAC_ori/High (0.003)/room/00017.png,50.98413848876953,0.258738249540329,0.37487298250198364,4.979516226632399
HAC_ori,high,room,00018,/work/u4546465/evaluation/HACplus+CR/HACplus+CR/HAC_ori/High (0.003)/room/00018.png,54.75267791748047,0.3280775845050812,0.3539822995662689,4.371647250343793
HAC_ori,high,room,00019,/work/u4546465/evaluation/HACplus+CR/HACplus+CR/HAC_ori/High (0.003)/room/00019.png,54.30667495727539,0.2720848321914673,0.32567963004112244,4.401406783874556
HAC_ori,high,room,00020,/work/u4546465/evaluation/HACplus+CR/HACplus+CR/HAC_ori/High (0.003)/room/00020.png,52.120784759521484,0.2804701328277588,0.3517262935638428,4.299363505113632
HAC_ori,high,room,00021,/work/u4546465/evaluation/HACplus+CR/HACplus+CR/HAC_ori/High (0.003)/room/00021.png,55.952728271484375,0.30566373467445374,0.34889718890190125,4.139644687257432
HAC_ori,high,room,00022,/work/u4546465/evaluation/HACplus+CR/HACplus+CR/HAC_ori/High (0.003)/room/00022.png,55.03583526611328,0.2911140024662018,0.3741167485713959,3.959238103717612
HAC_ori,high,room,00023,/work/u4546465/evaluation/HACplus+CR/HACplus+CR/HAC_ori/High (0.003)/room/00023.png,49.12615203857422,0.27186447381973267,0.38400474190711975,4.624908105426767
HAC_ori,high,room,00024,/work/u4546465/evaluation/HACplus+CR/HACplus+CR/HAC_ori/High (0.003)/room/00024.png,45.41179275512695,0.2634214460849762,0.3239178955554962,4.869778057581219
HAC_ori,high,room,00025,/work/u4546465/evaluation/HACplus+CR/HACplus+CR/HAC_ori/High (0.003)/room/00025.png,59.45977783203125,0.3142932057380676,0.349006325006485,4.155791683419812
HAC_ori,high,room,00026,/work/u4546465/evaluation/HACplus+CR/HACplus+CR/HAC_ori/High (0.003)/room/00026.png,39.52314758300781,0.2638019323348999,0.31303802132606506,7.080862159390199
HAC_ori,high,room,00027,/work/u4546465/evaluation/HACplus+CR/HACplus+CR/HAC_ori/High (0.003)/room/00027.png,44.660667419433594,0.24695120751857758,0.28046557307243347,5.947081841887558
HAC_ori,high,room,00028,/work/u4546465/evaluation/HACplus+CR/HACplus+CR/HAC_ori/High (0.003)/room/00028.png,31.71114730834961,0.2140447348356247,0.3571964204311371,6.948095102217801
HAC_ori,high,room,00029,/work/u4546465/evaluation/HACplus+CR/HACplus+CR/HAC_ori/High (0.003)/room/00029.png,40.7437744140625,0.23738956451416016,0.36155959963798523,6.784678754950348
HAC_ori,high,room,00030,/work/u4546465/evaluation/HACplus+CR/HACplus+CR/HAC_ori/High (0.003)/room/00030.png,44.044898986816406,0.23793701827526093,0.3055706024169922,5.666219247867257
HAC_ori,high,room,00031,/work/u4546465/evaluation/HACplus+CR/HACplus+CR/HAC_ori/High (0.003)/room/00031.png,44.218441009521484,0.28219377994537354,0.3757574260234833,5.88272778972379
HAC_ori,high,room,00032,/work/u4546465/evaluation/HACplus+CR/HACplus+CR/HAC_ori/High (0.003)/room/00032.png,54.06041717529297,0.257867693901062,0.37107133865356445,5.2105925211131945
HAC_ori,high,room,00033,/work/u4546465/evaluation/HACplus+CR/HACplus+CR/HAC_ori/High (0.003)/room/00033.png,42.6263427734375,0.2572160065174103,0.3520273268222809,6.129836493615329
HAC_ori,high,room,00034,/work/u4546465/evaluation/HACplus+CR/HACplus+CR/HAC_ori/High (0.003)/room/00034.png,34.75843811035156,0.35229963064193726,0.3350362479686737,7.400001252864787
HAC_ori,high,room,00035,/work/u4546465/evaluation/HACplus+CR/HACplus+CR/HAC_ori/High (0.003)/room/00035.png,47.8790283203125,0.34657272696495056,0.4114352762699127,6.67612087167796
HAC_ori,high,room,00036,/work/u4546465/evaluation/HACplus+CR/HACplus+CR/HAC_ori/High (0.003)/room/00036.png,47.56121826171875,0.2535216212272644,0.34406906366348267,6.013021073789877
HAC_ori,high,room,00037,/work/u4546465/evaluation/HACplus+CR/HACplus+CR/HAC_ori/High (0.003)/room/00037.png,57.244468688964844,0.4050537347793579,0.40729475021362305,4.850256814524701
HAC_ori,high,room,00038,/work/u4546465/evaluation/HACplus+CR/HACplus+CR/HAC_ori/High (0.003)/room/00038.png,50.33209228515625,0.2755621671676636,0.37343141436576843,4.970150757626608
HAC_ori,high,stump,00000,/work/u4546465/evaluation/HACplus+CR/HACplus+CR/HAC_ori/High (0.003)/stump/00000.png,57.069183349609375,0.277304083108902,0.4567766785621643,3.585487662765535
HAC_ori,high,stump,00001,/work/u4546465/evaluation/HACplus+CR/HACplus+CR/HAC_ori/High (0.003)/stump/00001.png,58.186038970947266,0.2329777479171753,0.3771372437477112,3.89181987211601
HAC_ori,high,stump,00002,/work/u4546465/evaluation/HACplus+CR/HACplus+CR/HAC_ori/High (0.003)/stump/00002.png,55.24369812011719,0.2534044682979584,0.4388926923274994,3.752373599328386
HAC_ori,high,stump,00003,/work/u4546465/evaluation/HACplus+CR/HACplus+CR/HAC_ori/High (0.003)/stump/00003.png,58.283050537109375,0.24881300330162048,0.4277523458003998,3.73764376589372
HAC_ori,high,stump,00004,/work/u4546465/evaluation/HACplus+CR/HACplus+CR/HAC_ori/High (0.003)/stump/00004.png,55.28327178955078,0.26485884189605713,0.42554959654808044,3.884126453416888
HAC_ori,high,stump,00005,/work/u4546465/evaluation/HACplus+CR/HACplus+CR/HAC_ori/High (0.003)/stump/00005.png,63.9138069152832,0.271191269159317,0.45589420199394226,3.4427508577161534
HAC_ori,high,stump,00006,/work/u4546465/evaluation/HACplus+CR/HACplus+CR/HAC_ori/High (0.003)/stump/00006.png,53.000953674316406,0.27919283509254456,0.40140628814697266,3.959496487226516
HAC_ori,high,stump,00007,/work/u4546465/evaluation/HACplus+CR/HACplus+CR/HAC_ori/High (0.003)/stump/00007.png,59.591068267822266,0.2863178551197052,0.45503702759742737,3.6017481350610425
HAC_ori,high,stump,00008,/work/u4546465/evaluation/HACplus+CR/HACplus+CR/HAC_ori/High (0.003)/stump/00008.png,52.43494415283203,0.24863889813423157,0.40487080812454224,4.153696069507795
HAC_ori,high,stump,00009,/work/u4546465/evaluation/HACplus+CR/HACplus+CR/HAC_ori/High (0.003)/stump/00009.png,55.09174728393555,0.28453528881073,0.42336732149124146,3.71398689177001
HAC_ori,high,stump,00010,/work/u4546465/evaluation/HACplus+CR/HACplus+CR/HAC_ori/High (0.003)/stump/00010.png,61.368690490722656,0.29494667053222656,0.4317372739315033,3.638952906191971
HAC_ori,high,stump,00011,/work/u4546465/evaluation/HACplus+CR/HACplus+CR/HAC_ori/High (0.003)/stump/00011.png,56.54804229736328,0.2875906527042389,0.3941572606563568,3.7755968193573226
HAC_ori,high,stump,00012,/work/u4546465/evaluation/HACplus+CR/HACplus+CR/HAC_ori/High (0.003)/stump/00012.png,64.36788177490234,0.293956458568573,0.43468722701072693,3.556973657713222
HAC_ori,high,stump,00013,/work/u4546465/evaluation/HACplus+CR/HACplus+CR/HAC_ori/High (0.003)/stump/00013.png,56.63822555541992,0.29102981090545654,0.4131876528263092,3.738401126252391
HAC_ori,high,stump,00014,/work/u4546465/evaluation/HACplus+CR/HACplus+CR/HAC_ori/High (0.003)/stump/00014.png,61.34417724609375,0.28319042921066284,0.44168493151664734,3.5622049961287674
HAC_ori,high,stump,00015,/work/u4546465/evaluation/HACplus+CR/HACplus+CR/HAC_ori/High (0.003)/stump/00015.png,56.08821105957031,0.2919577658176422,0.37528297305107117,3.843053502573371
HAC_ori,high,treehill,00000,/work/u4546465/evaluation/HACplus+CR/HACplus+CR/HAC_ori/High (0.003)/treehill/00000.png,42.98634338378906,0.26144373416900635,0.4382403492927551,3.3679923804085097
HAC_ori,high,treehill,00001,/work/u4546465/evaluation/HACplus+CR/HACplus+CR/HAC_ori/High (0.003)/treehill/00001.png,45.34880447387695,0.28555354475975037,0.3993709683418274,3.042260086900517
HAC_ori,high,treehill,00002,/work/u4546465/evaluation/HACplus+CR/HACplus+CR/HAC_ori/High (0.003)/treehill/00002.png,48.800270080566406,0.27050361037254333,0.4151316285133362,3.00355293621805
HAC_ori,high,treehill,00003,/work/u4546465/evaluation/HACplus+CR/HACplus+CR/HAC_ori/High (0.003)/treehill/00003.png,48.463623046875,0.27605199813842773,0.46532851457595825,3.0825220861081544
HAC_ori,high,treehill,00004,/work/u4546465/evaluation/HACplus+CR/HACplus+CR/HAC_ori/High (0.003)/treehill/00004.png,55.67505645751953,0.28553444147109985,0.4602909982204437,3.2900490513568434
HAC_ori,high,treehill,00005,/work/u4546465/evaluation/HACplus+CR/HACplus+CR/HAC_ori/High (0.003)/treehill/00005.png,54.46324157714844,0.26717668771743774,0.40870314836502075,3.18759090248008
HAC_ori,high,treehill,00006,/work/u4546465/evaluation/HACplus+CR/HACplus+CR/HAC_ori/High (0.003)/treehill/00006.png,57.41350555419922,0.2655309736728668,0.3868309557437897,3.2905674606672712
HAC_ori,high,treehill,00007,/work/u4546465/evaluation/HACplus+CR/HACplus+CR/HAC_ori/High (0.003)/treehill/00007.png,50.98030471801758,0.2619064748287201,0.4204879701137543,3.7685295150328186
HAC_ori,high,treehill,00008,/work/u4546465/evaluation/HACplus+CR/HACplus+CR/HAC_ori/High (0.003)/treehill/00008.png,58.84226608276367,0.28613415360450745,0.43181362748146057,3.1270160897629014
HAC_ori,high,treehill,00009,/work/u4546465/evaluation/HACplus+CR/HACplus+CR/HAC_ori/High (0.003)/treehill/00009.png,58.241493225097656,0.2888038158416748,0.4669296443462372,3.4345631428128955
HAC_ori,high,treehill,00010,/work/u4546465/evaluation/HACplus+CR/HACplus+CR/HAC_ori/High (0.003)/treehill/00010.png,56.165157318115234,0.26336222887039185,0.4488665759563446,3.632309041563083
HAC_ori,high,treehill,00011,/work/u4546465/evaluation/HACplus+CR/HACplus+CR/HAC_ori/High (0.003)/treehill/00011.png,60.16776657104492,0.3014077842235565,0.4225136339664459,3.256395204872915
HAC_ori,high,treehill,00012,/work/u4546465/evaluation/HACplus+CR/HACplus+CR/HAC_ori/High (0.003)/treehill/00012.png,57.034122467041016,0.30707287788391113,0.4101700782775879,3.3745632456318204
HAC_ori,high,treehill,00013,/work/u4546465/evaluation/HACplus+CR/HACplus+CR/HAC_ori/High (0.003)/treehill/00013.png,59.88397216796875,0.27934908866882324,0.4718766212463379,3.5584788764900677
HAC_ori,high,treehill,00014,/work/u4546465/evaluation/HACplus+CR/HACplus+CR/HAC_ori/High (0.003)/treehill/00014.png,57.397491455078125,0.3083641529083252,0.42700275778770447,3.4087551399974587
HAC_ori,high,treehill,00015,/work/u4546465/evaluation/HACplus+CR/HACplus+CR/HAC_ori/High (0.003)/treehill/00015.png,56.83489990234375,0.3038436472415924,0.4006464183330536,3.4963533908120064
HAC_ori,high,treehill,00016,/work/u4546465/evaluation/HACplus+CR/HACplus+CR/HAC_ori/High (0.003)/treehill/00016.png,59.633724212646484,0.27356576919555664,0.465861052274704,3.4820717795672183
HAC_ori,high,treehill,00017,/work/u4546465/evaluation/HACplus+CR/HACplus+CR/HAC_ori/High (0.003)/treehill/00017.png,55.87583923339844,0.30602115392684937,0.4349963665008545,3.846399213549191
HAC_ori,low,bicycle,00000,/work/u4546465/evaluation/HACplus+CR/HACplus+CR/HAC_ori/Low (0.06)/bicycle/00000.png,66.8110580444336,0.3519495129585266,0.3749646544456482,3.958729937564439
HAC_ori,low,bicycle,00001,/work/u4546465/evaluation/HACplus+CR/HACplus+CR/HAC_ori/Low (0.06)/bicycle/00001.png,66.83483123779297,0.3083551228046417,0.3681294620037079,3.658442756727374
HAC_ori,low,bicycle,00002,/work/u4546465/evaluation/HACplus+CR/HACplus+CR/HAC_ori/Low (0.06)/bicycle/00002.png,59.277610778808594,0.2837778627872467,0.41267943382263184,3.886068684276972
HAC_ori,low,bicycle,00003,/work/u4546465/evaluation/HACplus+CR/HACplus+CR/HAC_ori/Low (0.06)/bicycle/00003.png,60.56361389160156,0.31588125228881836,0.4344741404056549,3.9960682554905635
HAC_ori,low,bicycle,00004,/work/u4546465/evaluation/HACplus+CR/HACplus+CR/HAC_ori/Low (0.06)/bicycle/00004.png,62.220523834228516,0.27757391333580017,0.3602611720561981,4.091643028948677
HAC_ori,low,bicycle,00005,/work/u4546465/evaluation/HACplus+CR/HACplus+CR/HAC_ori/Low (0.06)/bicycle/00005.png,62.88739013671875,0.2993548810482025,0.40665337443351746,3.895881080445575
HAC_ori,low,bicycle,00006,/work/u4546465/evaluation/HACplus+CR/HACplus+CR/HAC_ori/Low (0.06)/bicycle/00006.png,71.04571533203125,0.36339059472084045,0.4102235436439514,3.961508158467265
HAC_ori,low,bicycle,00007,/work/u4546465/evaluation/HACplus+CR/HACplus+CR/HAC_ori/Low (0.06)/bicycle/00007.png,69.5287857055664,0.35773715376853943,0.4008919894695282,3.7851311798054614
HAC_ori,low,bicycle,00008,/work/u4546465/evaluation/HACplus+CR/HACplus+CR/HAC_ori/Low (0.06)/bicycle/00008.png,64.06743621826172,0.3071516454219818,0.45716166496276855,3.765263784907151
HAC_ori,low,bicycle,00009,/work/u4546465/evaluation/HACplus+CR/HACplus+CR/HAC_ori/Low (0.06)/bicycle/00009.png,67.72633361816406,0.34858107566833496,0.4471615254878998,3.6971655043701945
HAC_ori,low,bicycle,00010,/work/u4546465/evaluation/HACplus+CR/HACplus+CR/HAC_ori/Low (0.06)/bicycle/00010.png,66.26618194580078,0.32997894287109375,0.37107816338539124,3.8583652166695996
HAC_ori,low,bicycle,00011,/work/u4546465/evaluation/HACplus+CR/HACplus+CR/HAC_ori/Low (0.06)/bicycle/00011.png,61.67427062988281,0.3085189461708069,0.3936420977115631,4.018823237544927
HAC_ori,low,bicycle,00012,/work/u4546465/evaluation/HACplus+CR/HACplus+CR/HAC_ori/Low (0.06)/bicycle/00012.png,66.76773071289062,0.3511592447757721,0.42174598574638367,4.228921107995597
HAC_ori,low,bicycle,00013,/work/u4546465/evaluation/HACplus+CR/HACplus+CR/HAC_ori/Low (0.06)/bicycle/00013.png,71.02181243896484,0.3669528365135193,0.4055022895336151,3.792150224616507
HAC_ori,low,bicycle,00014,/work/u4546465/evaluation/HACplus+CR/HACplus+CR/HAC_ori/Low (0.06)/bicycle/00014.png,69.51044464111328,0.35211798548698425,0.43416091799736023,3.6324584877698056
HAC_ori,low,bicycle,00015,/work/u4546465/evaluation/HACplus+CR/HACplus+CR/HAC_ori/Low (0.06)/bicycle/00015.png,63.695343017578125,0.34925705194473267,0.38800644874572754,3.8650700161301654
HAC_ori,low,bicycle,00016,/work/u4546465/evaluation/HACplus+CR/HACplus+CR/HAC_ori/Low (0.06)/bicycle/00016.png,67.4726791381836,0.3275931775569916,0.4384012818336487,3.982452972415629
HAC_ori,low,bicycle,00017,/work/u4546465/evaluation/HACplus+CR/HACplus+CR/HAC_ori/Low (0.06)/bicycle/00017.png,70.91112518310547,0.39063844084739685,0.4203866124153137,3.89983887834744
HAC_ori,low,bicycle,00018,/work/u4546465/evaluation/HACplus+CR/HACplus+CR/HAC_ori/Low (0.06)/bicycle/00018.png,71.6928482055664,0.37514153122901917,0.4398649334907532,4.156752738397968
HAC_ori,low,bicycle,00019,/work/u4546465/evaluation/HACplus+CR/HACplus+CR/HAC_ori/Low (0.06)/bicycle/00019.png,71.20127868652344,0.361939013004303,0.4156763255596161,3.912940703378066
HAC_ori,low,bicycle,00020,/work/u4546465/evaluation/HACplus+CR/HACplus+CR/HAC_ori/Low (0.06)/bicycle/00020.png,70.00260162353516,0.37368065118789673,0.40934380888938904,3.9595273222742544
HAC_ori,low,bicycle,00021,/work/u4546465/evaluation/HACplus+CR/HACplus+CR/HAC_ori/Low (0.06)/bicycle/00021.png,71.97409057617188,0.34348368644714355,0.47437402606010437,3.8514242416534334
HAC_ori,low,bicycle,00022,/work/u4546465/evaluation/HACplus+CR/HACplus+CR/HAC_ori/Low (0.06)/bicycle/00022.png,72.05742645263672,0.3776281476020813,0.4452880024909973,4.13198856240361
HAC_ori,low,bicycle,00023,/work/u4546465/evaluation/HACplus+CR/HACplus+CR/HAC_ori/Low (0.06)/bicycle/00023.png,71.8768539428711,0.34782376885414124,0.4205802083015442,4.3317212560481355
HAC_ori,low,bicycle,00024,/work/u4546465/evaluation/HACplus+CR/HACplus+CR/HAC_ori/Low (0.06)/bicycle/00024.png,72.5027084350586,0.3747950494289398,0.43691617250442505,4.498209569961443
HAC_ori,low,bonsai,00000,/work/u4546465/evaluation/HACplus+CR/HACplus+CR/HAC_ori/Low (0.06)/bonsai/00000.png,52.06378173828125,0.2371465265750885,0.313072144985199,5.383296674680498
HAC_ori,low,bonsai,00001,/work/u4546465/evaluation/HACplus+CR/HACplus+CR/HAC_ori/Low (0.06)/bonsai/00001.png,57.86375427246094,0.24304477870464325,0.3201011121273041,5.265578792689641
HAC_ori,low,bonsai,00002,/work/u4546465/evaluation/HACplus+CR/HACplus+CR/HAC_ori/Low (0.06)/bonsai/00002.png,53.81330871582031,0.22607699036598206,0.32310619950294495,5.415149306848063
HAC_ori,low,bonsai,00003,/work/u4546465/evaluation/HACplus+CR/HACplus+CR/HAC_ori/Low (0.06)/bonsai/00003.png,55.16838073730469,0.22873207926750183,0.35515403747558594,5.285769769674686
HAC_ori,low,bonsai,00004,/work/u4546465/evaluation/HACplus+CR/HACplus+CR/HAC_ori/Low (0.06)/bonsai/00004.png,55.80569839477539,0.2691223919391632,0.40668535232543945,5.154082693779095
HAC_ori,low,bonsai,00005,/work/u4546465/evaluation/HACplus+CR/HACplus+CR/HAC_ori/Low (0.06)/bonsai/00005.png,53.749366760253906,0.23972585797309875,0.3803468942642212,5.23272536117728
HAC_ori,low,bonsai,00006,/work/u4546465/evaluation/HACplus+CR/HACplus+CR/HAC_ori/Low (0.06)/bonsai/00006.png,54.20661544799805,0.19943052530288696,0.3502283990383148,5.1076761275190306
HAC_ori,low,bonsai,00007,/work/u4546465/evaluation/HACplus+CR/HACplus+CR/HAC_ori/Low (0.06)/bonsai/00007.png,54.88722229003906,0.2460542768239975,0.42652368545532227,5.241978345390315
HAC_ori,low,bonsai,00008,/work/u4546465/evaluation/HACplus+CR/HACplus+CR/HAC_ori/Low (0.06)/bonsai/00008.png,57.59771728515625,0.21742990612983704,0.37342721223831177,5.273611805927338
HAC_ori,low,bonsai,00009,/work/u4546465/evaluation/HACplus+CR/HACplus+CR/HAC_ori/Low (0.06)/bonsai/00009.png,52.542274475097656,0.23133060336112976,0.3772125542163849,5.196613375820922
HAC_ori,low,bonsai,00010,/work/u4546465/evaluation/HACplus+CR/HACplus+CR/HAC_ori/Low (0.06)/bonsai/00010.png,55.81969451904297,0.25188401341438293,0.5043001174926758,5.490719873539159
HAC_ori,low,bonsai,00011,/work/u4546465/evaluation/HACplus+CR/HACplus+CR/HAC_ori/Low (0.06)/bonsai/00011.png,53.3427848815918,0.23217353224754333,0.41650745272636414,5.584169618098041
HAC_ori,low,bonsai,00012,/work/u4546465/evaluation/HACplus+CR/HACplus+CR/HAC_ori/Low (0.06)/bonsai/00012.png,46.02291488647461,0.19880960881710052,0.35933706164360046,5.588042024463708
HAC_ori,low,bonsai,00013,/work/u4546465/evaluation/HACplus+CR/HACplus+CR/HAC_ori/Low (0.06)/bonsai/00013.png,56.98377990722656,0.2524254322052002,0.48197126388549805,5.454465797681805
HAC_ori,low,bonsai,00014,/work/u4546465/evaluation/HACplus+CR/HACplus+CR/HAC_ori/Low (0.06)/bonsai/00014.png,55.68222427368164,0.25219839811325073,0.4595790505409241,5.573196311637451
HAC_ori,low,bonsai,00015,/work/u4546465/evaluation/HACplus+CR/HACplus+CR/HAC_ori/Low (0.06)/bonsai/00015.png,40.677066802978516,0.2194250375032425,0.3733765780925751,5.724590492497906
HAC_ori,low,bonsai,00016,/work/u4546465/evaluation/HACplus+CR/HACplus+CR/HAC_ori/Low (0.06)/bonsai/00016.png,53.7985725402832,0.24156130850315094,0.4156675934791565,5.323354464053935
HAC_ori,low,bonsai,00017,/work/u4546465/evaluation/HACplus+CR/HACplus+CR/HAC_ori/Low (0.06)/bonsai/00017.png,54.1831169128418,0.2605578601360321,0.46421337127685547,5.75233820375459
HAC_ori,low,bonsai,00018,/work/u4546465/evaluation/HACplus+CR/HACplus+CR/HAC_ori/Low (0.06)/bonsai/00018.png,51.610172271728516,0.2148456573486328,0.3292869031429291,5.273804507744705
HAC_ori,low,bonsai,00019,/work/u4546465/evaluation/HACplus+CR/HACplus+CR/HAC_ori/Low (0.06)/bonsai/00019.png,50.23014831542969,0.25155600905418396,0.3501940667629242,5.356235866282842
HAC_ori,low,bonsai,00020,/work/u4546465/evaluation/HACplus+CR/HACplus+CR/HAC_ori/Low (0.06)/bonsai/00020.png,54.347801208496094,0.25543493032455444,0.35583528876304626,5.774826517818468
HAC_ori,low,bonsai,00021,/work/u4546465/evaluation/HACplus+CR/HACplus+CR/HAC_ori/Low (0.06)/bonsai/00021.png,53.00459289550781,0.2519182562828064,0.3455105125904083,5.631636955247535
HAC_ori,low,bonsai,00022,/work/u4546465/evaluation/HACplus+CR/HACplus+CR/HAC_ori/Low (0.06)/bonsai/00022.png,51.839599609375,0.2688470482826233,0.3916855752468109,5.613237647979384
HAC_ori,low,bonsai,00023,/work/u4546465/evaluation/HACplus+CR/HACplus+CR/HAC_ori/Low (0.06)/bonsai/00023.png,52.88161087036133,0.26420503854751587,0.3678686320781708,5.869489038339089
HAC_ori,low,bonsai,00024,/work/u4546465/evaluation/HACplus+CR/HACplus+CR/HAC_ori/Low (0.06)/bonsai/00024.png,46.759117126464844,0.2676851451396942,0.3654513657093048,5.8402610728154265
HAC_ori,low,bonsai,00025,/work/u4546465/evaluation/HACplus+CR/HACplus+CR/HAC_ori/Low (0.06)/bonsai/00025.png,44.300010681152344,0.3283425569534302,0.5069311261177063,5.701457916908013
HAC_ori,low,bonsai,00026,/work/u4546465/evaluation/HACplus+CR/HACplus+CR/HAC_ori/Low (0.06)/bonsai/00026.png,51.17690658569336,0.2901841402053833,0.3934791684150696,5.595288950740344
HAC_ori,low,bonsai,00027,/work/u4546465/evaluation/HACplus+CR/HACplus+CR/HAC_ori/Low (0.06)/bonsai/00027.png,50.16918182373047,0.282246470451355,0.38816770911216736,5.767606528784332
HAC_ori,low,bonsai,00028,/work/u4546465/evaluation/HACplus+CR/HACplus+CR/HAC_ori/Low (0.06)/bonsai/00028.png,47.15404510498047,0.30337950587272644,0.4530513882637024,5.91197809155349
HAC_ori,low,bonsai,00029,/work/u4546465/evaluation/HACplus+CR/HACplus+CR/HAC_ori/Low (0.06)/bonsai/00029.png,51.9247932434082,0.2783064544200897,0.3679649829864502,5.818543111024377
HAC_ori,low,bonsai,00030,/work/u4546465/evaluation/HACplus+CR/HACplus+CR/HAC_ori/Low (0.06)/bonsai/00030.png,54.36590576171875,0.27339592576026917,0.36950042843818665,5.634988508081211
HAC_ori,low,bonsai,00031,/work/u4546465/evaluation/HACplus+CR/HACplus+CR/HAC_ori/Low (0.06)/bonsai/00031.png,51.99386978149414,0.27085548639297485,0.39023786783218384,5.603163148540874
HAC_ori,low,bonsai,00032,/work/u4546465/evaluation/HACplus+CR/HACplus+CR/HAC_ori/Low (0.06)/bonsai/00032.png,57.02075958251953,0.2540249824523926,0.3491480350494385,5.516822524902325
HAC_ori,low,bonsai,00033,/work/u4546465/evaluation/HACplus+CR/HACplus+CR/HAC_ori/Low (0.06)/bonsai/00033.png,58.184730529785156,0.2689692974090576,0.3542194366455078,5.516276669310488
HAC_ori,low,bonsai,00034,/work/u4546465/evaluation/HACplus+CR/HACplus+CR/HAC_ori/Low (0.06)/bonsai/00034.png,52.87920379638672,0.22639106214046478,0.32179370522499084,5.4046417181293975
HAC_ori,low,bonsai,00035,/work/u4546465/evaluation/HACplus+CR/HACplus+CR/HAC_ori/Low (0.06)/bonsai/00035.png,56.49594497680664,0.23455503582954407,0.34147801995277405,5.472674504176625
HAC_ori,low,bonsai,00036,/work/u4546465/evaluation/HACplus+CR/HACplus+CR/HAC_ori/Low (0.06)/bonsai/00036.png,55.0987434387207,0.25852492451667786,0.3609309196472168,5.722020654807469
HAC_ori,low,counter,00000,/work/u4546465/evaluation/HACplus+CR/HACplus+CR/HAC_ori/Low (0.06)/counter/00000.png,47.05976867675781,0.23512904345989227,0.329775333404541,6.173911900611739
HAC_ori,low,counter,00001,/work/u4546465/evaluation/HACplus+CR/HACplus+CR/HAC_ori/Low (0.06)/counter/00001.png,55.07352066040039,0.25316521525382996,0.3405677378177643,5.542709346687846
HAC_ori,low,counter,00002,/work/u4546465/evaluation/HACplus+CR/HACplus+CR/HAC_ori/Low (0.06)/counter/00002.png,52.27690124511719,0.25860798358917236,0.30486011505126953,5.336510817160301
HAC_ori,low,counter,00003,/work/u4546465/evaluation/HACplus+CR/HACplus+CR/HAC_ori/Low (0.06)/counter/00003.png,52.41972351074219,0.23585695028305054,0.3048391044139862,5.505194921082733
HAC_ori,low,counter,00004,/work/u4546465/evaluation/HACplus+CR/HACplus+CR/HAC_ori/Low (0.06)/counter/00004.png,49.881744384765625,0.23821310698986053,0.3107353150844574,6.293532686256234
HAC_ori,low,counter,00005,/work/u4546465/evaluation/HACplus+CR/HACplus+CR/HAC_ori/Low (0.06)/counter/00005.png,42.946598052978516,0.2190849483013153,0.3348211944103241,6.547368932046751
HAC_ori,low,counter,00006,/work/u4546465/evaluation/HACplus+CR/HACplus+CR/HAC_ori/Low (0.06)/counter/00006.png,51.341922760009766,0.22864718735218048,0.35055050253868103,5.72952367579865
HAC_ori,low,counter,00007,/work/u4546465/evaluation/HACplus+CR/HACplus+CR/HAC_ori/Low (0.06)/counter/00007.png,49.35175323486328,0.21696686744689941,0.28840628266334534,6.102094799825379
HAC_ori,low,counter,00008,/work/u4546465/evaluation/HACplus+CR/HACplus+CR/HAC_ori/Low (0.06)/counter/00008.png,44.299346923828125,0.2688606381416321,0.40542396903038025,6.899394700317861
HAC_ori,low,counter,00009,/work/u4546465/evaluation/HACplus+CR/HACplus+CR/HAC_ori/Low (0.06)/counter/00009.png,50.896915435791016,0.21676059067249298,0.2920452356338501,5.3510222918439965
HAC_ori,low,counter,00010,/work/u4546465/evaluation/HACplus+CR/HACplus+CR/HAC_ori/Low (0.06)/counter/00010.png,51.309173583984375,0.2138642519712448,0.31937047839164734,5.393280582746433
HAC_ori,low,counter,00011,/work/u4546465/evaluation/HACplus+CR/HACplus+CR/HAC_ori/Low (0.06)/counter/00011.png,38.22528076171875,0.2348344624042511,0.3671754002571106,5.9983414379352995
HAC_ori,low,counter,00012,/work/u4546465/evaluation/HACplus+CR/HACplus+CR/HAC_ori/Low (0.06)/counter/00012.png,48.95439147949219,0.2247762680053711,0.322329580783844,5.55319691884931
HAC_ori,low,counter,00013,/work/u4546465/evaluation/HACplus+CR/HACplus+CR/HAC_ori/Low (0.06)/counter/00013.png,49.12091827392578,0.2466968595981598,0.33035340905189514,5.129971274789521
HAC_ori,low,counter,00014,/work/u4546465/evaluation/HACplus+CR/HACplus+CR/HAC_ori/Low (0.06)/counter/00014.png,46.26140594482422,0.22044727206230164,0.2988537847995758,5.70229621653733
HAC_ori,low,counter,00015,/work/u4546465/evaluation/HACplus+CR/HACplus+CR/HAC_ori/Low (0.06)/counter/00015.png,51.14090347290039,0.245743989944458,0.3558928668498993,5.170365628015573
HAC_ori,low,counter,00016,/work/u4546465/evaluation/HACplus+CR/HACplus+CR/HAC_ori/Low (0.06)/counter/00016.png,47.656185150146484,0.2553257644176483,0.3326462209224701,5.229473371835516
HAC_ori,low,counter,00017,/work/u4546465/evaluation/HACplus+CR/HACplus+CR/HAC_ori/Low (0.06)/counter/00017.png,40.77569580078125,0.22573447227478027,0.2985706925392151,5.909892055238017
HAC_ori,low,counter,00018,/work/u4546465/evaluation/HACplus+CR/HACplus+CR/HAC_ori/Low (0.06)/counter/00018.png,46.42005920410156,0.211936816573143,0.3053067624568939,5.782163961401348
HAC_ori,low,counter,00019,/work/u4546465/evaluation/HACplus+CR/HACplus+CR/HAC_ori/Low (0.06)/counter/00019.png,51.04493713378906,0.2537834346294403,0.3103503882884979,5.26647770377357
HAC_ori,low,counter,00020,/work/u4546465/evaluation/HACplus+CR/HACplus+CR/HAC_ori/Low (0.06)/counter/00020.png,40.842445373535156,0.2426370531320572,0.2954331338405609,5.887462650366313
HAC_ori,low,counter,00021,/work/u4546465/evaluation/HACplus+CR/HACplus+CR/HAC_ori/Low (0.06)/counter/00021.png,45.85235595703125,0.2450636923313141,0.29943034052848816,6.694671852230779
HAC_ori,low,counter,00022,/work/u4546465/evaluation/HACplus+CR/HACplus+CR/HAC_ori/Low (0.06)/counter/00022.png,51.02546691894531,0.27274054288864136,0.340005099773407,5.36841928304806
HAC_ori,low,counter,00023,/work/u4546465/evaluation/HACplus+CR/HACplus+CR/HAC_ori/Low (0.06)/counter/00023.png,52.76306915283203,0.2744576632976532,0.33138665556907654,5.280609681499644
HAC_ori,low,counter,00024,/work/u4546465/evaluation/HACplus+CR/HACplus+CR/HAC_ori/Low (0.06)/counter/00024.png,50.45814514160156,0.27225950360298157,0.3202902376651764,5.672259002195025
HAC_ori,low,counter,00025,/work/u4546465/evaluation/HACplus+CR/HACplus+CR/HAC_ori/Low (0.06)/counter/00025.png,52.885581970214844,0.275221586227417,0.31545233726501465,5.000223976812966
HAC_ori,low,counter,00026,/work/u4546465/evaluation/HACplus+CR/HACplus+CR/HAC_ori/Low (0.06)/counter/00026.png,52.69532012939453,0.2806242108345032,0.3794223368167877,5.3872336867942785
HAC_ori,low,counter,00027,/work/u4546465/evaluation/HACplus+CR/HACplus+CR/HAC_ori/Low (0.06)/counter/00027.png,53.141910552978516,0.25245583057403564,0.28349900245666504,5.570357978832024
HAC_ori,low,counter,00028,/work/u4546465/evaluation/HACplus+CR/HACplus+CR/HAC_ori/Low (0.06)/counter/00028.png,54.677547454833984,0.27880001068115234,0.3631325662136078,5.168949123907686
HAC_ori,low,counter,00029,/work/u4546465/evaluation/HACplus+CR/HACplus+CR/HAC_ori/Low (0.06)/counter/00029.png,47.50649642944336,0.238356813788414,0.29679015278816223,5.923949924681018
HAC_ori,low,flowers,00000,/work/u4546465/evaluation/HACplus+CR/HACplus+CR/HAC_ori/Low (0.06)/flowers/00000.png,49.23177719116211,0.23104853928089142,0.411051481962204,4.375681204809708
HAC_ori,low,flowers,00001,/work/u4546465/evaluation/HACplus+CR/HACplus+CR/HAC_ori/Low (0.06)/flowers/00001.png,58.66862869262695,0.23592643439769745,0.41255685687065125,4.204791882376212
HAC_ori,low,flowers,00002,/work/u4546465/evaluation/HACplus+CR/HACplus+CR/HAC_ori/Low (0.06)/flowers/00002.png,57.01303482055664,0.2367033213376999,0.42018643021583557,4.330360206633023
HAC_ori,low,flowers,00003,/work/u4546465/evaluation/HACplus+CR/HACplus+CR/HAC_ori/Low (0.06)/flowers/00003.png,56.62322998046875,0.23938177525997162,0.448451429605484,4.092608608691289
HAC_ori,low,flowers,00004,/work/u4546465/evaluation/HACplus+CR/HACplus+CR/HAC_ori/Low (0.06)/flowers/00004.png,61.341983795166016,0.24769067764282227,0.45528289675712585,4.023917451252968
HAC_ori,low,flowers,00005,/work/u4546465/evaluation/HACplus+CR/HACplus+CR/HAC_ori/Low (0.06)/flowers/00005.png,59.79085922241211,0.2602868378162384,0.4760378301143646,4.00869021289762
HAC_ori,low,flowers,00006,/work/u4546465/evaluation/HACplus+CR/HACplus+CR/HAC_ori/Low (0.06)/flowers/00006.png,64.21788787841797,0.2616389989852905,0.5052412152290344,4.008376630344147
HAC_ori,low,flowers,00007,/work/u4546465/evaluation/HACplus+CR/HACplus+CR/HAC_ori/Low (0.06)/flowers/00007.png,61.961891174316406,0.26262137293815613,0.4878121316432953,4.010142498743344
HAC_ori,low,flowers,00008,/work/u4546465/evaluation/HACplus+CR/HACplus+CR/HAC_ori/Low (0.06)/flowers/00008.png,62.98237991333008,0.24869811534881592,0.47315502166748047,3.8179285593787036
HAC_ori,low,flowers,00009,/work/u4546465/evaluation/HACplus+CR/HACplus+CR/HAC_ori/Low (0.06)/flowers/00009.png,64.1664810180664,0.2554827332496643,0.46065178513526917,4.069212130994804
HAC_ori,low,flowers,00010,/work/u4546465/evaluation/HACplus+CR/HACplus+CR/HAC_ori/Low (0.06)/flowers/00010.png,64.93514251708984,0.2830393612384796,0.5312616229057312,3.930507599358976
HAC_ori,low,flowers,00011,/work/u4546465/evaluation/HACplus+CR/HACplus+CR/HAC_ori/Low (0.06)/flowers/00011.png,64.18174743652344,0.2750985324382782,0.49835893511772156,3.868627769223254
HAC_ori,low,flowers,00012,/work/u4546465/evaluation/HACplus+CR/HACplus+CR/HAC_ori/Low (0.06)/flowers/00012.png,57.75543212890625,0.27393287420272827,0.5096392035484314,4.022154378890515
HAC_ori,low,flowers,00013,/work/u4546465/evaluation/HACplus+CR/HACplus+CR/HAC_ori/Low (0.06)/flowers/00013.png,58.93647003173828,0.2513878643512726,0.4844036102294922,4.21185251250369
HAC_ori,low,flowers,00014,/work/u4546465/evaluation/HACplus+CR/HACplus+CR/HAC_ori/Low (0.06)/flowers/00014.png,58.82186508178711,0.2631261348724365,0.49503764510154724,4.041152651734476
HAC_ori,low,flowers,00015,/work/u4546465/evaluation/HACplus+CR/HACplus+CR/HAC_ori/Low (0.06)/flowers/00015.png,59.43391418457031,0.27554377913475037,0.5014551877975464,4.047284335374462
HAC_ori,low,flowers,00016,/work/u4546465/evaluation/HACplus+CR/HACplus+CR/HAC_ori/Low (0.06)/flowers/00016.png,62.32844543457031,0.27030688524246216,0.47733989357948303,4.009552233572233
HAC_ori,low,flowers,00017,/work/u4546465/evaluation/HACplus+CR/HACplus+CR/HAC_ori/Low (0.06)/flowers/00017.png,58.57536315917969,0.25894489884376526,0.5020506978034973,4.192662312045149
HAC_ori,low,flowers,00018,/work/u4546465/evaluation/HACplus+CR/HACplus+CR/HAC_ori/Low (0.06)/flowers/00018.png,57.11147689819336,0.24710465967655182,0.4696272015571594,4.126978932779527
HAC_ori,low,flowers,00019,/work/u4546465/evaluation/HACplus+CR/HACplus+CR/HAC_ori/Low (0.06)/flowers/00019.png,60.418724060058594,0.25892364978790283,0.4817853569984436,4.120326788675771
HAC_ori,low,flowers,00020,/work/u4546465/evaluation/HACplus+CR/HACplus+CR/HAC_ori/Low (0.06)/flowers/00020.png,53.018348693847656,0.23165158927440643,0.4213150143623352,4.312272316955484
HAC_ori,low,flowers,00021,/work/u4546465/evaluation/HACplus+CR/HACplus+CR/HAC_ori/Low (0.06)/flowers/00021.png,48.801910400390625,0.21035988628864288,0.4274190068244934,4.562911776602981
HAC_ori,low,garden,00000,/work/u4546465/evaluation/HACplus+CR/HACplus+CR/HAC_ori/Low (0.06)/garden/00000.png,68.83695220947266,0.3349355459213257,0.5038927793502808,3.124440429095381
HAC_ori,low,garden,00001,/work/u4546465/evaluation/HACplus+CR/HACplus+CR/HAC_ori/Low (0.06)/garden/00001.png,65.88147735595703,0.3123023211956024,0.38853490352630615,3.496581304011138
HAC_ori,low,garden,00002,/work/u4546465/evaluation/HACplus+CR/HACplus+CR/HAC_ori/Low (0.06)/garden/00002.png,65.47643280029297,0.32674458622932434,0.4190070629119873,3.306346771182045
HAC_ori,low,garden,00003,/work/u4546465/evaluation/HACplus+CR/HACplus+CR/HAC_ori/Low (0.06)/garden/00003.png,64.95996856689453,0.3434038460254669,0.4836426377296448,3.489128344139414
HAC_ori,low,garden,00004,/work/u4546465/evaluation/HACplus+CR/HACplus+CR/HAC_ori/Low (0.06)/garden/00004.png,67.59033966064453,0.3367122709751129,0.5109037756919861,3.1731938292545987
HAC_ori,low,garden,00005,/work/u4546465/evaluation/HACplus+CR/HACplus+CR/HAC_ori/Low (0.06)/garden/00005.png,65.6088638305664,0.34650418162345886,0.42347726225852966,3.4209998332412694
HAC_ori,low,garden,00006,/work/u4546465/evaluation/HACplus+CR/HACplus+CR/HAC_ori/Low (0.06)/garden/00006.png,68.58069610595703,0.3635903000831604,0.47608017921447754,3.3740064389368842
HAC_ori,low,garden,00007,/work/u4546465/evaluation/HACplus+CR/HACplus+CR/HAC_ori/Low (0.06)/garden/00007.png,64.09730529785156,0.35975122451782227,0.5020266771316528,3.4527378101739816
HAC_ori,low,garden,00008,/work/u4546465/evaluation/HACplus+CR/HACplus+CR/HAC_ori/Low (0.06)/garden/00008.png,65.99689483642578,0.3703155815601349,0.5257533192634583,3.512730741264702
HAC_ori,low,garden,00009,/work/u4546465/evaluation/HACplus+CR/HACplus+CR/HAC_ori/Low (0.06)/garden/00009.png,70.43071746826172,0.3740414083003998,0.49367913603782654,3.391443585482984
HAC_ori,low,garden,00010,/work/u4546465/evaluation/HACplus+CR/HACplus+CR/HAC_ori/Low (0.06)/garden/00010.png,69.60289764404297,0.3627259135246277,0.43973422050476074,3.4799662215820573
HAC_ori,low,garden,00011,/work/u4546465/evaluation/HACplus+CR/HACplus+CR/HAC_ori/Low (0.06)/garden/00011.png,66.08187866210938,0.37960541248321533,0.49866339564323425,3.457121954834229
HAC_ori,low,garden,00012,/work/u4546465/evaluation/HACplus+CR/HACplus+CR/HAC_ori/Low (0.06)/garden/00012.png,68.26248931884766,0.37010642886161804,0.5294713377952576,3.5356259633485974
HAC_ori,low,garden,00013,/work/u4546465/evaluation/HACplus+CR/HACplus+CR/HAC_ori/Low (0.06)/garden/00013.png,70.7757339477539,0.3676522374153137,0.4528835415840149,3.491631754741343
HAC_ori,low,garden,00014,/work/u4546465/evaluation/HACplus+CR/HACplus+CR/HAC_ori/Low (0.06)/garden/00014.png,68.25993347167969,0.3873334228992462,0.46956712007522583,3.4894873420772594
HAC_ori,low,garden,00015,/work/u4546465/evaluation/HACplus+CR/HACplus+CR/HAC_ori/Low (0.06)/garden/00015.png,69.16039276123047,0.3776458501815796,0.5065820813179016,3.5025083007344824
HAC_ori,low,garden,00016,/work/u4546465/evaluation/HACplus+CR/HACplus+CR/HAC_ori/Low (0.06)/garden/00016.png,73.60152435302734,0.38713520765304565,0.5197764039039612,3.560448269986532
HAC_ori,low,garden,00017,/work/u4546465/evaluation/HACplus+CR/HACplus+CR/HAC_ori/Low (0.06)/garden/00017.png,71.4682846069336,0.3874538540840149,0.42281967401504517,3.581378109942779
HAC_ori,low,garden,00018,/work/u4546465/evaluation/HACplus+CR/HACplus+CR/HAC_ori/Low (0.06)/garden/00018.png,71.33800506591797,0.4121477007865906,0.524935245513916,3.4775228733926125
HAC_ori,low,garden,00019,/work/u4546465/evaluation/HACplus+CR/HACplus+CR/HAC_ori/Low (0.06)/garden/00019.png,69.56414794921875,0.4138847291469574,0.5313393473625183,3.693220896623666
HAC_ori,low,garden,00020,/work/u4546465/evaluation/HACplus+CR/HACplus+CR/HAC_ori/Low (0.06)/garden/00020.png,72.23465728759766,0.3693705201148987,0.5064119100570679,3.386196735633134
HAC_ori,low,garden,00021,/work/u4546465/evaluation/HACplus+CR/HACplus+CR/HAC_ori/Low (0.06)/garden/00021.png,73.3913803100586,0.38516485691070557,0.45666933059692383,3.660046409750462
HAC_ori,low,garden,00022,/work/u4546465/evaluation/HACplus+CR/HACplus+CR/HAC_ori/Low (0.06)/garden/00022.png,74.08692169189453,0.4000515043735504,0.5541307330131531,3.5110735252407412
HAC_ori,low,garden,00023,/work/u4546465/evaluation/HACplus+CR/HACplus+CR/HAC_ori/Low (0.06)/garden/00023.png,73.55960845947266,0.38480252027511597,0.5440860986709595,3.517723301850823
HAC_ori,low,kitchen,00000,/work/u4546465/evaluation/HACplus+CR/HACplus+CR/HAC_ori/Low (0.06)/kitchen/00000.png,58.12318420410156,0.27163007855415344,0.39287787675857544,4.901030233091911
HAC_ori,low,kitchen,00001,/work/u4546465/evaluation/HACplus+CR/HACplus+CR/HAC_ori/Low (0.06)/kitchen/00001.png,62.11332702636719,0.27706795930862427,0.40102091431617737,4.940673049376285
HAC_ori,low,kitchen,00002,/work/u4546465/evaluation/HACplus+CR/HACplus+CR/HAC_ori/Low (0.06)/kitchen/00002.png,62.258506774902344,0.29851141571998596,0.40737709403038025,5.006776038269086
HAC_ori,low,kitchen,00003,/work/u4546465/evaluation/HACplus+CR/HACplus+CR/HAC_ori/Low (0.06)/kitchen/00003.png,64.82333374023438,0.3240222930908203,0.40369710326194763,4.665632788234987
HAC_ori,low,kitchen,00004,/work/u4546465/evaluation/HACplus+CR/HACplus+CR/HAC_ori/Low (0.06)/kitchen/00004.png,66.37577056884766,0.320688933134079,0.47386080026626587,4.604160556195859
HAC_ori,low,kitchen,00005,/work/u4546465/evaluation/HACplus+CR/HACplus+CR/HAC_ori/Low (0.06)/kitchen/00005.png,62.549827575683594,0.2994631826877594,0.4041735827922821,4.476631958000349
HAC_ori,low,kitchen,00006,/work/u4546465/evaluation/HACplus+CR/HACplus+CR/HAC_ori/Low (0.06)/kitchen/00006.png,65.56726837158203,0.3247436285018921,0.45312052965164185,4.578807407841723
HAC_ori,low,kitchen,00007,/work/u4546465/evaluation/HACplus+CR/HACplus+CR/HAC_ori/Low (0.06)/kitchen/00007.png,64.12332916259766,0.31248563528060913,0.4277874529361725,4.737135264705048
HAC_ori,low,kitchen,00008,/work/u4546465/evaluation/HACplus+CR/HACplus+CR/HAC_ori/Low (0.06)/kitchen/00008.png,60.3218994140625,0.29374319314956665,0.36740317940711975,4.820288981281874
HAC_ori,low,kitchen,00009,/work/u4546465/evaluation/HACplus+CR/HACplus+CR/HAC_ori/Low (0.06)/kitchen/00009.png,60.15731430053711,0.3111129403114319,0.3670719563961029,4.519371710842572
HAC_ori,low,kitchen,00010,/work/u4546465/evaluation/HACplus+CR/HACplus+CR/HAC_ori/Low (0.06)/kitchen/00010.png,62.722877502441406,0.33414965867996216,0.4134373664855957,4.397244446037901
HAC_ori,low,kitchen,00011,/work/u4546465/evaluation/HACplus+CR/HACplus+CR/HAC_ori/Low (0.06)/kitchen/00011.png,61.39703369140625,0.3382728695869446,0.4003032147884369,4.617986473009119
HAC_ori,low,kitchen,00012,/work/u4546465/evaluation/HACplus+CR/HACplus+CR/HAC_ori/Low (0.06)/kitchen/00012.png,61.599693298339844,0.31916743516921997,0.3433260917663574,4.64209080415382
HAC_ori,low,kitchen,00013,/work/u4546465/evaluation/HACplus+CR/HACplus+CR/HAC_ori/Low (0.06)/kitchen/00013.png,59.23866271972656,0.32503506541252136,0.36958956718444824,4.302737733241646
HAC_ori,low,kitchen,00014,/work/u4546465/evaluation/HACplus+CR/HACplus+CR/HAC_ori/Low (0.06)/kitchen/00014.png,62.91892623901367,0.3443570137023926,0.43737688660621643,4.598205666648356
HAC_ori,low,kitchen,00015,/work/u4546465/evaluation/HACplus+CR/HACplus+CR/HAC_ori/Low (0.06)/kitchen/00015.png,57.89398956298828,0.2779974639415741,0.3662795126438141,4.351348552880067
HAC_ori,low,kitchen,00016,/work/u4546465/evaluation/HACplus+CR/HACplus+CR/HAC_ori/Low (0.06)/kitchen/00016.png,61.254051208496094,0.300590455532074,0.35877612233161926,4.305828952435278
HAC_ori,low,kitchen,00017,/work/u4546465/evaluation/HACplus+CR/HACplus+CR/HAC_ori/Low (0.06)/kitchen/00017.png,59.995323181152344,0.28803837299346924,0.3678121268749237,4.226174866883489
HAC_ori,low,kitchen,00018,/work/u4546465/evaluation/HACplus+CR/HACplus+CR/HAC_ori/Low (0.06)/kitchen/00018.png,62.70781707763672,0.2868402302265167,0.3476305902004242,4.2479884192987445
HAC_ori,low,kitchen,00019,/work/u4546465/evaluation/HACplus+CR/HACplus+CR/HAC_ori/Low (0.06)/kitchen/00019.png,63.55237579345703,0.29528337717056274,0.3767589330673218,4.11355773059066
HAC_ori,low,kitchen,00020,/work/u4546465/evaluation/HACplus+CR/HACplus+CR/HAC_ori/Low (0.06)/kitchen/00020.png,55.1745491027832,0.2637307643890381,0.35182079672813416,5.347142475477698
HAC_ori,low,kitchen,00021,/work/u4546465/evaluation/HACplus+CR/HACplus+CR/HAC_ori/Low (0.06)/kitchen/00021.png,53.205509185791016,0.25046056509017944,0.3004922568798065,5.320024236588348
HAC_ori,low,kitchen,00022,/work/u4546465/evaluation/HACplus+CR/HACplus+CR/HAC_ori/Low (0.06)/kitchen/00022.png,57.97257614135742,0.2959083020687103,0.38748347759246826,4.746552555483007
HAC_ori,low,kitchen,00023,/work/u4546465/evaluation/HACplus+CR/HACplus+CR/HAC_ori/Low (0.06)/kitchen/00023.png,54.900447845458984,0.25950193405151367,0.3388565480709076,5.361411338038547
HAC_ori,low,kitchen,00024,/work/u4546465/evaluation/HACplus+CR/HACplus+CR/HAC_ori/Low (0.06)/kitchen/00024.png,57.70632553100586,0.30969759821891785,0.36358410120010376,4.964475137602745
HAC_ori,low,kitchen,00025,/work/u4546465/evaluation/HACplus+CR/HACplus+CR/HAC_ori/Low (0.06)/kitchen/00025.png,58.11565399169922,0.32209286093711853,0.3212193548679352,4.720887311731861
HAC_ori,low,kitchen,00026,/work/u4546465/evaluation/HACplus+CR/HACplus+CR/HAC_ori/Low (0.06)/kitchen/00026.png,61.42463302612305,0.288698673248291,0.3651944100856781,4.563743824258542
HAC_ori,low,kitchen,00027,/work/u4546465/evaluation/HACplus+CR/HACplus+CR/HAC_ori/Low (0.06)/kitchen/00027.png,61.959835052490234,0.3062504231929779,0.3925248980522156,4.4597386292842645
HAC_ori,low,kitchen,00028,/work/u4546465/evaluation/HACplus+CR/HACplus+CR/HAC_ori/Low (0.06)/kitchen/00028.png,57.78902053833008,0.3147016167640686,0.33536407351493835,4.949048346509705
HAC_ori,low,kitchen,00029,/work/u4546465/evaluation/HACplus+CR/HACplus+CR/HAC_ori/Low (0.06)/kitchen/00029.png,54.967376708984375,0.28836533427238464,0.35314637422561646,5.450680770173927
HAC_ori,low,kitchen,00030,/work/u4546465/evaluation/HACplus+CR/HACplus+CR/HAC_ori/Low (0.06)/kitchen/00030.png,59.804622650146484,0.29614341259002686,0.3816587030887604,4.99229409956445
HAC_ori,low,kitchen,00031,/work/u4546465/evaluation/HACplus+CR/HACplus+CR/HAC_ori/Low (0.06)/kitchen/00031.png,56.3363037109375,0.26245641708374023,0.3346036672592163,5.202171450161894
HAC_ori,low,kitchen,00032,/work/u4546465/evaluation/HACplus+CR/HACplus+CR/HAC_ori/Low (0.06)/kitchen/00032.png,58.57597732543945,0.3065953850746155,0.3656468093395233,4.628069071002457
HAC_ori,low,kitchen,00033,/work/u4546465/evaluation/HACplus+CR/HACplus+CR/HAC_ori/Low (0.06)/kitchen/00033.png,56.65126037597656,0.2774895429611206,0.3259706199169159,4.8432957359309405
HAC_ori,low,kitchen,00034,/work/u4546465/evaluation/HACplus+CR/HACplus+CR/HAC_ori/Low (0.06)/kitchen/00034.png,58.96683883666992,0.3219161331653595,0.3979422152042389,4.544896792957751
HAC_ori,low,room,00000,/work/u4546465/evaluation/HACplus+CR/HACplus+CR/HAC_ori/Low (0.06)/room/00000.png,41.66289520263672,0.23043641448020935,0.27254682779312134,6.431495434235675
HAC_ori,low,room,00001,/work/u4546465/evaluation/HACplus+CR/HACplus+CR/HAC_ori/Low (0.06)/room/00001.png,44.56605529785156,0.23475486040115356,0.27746880054473877,6.50806500436027
HAC_ori,low,room,00002,/work/u4546465/evaluation/HACplus+CR/HACplus+CR/HAC_ori/Low (0.06)/room/00002.png,44.38957214355469,0.23301325738430023,0.2863311171531677,6.5794135059696615
HAC_ori,low,room,00003,/work/u4546465/evaluation/HACplus+CR/HACplus+CR/HAC_ori/Low (0.06)/room/00003.png,48.03505325317383,0.2684952914714813,0.33550092577934265,6.222233058815682
HAC_ori,low,room,00004,/work/u4546465/evaluation/HACplus+CR/HACplus+CR/HAC_ori/Low (0.06)/room/00004.png,51.63215255737305,0.31258514523506165,0.3748546540737152,5.428954822511759
HAC_ori,low,room,00005,/work/u4546465/evaluation/HACplus+CR/HACplus+CR/HAC_ori/Low (0.06)/room/00005.png,50.922821044921875,0.2694467008113861,0.30635690689086914,5.792587718221472
HAC_ori,low,room,00006,/work/u4546465/evaluation/HACplus+CR/HACplus+CR/HAC_ori/Low (0.06)/room/00006.png,49.07768249511719,0.27318450808525085,0.3082757294178009,6.0558217514535615
HAC_ori,low,room,00007,/work/u4546465/evaluation/HACplus+CR/HACplus+CR/HAC_ori/Low (0.06)/room/00007.png,50.86473083496094,0.29334211349487305,0.3695579469203949,5.47818611752357
HAC_ori,low,room,00008,/work/u4546465/evaluation/HACplus+CR/HACplus+CR/HAC_ori/Low (0.06)/room/00008.png,52.928306579589844,0.28406810760498047,0.3251049220561981,5.548602495384497
HAC_ori,low,room,00009,/work/u4546465/evaluation/HACplus+CR/HACplus+CR/HAC_ori/Low (0.06)/room/00009.png,52.452117919921875,0.2959437072277069,0.3481259047985077,5.703490096130724
HAC_ori,low,room,00010,/work/u4546465/evaluation/HACplus+CR/HACplus+CR/HAC_ori/Low (0.06)/room/00010.png,47.42148208618164,0.2754021883010864,0.31877586245536804,6.170812779859141
HAC_ori,low,room,00011,/work/u4546465/evaluation/HACplus+CR/HACplus+CR/HAC_ori/Low (0.06)/room/00011.png,41.51662063598633,0.2577988803386688,0.3472237288951874,6.814004527120108
HAC_ori,low,room,00012,/work/u4546465/evaluation/HACplus+CR/HACplus+CR/HAC_ori/Low (0.06)/room/00012.png,46.54510498046875,0.2694425582885742,0.30798688530921936,6.3248532459191456
HAC_ori,low,room,00013,/work/u4546465/evaluation/HACplus+CR/HACplus+CR/HAC_ori/Low (0.06)/room/00013.png,45.71474838256836,0.26983559131622314,0.35721325874328613,5.594899281635188
HAC_ori,low,room,00014,/work/u4546465/evaluation/HACplus+CR/HACplus+CR/HAC_ori/Low (0.06)/room/00014.png,55.92787170410156,0.26705893874168396,0.3943841755390167,5.584779740075572
HAC_ori,low,room,00015,/work/u4546465/evaluation/HACplus+CR/HACplus+CR/HAC_ori/Low (0.06)/room/00015.png,45.478118896484375,0.26644763350486755,0.3025263249874115,7.1130273760428615
HAC_ori,low,room,00016,/work/u4546465/evaluation/HACplus+CR/HACplus+CR/HAC_ori/Low (0.06)/room/00016.png,46.65461349487305,0.28072038292884827,0.34433749318122864,5.730764378286656
HAC_ori,low,room,00017,/work/u4546465/evaluation/HACplus+CR/HACplus+CR/HAC_ori/Low (0.06)/room/00017.png,50.32166290283203,0.2492656111717224,0.3469580113887787,5.93047887668915
HAC_ori,low,room,00018,/work/u4546465/evaluation/HACplus+CR/HACplus+CR/HAC_ori/Low (0.06)/room/00018.png,45.66657257080078,0.2995512783527374,0.3050713539123535,6.445870225007329
HAC_ori,low,room,00019,/work/u4546465/evaluation/HACplus+CR/HACplus+CR/HAC_ori/Low (0.06)/room/00019.png,48.03792953491211,0.24849286675453186,0.2773589789867401,6.037587355239141
HAC_ori,low,room,00020,/work/u4546465/evaluation/HACplus+CR/HACplus+CR/HAC_ori/Low (0.06)/room/00020.png,44.132904052734375,0.2528158128261566,0.2940274178981781,6.3991028740983475
HAC_ori,low,room,00021,/work/u4546465/evaluation/HACplus+CR/HACplus+CR/HAC_ori/Low (0.06)/room/00021.png,47.77728271484375,0.27138787508010864,0.2814105451107025,6.492827652406552
HAC_ori,low,room,00022,/work/u4546465/evaluation/HACplus+CR/HACplus+CR/HAC_ori/Low (0.06)/room/00022.png,46.1019172668457,0.2582531273365021,0.3172464370727539,5.946728522167564
HAC_ori,low,room,00023,/work/u4546465/evaluation/HACplus+CR/HACplus+CR/HAC_ori/Low (0.06)/room/00023.png,42.63845443725586,0.24838189780712128,0.3364902436733246,6.493527375625313
HAC_ori,low,room,00024,/work/u4546465/evaluation/HACplus+CR/HACplus+CR/HAC_ori/Low (0.06)/room/00024.png,43.39757537841797,0.25691401958465576,0.31989291310310364,6.938276951907973
HAC_ori,low,room,00025,/work/u4546465/evaluation/HACplus+CR/HACplus+CR/HAC_ori/Low (0.06)/room/00025.png,53.12751007080078,0.2897791862487793,0.29535290598869324,6.382362577370817
HAC_ori,low,room,00026,/work/u4546465/evaluation/HACplus+CR/HACplus+CR/HAC_ori/Low (0.06)/room/00026.png,34.57782745361328,0.28684815764427185,0.35256248712539673,7.438787149943488
HAC_ori,low,room,00027,/work/u4546465/evaluation/HACplus+CR/HACplus+CR/HAC_ori/Low (0.06)/room/00027.png,40.33128356933594,0.2253851294517517,0.2507959306240082,7.7023006655438
HAC_ori,low,room,00028,/work/u4546465/evaluation/HACplus+CR/HACplus+CR/HAC_ori/Low (0.06)/room/00028.png,28.71372413635254,0.22198283672332764,0.35954198241233826,7.321217571060574
HAC_ori,low,room,00029,/work/u4546465/evaluation/HACplus+CR/HACplus+CR/HAC_ori/Low (0.06)/room/00029.png,38.18159103393555,0.24354347586631775,0.37239885330200195,7.337107244457021
HAC_ori,low,room,00030,/work/u4546465/evaluation/HACplus+CR/HACplus+CR/HAC_ori/Low (0.06)/room/00030.png,41.579505920410156,0.2206612527370453,0.27152734994888306,7.796527649658402
HAC_ori,low,room,00031,/work/u4546465/evaluation/HACplus+CR/HACplus+CR/HAC_ori/Low (0.06)/room/00031.png,38.70001220703125,0.2614372670650482,0.2822573482990265,8.987331464719201
HAC_ori,low,room,00032,/work/u4546465/evaluation/HACplus+CR/HACplus+CR/HAC_ori/Low (0.06)/room/00032.png,52.024078369140625,0.24881654977798462,0.3451424539089203,5.782875942771916
HAC_ori,low,room,00033,/work/u4546465/evaluation/HACplus+CR/HACplus+CR/HAC_ori/Low (0.06)/room/00033.png,37.10984420776367,0.2681277394294739,0.35531195998191833,8.47379405280962
HAC_ori,low,room,00034,/work/u4546465/evaluation/HACplus+CR/HACplus+CR/HAC_ori/Low (0.06)/room/00034.png,28.6695613861084,0.3511946499347687,0.40601158142089844,8.046468751081738
HAC_ori,low,room,00035,/work/u4546465/evaluation/HACplus+CR/HACplus+CR/HAC_ori/Low (0.06)/room/00035.png,42.828922271728516,0.3565811812877655,0.36457639932632446,7.488002138477008
HAC_ori,low,room,00036,/work/u4546465/evaluation/HACplus+CR/HACplus+CR/HAC_ori/Low (0.06)/room/00036.png,39.656822204589844,0.2548500895500183,0.374548077583313,10.27672003002153
HAC_ori,low,room,00037,/work/u4546465/evaluation/HACplus+CR/HACplus+CR/HAC_ori/Low (0.06)/room/00037.png,43.24463653564453,0.3995298743247986,0.3557344377040863,6.942594170498835
HAC_ori,low,room,00038,/work/u4546465/evaluation/HACplus+CR/HACplus+CR/HAC_ori/Low (0.06)/room/00038.png,43.781558990478516,0.26412031054496765,0.35562190413475037,8.072174999178943
HAC_ori,low,stump,00000,/work/u4546465/evaluation/HACplus+CR/HACplus+CR/HAC_ori/Low (0.06)/stump/00000.png,49.98857116699219,0.25962209701538086,0.361338347196579,4.318790336076115
HAC_ori,low,stump,00001,/work/u4546465/evaluation/HACplus+CR/HACplus+CR/HAC_ori/Low (0.06)/stump/00001.png,53.61038589477539,0.2235124260187149,0.32425424456596375,4.586290053215609
HAC_ori,low,stump,00002,/work/u4546465/evaluation/HACplus+CR/HACplus+CR/HAC_ori/Low (0.06)/stump/00002.png,52.136009216308594,0.24248430132865906,0.3370133340358734,4.447281362824367
HAC_ori,low,stump,00003,/work/u4546465/evaluation/HACplus+CR/HACplus+CR/HAC_ori/Low (0.06)/stump/00003.png,54.81982421875,0.24235950410366058,0.3612307012081146,4.244560424757505
HAC_ori,low,stump,00004,/work/u4546465/evaluation/HACplus+CR/HACplus+CR/HAC_ori/Low (0.06)/stump/00004.png,48.94798278808594,0.23761194944381714,0.3351663649082184,4.668896271284631
HAC_ori,low,stump,00005,/work/u4546465/evaluation/HACplus+CR/HACplus+CR/HAC_ori/Low (0.06)/stump/00005.png,58.84827423095703,0.2638331353664398,0.38551756739616394,4.021147957172752
HAC_ori,low,stump,00006,/work/u4546465/evaluation/HACplus+CR/HACplus+CR/HAC_ori/Low (0.06)/stump/00006.png,50.20018005371094,0.27820244431495667,0.31671229004859924,4.589167438300435
HAC_ori,low,stump,00007,/work/u4546465/evaluation/HACplus+CR/HACplus+CR/HAC_ori/Low (0.06)/stump/00007.png,56.049903869628906,0.27410587668418884,0.3705238103866577,4.223313232151623
HAC_ori,low,stump,00008,/work/u4546465/evaluation/HACplus+CR/HACplus+CR/HAC_ori/Low (0.06)/stump/00008.png,49.9891242980957,0.246615469455719,0.3671444356441498,4.381783900830324
HAC_ori,low,stump,00009,/work/u4546465/evaluation/HACplus+CR/HACplus+CR/HAC_ori/Low (0.06)/stump/00009.png,53.450923919677734,0.2860155999660492,0.37207654118537903,4.297367006701679
HAC_ori,low,stump,00010,/work/u4546465/evaluation/HACplus+CR/HACplus+CR/HAC_ori/Low (0.06)/stump/00010.png,58.37969207763672,0.3036350607872009,0.383364200592041,4.0133019171716855
HAC_ori,low,stump,00011,/work/u4546465/evaluation/HACplus+CR/HACplus+CR/HAC_ori/Low (0.06)/stump/00011.png,54.58605194091797,0.29766714572906494,0.3560159504413605,4.362214797078205
HAC_ori,low,stump,00012,/work/u4546465/evaluation/HACplus+CR/HACplus+CR/HAC_ori/Low (0.06)/stump/00012.png,60.778175354003906,0.31124329566955566,0.400391548871994,3.989473124490814
HAC_ori,low,stump,00013,/work/u4546465/evaluation/HACplus+CR/HACplus+CR/HAC_ori/Low (0.06)/stump/00013.png,55.91802215576172,0.3000907003879547,0.36739441752433777,4.270176214671224
HAC_ori,low,stump,00014,/work/u4546465/evaluation/HACplus+CR/HACplus+CR/HAC_ori/Low (0.06)/stump/00014.png,59.18751525878906,0.3064710199832916,0.40089544653892517,4.072252617034979
HAC_ori,low,stump,00015,/work/u4546465/evaluation/HACplus+CR/HACplus+CR/HAC_ori/Low (0.06)/stump/00015.png,56.06975173950195,0.3035111129283905,0.343622624874115,4.340537250820706
HAC_ori,low,treehill,00000,/work/u4546465/evaluation/HACplus+CR/HACplus+CR/HAC_ori/Low (0.06)/treehill/00000.png,35.69123077392578,0.23849526047706604,0.37482500076293945,4.8825799045964295
HAC_ori,low,treehill,00001,/work/u4546465/evaluation/HACplus+CR/HACplus+CR/HAC_ori/Low (0.06)/treehill/00001.png,36.69809341430664,0.2703604996204376,0.40014177560806274,5.1732270224012975
HAC_ori,low,treehill,00002,/work/u4546465/evaluation/HACplus+CR/HACplus+CR/HAC_ori/Low (0.06)/treehill/00002.png,40.09014892578125,0.27733054757118225,0.3685244023799896,4.554099251448511
HAC_ori,low,treehill,00003,/work/u4546465/evaluation/HACplus+CR/HACplus+CR/HAC_ori/Low (0.06)/treehill/00003.png,43.532508850097656,0.27657827734947205,0.39993780851364136,4.653499400033057
HAC_ori,low,treehill,00004,/work/u4546465/evaluation/HACplus+CR/HACplus+CR/HAC_ori/Low (0.06)/treehill/00004.png,49.814186096191406,0.24791082739830017,0.34684059023857117,5.0723006176980725
HAC_ori,low,treehill,00005,/work/u4546465/evaluation/HACplus+CR/HACplus+CR/HAC_ori/Low (0.06)/treehill/00005.png,48.99882125854492,0.2609182596206665,0.3531424105167389,4.678640905221101
HAC_ori,low,treehill,00006,/work/u4546465/evaluation/HACplus+CR/HACplus+CR/HAC_ori/Low (0.06)/treehill/00006.png,53.08662796020508,0.26431694626808167,0.33436742424964905,4.855225163404052
HAC_ori,low,treehill,00007,/work/u4546465/evaluation/HACplus+CR/HACplus+CR/HAC_ori/Low (0.06)/treehill/00007.png,48.316505432128906,0.27458906173706055,0.32924744486808777,5.236985232318436
HAC_ori,low,treehill,00008,/work/u4546465/evaluation/HACplus+CR/HACplus+CR/HAC_ori/Low (0.06)/treehill/00008.png,56.13660430908203,0.2699158191680908,0.34286388754844666,4.824045418299484
HAC_ori,low,treehill,00009,/work/u4546465/evaluation/HACplus+CR/HACplus+CR/HAC_ori/Low (0.06)/treehill/00009.png,51.458709716796875,0.28525111079216003,0.35802051424980164,4.821813481535896
HAC_ori,low,treehill,00010,/work/u4546465/evaluation/HACplus+CR/HACplus+CR/HAC_ori/Low (0.06)/treehill/00010.png,54.944427490234375,0.248386949300766,0.35131755471229553,4.958001706714573
HAC_ori,low,treehill,00011,/work/u4546465/evaluation/HACplus+CR/HACplus+CR/HAC_ori/Low (0.06)/treehill/00011.png,56.429046630859375,0.2818849980831146,0.34359923005104065,5.136787622136276
HAC_ori,low,treehill,00012,/work/u4546465/evaluation/HACplus+CR/HACplus+CR/HAC_ori/Low (0.06)/treehill/00012.png,54.181243896484375,0.30328360199928284,0.33592110872268677,4.806209664681884
HAC_ori,low,treehill,00013,/work/u4546465/evaluation/HACplus+CR/HACplus+CR/HAC_ori/Low (0.06)/treehill/00013.png,58.06645584106445,0.26268234848976135,0.36511358618736267,4.777253938830418
HAC_ori,low,treehill,00014,/work/u4546465/evaluation/HACplus+CR/HACplus+CR/HAC_ori/Low (0.06)/treehill/00014.png,55.503047943115234,0.28730350732803345,0.3321370780467987,5.247818659559176
HAC_ori,low,treehill,00015,/work/u4546465/evaluation/HACplus+CR/HACplus+CR/HAC_ori/Low (0.06)/treehill/00015.png,55.64312744140625,0.31142839789390564,0.34408578276634216,4.958695225980655
HAC_ori,low,treehill,00016,/work/u4546465/evaluation/HACplus+CR/HACplus+CR/HAC_ori/Low (0.06)/treehill/00016.png,57.60005569458008,0.26410070061683655,0.3667716979980469,4.7744260846015
HAC_ori,low,treehill,00017,/work/u4546465/evaluation/HACplus+CR/HACplus+CR/HAC_ori/Low (0.06)/treehill/00017.png,52.75074005126953,0.3198339641094208,0.34862956404685974,5.175314411733005
HAC_ori,mid,bicycle,00000,/work/u4546465/evaluation/HACplus+CR/HACplus+CR/HAC_ori/Mid (0.01)/bicycle/00000.png,70.08805847167969,0.36422809958457947,0.4120825231075287,3.063668387857211
HAC_ori,mid,bicycle,00001,/work/u4546465/evaluation/HACplus+CR/HACplus+CR/HAC_ori/Mid (0.01)/bicycle/00001.png,68.65216827392578,0.312819242477417,0.44972124695777893,3.020270663166571
HAC_ori,mid,bicycle,00002,/work/u4546465/evaluation/HACplus+CR/HACplus+CR/HAC_ori/Mid (0.01)/bicycle/00002.png,57.460350036621094,0.28323301672935486,0.43818339705467224,3.2935037398189406
HAC_ori,mid,bicycle,00003,/work/u4546465/evaluation/HACplus+CR/HACplus+CR/HAC_ori/Mid (0.01)/bicycle/00003.png,60.31153869628906,0.31216755509376526,0.4398697018623352,3.3566235077273134
HAC_ori,mid,bicycle,00004,/work/u4546465/evaluation/HACplus+CR/HACplus+CR/HAC_ori/Mid (0.01)/bicycle/00004.png,63.54154586791992,0.2866971790790558,0.4645456373691559,3.337189909952619
HAC_ori,mid,bicycle,00005,/work/u4546465/evaluation/HACplus+CR/HACplus+CR/HAC_ori/Mid (0.01)/bicycle/00005.png,59.702857971191406,0.31174302101135254,0.43990999460220337,3.0927481303847504
HAC_ori,mid,bicycle,00006,/work/u4546465/evaluation/HACplus+CR/HACplus+CR/HAC_ori/Mid (0.01)/bicycle/00006.png,71.79985046386719,0.374332457780838,0.47474026679992676,3.158345976212129
HAC_ori,mid,bicycle,00007,/work/u4546465/evaluation/HACplus+CR/HACplus+CR/HAC_ori/Mid (0.01)/bicycle/00007.png,71.56958770751953,0.3655587434768677,0.43598613142967224,3.065200165727056
HAC_ori,mid,bicycle,00008,/work/u4546465/evaluation/HACplus+CR/HACplus+CR/HAC_ori/Mid (0.01)/bicycle/00008.png,64.55858612060547,0.30553358793258667,0.4833463728427887,3.2466056331943682
HAC_ori,mid,bicycle,00009,/work/u4546465/evaluation/HACplus+CR/HACplus+CR/HAC_ori/Mid (0.01)/bicycle/00009.png,69.95470428466797,0.3460453152656555,0.4734598696231842,3.120900615420427
HAC_ori,mid,bicycle,00010,/work/u4546465/evaluation/HACplus+CR/HACplus+CR/HAC_ori/Mid (0.01)/bicycle/00010.png,69.61477661132812,0.3390347361564636,0.4352649748325348,3.015559792886559
HAC_ori,mid,bicycle,00011,/work/u4546465/evaluation/HACplus+CR/HACplus+CR/HAC_ori/Mid (0.01)/bicycle/00011.png,62.60291290283203,0.3060174882411957,0.4915766716003418,3.0275419465101785
HAC_ori,mid,bicycle,00012,/work/u4546465/evaluation/HACplus+CR/HACplus+CR/HAC_ori/Mid (0.01)/bicycle/00012.png,68.66057586669922,0.36095353960990906,0.46318283677101135,3.072589536942275
HAC_ori,mid,bicycle,00013,/work/u4546465/evaluation/HACplus+CR/HACplus+CR/HAC_ori/Mid (0.01)/bicycle/00013.png,71.43266296386719,0.3823310434818268,0.41587600111961365,3.153264381643616
HAC_ori,mid,bicycle,00014,/work/u4546465/evaluation/HACplus+CR/HACplus+CR/HAC_ori/Mid (0.01)/bicycle/00014.png,70.8939437866211,0.3527642786502838,0.46759697794914246,3.42554356491339
HAC_ori,mid,bicycle,00015,/work/u4546465/evaluation/HACplus+CR/HACplus+CR/HAC_ori/Mid (0.01)/bicycle/00015.png,67.57347106933594,0.3569409251213074,0.45805904269218445,3.138071685634107
HAC_ori,mid,bicycle,00016,/work/u4546465/evaluation/HACplus+CR/HACplus+CR/HAC_ori/Mid (0.01)/bicycle/00016.png,65.6772689819336,0.33475634455680847,0.5057812333106995,3.1886030137030517
HAC_ori,mid,bicycle,00017,/work/u4546465/evaluation/HACplus+CR/HACplus+CR/HAC_ori/Mid (0.01)/bicycle/00017.png,72.32261657714844,0.39117878675460815,0.4609445631504059,3.2953796713490213
HAC_ori,mid,bicycle,00018,/work/u4546465/evaluation/HACplus+CR/HACplus+CR/HAC_ori/Mid (0.01)/bicycle/00018.png,72.46720886230469,0.3748362362384796,0.42102161049842834,3.3985797097040753
HAC_ori,mid,bicycle,00019,/work/u4546465/evaluation/HACplus+CR/HACplus+CR/HAC_ori/Mid (0.01)/bicycle/00019.png,70.92888641357422,0.3562740683555603,0.4688081443309784,3.1979322250906588
HAC_ori,mid,bicycle,00020,/work/u4546465/evaluation/HACplus+CR/HACplus+CR/HAC_ori/Mid (0.01)/bicycle/00020.png,72.20716857910156,0.366186261177063,0.46012458205223083,3.279605704580601
HAC_ori,mid,bicycle,00021,/work/u4546465/evaluation/HACplus+CR/HACplus+CR/HAC_ori/Mid (0.01)/bicycle/00021.png,71.25382232666016,0.34497228264808655,0.4887349307537079,3.275399405750225
HAC_ori,mid,bicycle,00022,/work/u4546465/evaluation/HACplus+CR/HACplus+CR/HAC_ori/Mid (0.01)/bicycle/00022.png,72.23572540283203,0.3729899823665619,0.42496058344841003,3.156987130394109
HAC_ori,mid,bicycle,00023,/work/u4546465/evaluation/HACplus+CR/HACplus+CR/HAC_ori/Mid (0.01)/bicycle/00023.png,72.03670501708984,0.33872225880622864,0.46633633971214294,3.42957301317561
HAC_ori,mid,bicycle,00024,/work/u4546465/evaluation/HACplus+CR/HACplus+CR/HAC_ori/Mid (0.01)/bicycle/00024.png,70.75130462646484,0.369681715965271,0.42893967032432556,3.577623006939709
HAC_ori,mid,bonsai,00000,/work/u4546465/evaluation/HACplus+CR/HACplus+CR/HAC_ori/Mid (0.01)/bonsai/00000.png,56.751426696777344,0.24949400126934052,0.3150950074195862,4.875953598682999
HAC_ori,mid,bonsai,00001,/work/u4546465/evaluation/HACplus+CR/HACplus+CR/HAC_ori/Mid (0.01)/bonsai/00001.png,60.51026153564453,0.2583768963813782,0.3188001215457916,4.8394755447741655
HAC_ori,mid,bonsai,00002,/work/u4546465/evaluation/HACplus+CR/HACplus+CR/HAC_ori/Mid (0.01)/bonsai/00002.png,57.33793640136719,0.2428712397813797,0.35400840640068054,4.9320830367030295
HAC_ori,mid,bonsai,00003,/work/u4546465/evaluation/HACplus+CR/HACplus+CR/HAC_ori/Mid (0.01)/bonsai/00003.png,60.342811584472656,0.24412302672863007,0.384664386510849,4.828814387407776
HAC_ori,mid,bonsai,00004,/work/u4546465/evaluation/HACplus+CR/HACplus+CR/HAC_ori/Mid (0.01)/bonsai/00004.png,61.3651237487793,0.2898818850517273,0.3962832987308502,4.847690308358388
HAC_ori,mid,bonsai,00005,/work/u4546465/evaluation/HACplus+CR/HACplus+CR/HAC_ori/Mid (0.01)/bonsai/00005.png,60.14791488647461,0.2588917911052704,0.40164047479629517,4.917810618814955
HAC_ori,mid,bonsai,00006,/work/u4546465/evaluation/HACplus+CR/HACplus+CR/HAC_ori/Mid (0.01)/bonsai/00006.png,61.25468444824219,0.22514638304710388,0.3782866597175598,4.558606461284507
HAC_ori,mid,bonsai,00007,/work/u4546465/evaluation/HACplus+CR/HACplus+CR/HAC_ori/Mid (0.01)/bonsai/00007.png,61.37133026123047,0.26335155963897705,0.43463656306266785,4.884209898720268
HAC_ori,mid,bonsai,00008,/work/u4546465/evaluation/HACplus+CR/HACplus+CR/HAC_ori/Mid (0.01)/bonsai/00008.png,62.64262390136719,0.23214352130889893,0.41364699602127075,4.887255172315639
HAC_ori,mid,bonsai,00009,/work/u4546465/evaluation/HACplus+CR/HACplus+CR/HAC_ori/Mid (0.01)/bonsai/00009.png,59.66664505004883,0.25400662422180176,0.41419386863708496,4.818563263467026
HAC_ori,mid,bonsai,00010,/work/u4546465/evaluation/HACplus+CR/HACplus+CR/HAC_ori/Mid (0.01)/bonsai/00010.png,61.520599365234375,0.2730693519115448,0.5629664063453674,4.9505202849951235
HAC_ori,mid,bonsai,00011,/work/u4546465/evaluation/HACplus+CR/HACplus+CR/HAC_ori/Mid (0.01)/bonsai/00011.png,58.96807098388672,0.2510431408882141,0.40423646569252014,5.112113848917434
HAC_ori,mid,bonsai,00012,/work/u4546465/evaluation/HACplus+CR/HACplus+CR/HAC_ori/Mid (0.01)/bonsai/00012.png,52.48291778564453,0.21453946828842163,0.3806489109992981,5.171241416166983
HAC_ori,mid,bonsai,00013,/work/u4546465/evaluation/HACplus+CR/HACplus+CR/HAC_ori/Mid (0.01)/bonsai/00013.png,60.62879943847656,0.27617940306663513,0.4968887269496918,4.866377613209584
HAC_ori,mid,bonsai,00014,/work/u4546465/evaluation/HACplus+CR/HACplus+CR/HAC_ori/Mid (0.01)/bonsai/00014.png,60.63915252685547,0.27218589186668396,0.47251710295677185,4.991297024696179
HAC_ori,mid,bonsai,00015,/work/u4546465/evaluation/HACplus+CR/HACplus+CR/HAC_ori/Mid (0.01)/bonsai/00015.png,47.61528396606445,0.23768965899944305,0.38782158493995667,5.199888159993858
HAC_ori,mid,bonsai,00016,/work/u4546465/evaluation/HACplus+CR/HACplus+CR/HAC_ori/Mid (0.01)/bonsai/00016.png,59.08369064331055,0.25751087069511414,0.41637346148490906,4.805659885180686
HAC_ori,mid,bonsai,00017,/work/u4546465/evaluation/HACplus+CR/HACplus+CR/HAC_ori/Mid (0.01)/bonsai/00017.png,58.793575286865234,0.2820082902908325,0.49181777238845825,5.31632163572131
HAC_ori,mid,bonsai,00018,/work/u4546465/evaluation/HACplus+CR/HACplus+CR/HAC_ori/Mid (0.01)/bonsai/00018.png,55.88604736328125,0.2355361431837082,0.3147570788860321,4.958622289947029
HAC_ori,mid,bonsai,00019,/work/u4546465/evaluation/HACplus+CR/HACplus+CR/HAC_ori/Mid (0.01)/bonsai/00019.png,56.46184539794922,0.26949629187583923,0.3376536965370178,5.015637813710127
HAC_ori,mid,bonsai,00020,/work/u4546465/evaluation/HACplus+CR/HACplus+CR/HAC_ori/Mid (0.01)/bonsai/00020.png,59.90755844116211,0.2748090922832489,0.3525913655757904,5.327743261298034
HAC_ori,mid,bonsai,00021,/work/u4546465/evaluation/HACplus+CR/HACplus+CR/HAC_ori/Mid (0.01)/bonsai/00021.png,58.72998046875,0.26706281304359436,0.3197305202484131,5.177507425874154
HAC_ori,mid,bonsai,00022,/work/u4546465/evaluation/HACplus+CR/HACplus+CR/HAC_ori/Mid (0.01)/bonsai/00022.png,56.998008728027344,0.29381418228149414,0.3979470729827881,4.973628318213991
HAC_ori,mid,bonsai,00023,/work/u4546465/evaluation/HACplus+CR/HACplus+CR/HAC_ori/Mid (0.01)/bonsai/00023.png,58.37697982788086,0.287506103515625,0.3754744231700897,5.561186083813201
HAC_ori,mid,bonsai,00024,/work/u4546465/evaluation/HACplus+CR/HACplus+CR/HAC_ori/Mid (0.01)/bonsai/00024.png,53.118934631347656,0.28196296095848083,0.37108802795410156,5.29561989039872
HAC_ori,mid,bonsai,00025,/work/u4546465/evaluation/HACplus+CR/HACplus+CR/HAC_ori/Mid (0.01)/bonsai/00025.png,52.14418411254883,0.3390161097049713,0.48649126291275024,5.154244456699106
HAC_ori,mid,bonsai,00026,/work/u4546465/evaluation/HACplus+CR/HACplus+CR/HAC_ori/Mid (0.01)/bonsai/00026.png,59.246864318847656,0.3033555746078491,0.40461912751197815,5.142044515093538
HAC_ori,mid,bonsai,00027,/work/u4546465/evaluation/HACplus+CR/HACplus+CR/HAC_ori/Mid (0.01)/bonsai/00027.png,58.61906051635742,0.2922729551792145,0.3867090344429016,5.225888220875785
HAC_ori,mid,bonsai,00028,/work/u4546465/evaluation/HACplus+CR/HACplus+CR/HAC_ori/Mid (0.01)/bonsai/00028.png,54.66081619262695,0.31748080253601074,0.4727597236633301,5.710193985635075
HAC_ori,mid,bonsai,00029,/work/u4546465/evaluation/HACplus+CR/HACplus+CR/HAC_ori/Mid (0.01)/bonsai/00029.png,59.72972869873047,0.2917235195636749,0.3806002736091614,5.222581505063019
HAC_ori,mid,bonsai,00030,/work/u4546465/evaluation/HACplus+CR/HACplus+CR/HAC_ori/Mid (0.01)/bonsai/00030.png,59.33070755004883,0.2927107810974121,0.34722861647605896,5.123302286222545
HAC_ori,mid,bonsai,00031,/work/u4546465/evaluation/HACplus+CR/HACplus+CR/HAC_ori/Mid (0.01)/bonsai/00031.png,56.744449615478516,0.28519463539123535,0.4180435240268707,5.154149732113784
HAC_ori,mid,bonsai,00032,/work/u4546465/evaluation/HACplus+CR/HACplus+CR/HAC_ori/Mid (0.01)/bonsai/00032.png,61.11897659301758,0.27379247546195984,0.33440810441970825,4.997778059220151
HAC_ori,mid,bonsai,00033,/work/u4546465/evaluation/HACplus+CR/HACplus+CR/HAC_ori/Mid (0.01)/bonsai/00033.png,60.833900451660156,0.29136812686920166,0.34670838713645935,5.050186054852123
HAC_ori,mid,bonsai,00034,/work/u4546465/evaluation/HACplus+CR/HACplus+CR/HAC_ori/Mid (0.01)/bonsai/00034.png,56.45772933959961,0.2516739070415497,0.33124226331710815,4.983350678802865
HAC_ori,mid,bonsai,00035,/work/u4546465/evaluation/HACplus+CR/HACplus+CR/HAC_ori/Mid (0.01)/bonsai/00035.png,60.050537109375,0.25147363543510437,0.34234580397605896,5.062809578529063
HAC_ori,mid,bonsai,00036,/work/u4546465/evaluation/HACplus+CR/HACplus+CR/HAC_ori/Mid (0.01)/bonsai/00036.png,58.810638427734375,0.2696799039840698,0.35413050651550293,5.221941194989892
HAC_ori,mid,counter,00000,/work/u4546465/evaluation/HACplus+CR/HACplus+CR/HAC_ori/Mid (0.01)/counter/00000.png,52.92272186279297,0.24645602703094482,0.37087708711624146,4.946005112620897
HAC_ori,mid,counter,00001,/work/u4546465/evaluation/HACplus+CR/HACplus+CR/HAC_ori/Mid (0.01)/counter/00001.png,60.92130661010742,0.2778349816799164,0.35835424065589905,4.247814380407221
HAC_ori,mid,counter,00002,/work/u4546465/evaluation/HACplus+CR/HACplus+CR/HAC_ori/Mid (0.01)/counter/00002.png,57.82948303222656,0.274653822183609,0.36472630500793457,4.403386236057589
HAC_ori,mid,counter,00003,/work/u4546465/evaluation/HACplus+CR/HACplus+CR/HAC_ori/Mid (0.01)/counter/00003.png,59.91645431518555,0.25906744599342346,0.3675399422645569,4.421312761323733
HAC_ori,mid,counter,00004,/work/u4546465/evaluation/HACplus+CR/HACplus+CR/HAC_ori/Mid (0.01)/counter/00004.png,54.087249755859375,0.2564266622066498,0.34688007831573486,5.146096781560473
HAC_ori,mid,counter,00005,/work/u4546465/evaluation/HACplus+CR/HACplus+CR/HAC_ori/Mid (0.01)/counter/00005.png,49.377140045166016,0.2435091882944107,0.36378905177116394,5.532286513717296
HAC_ori,mid,counter,00006,/work/u4546465/evaluation/HACplus+CR/HACplus+CR/HAC_ori/Mid (0.01)/counter/00006.png,60.07430648803711,0.2661833167076111,0.4321868419647217,4.727680662260429
HAC_ori,mid,counter,00007,/work/u4546465/evaluation/HACplus+CR/HACplus+CR/HAC_ori/Mid (0.01)/counter/00007.png,55.83067321777344,0.2450362592935562,0.3705882430076599,4.986862359063993
HAC_ori,mid,counter,00008,/work/u4546465/evaluation/HACplus+CR/HACplus+CR/HAC_ori/Mid (0.01)/counter/00008.png,42.98237228393555,0.27346453070640564,0.486601322889328,6.050532700479261
HAC_ori,mid,counter,00009,/work/u4546465/evaluation/HACplus+CR/HACplus+CR/HAC_ori/Mid (0.01)/counter/00009.png,59.88951873779297,0.2506628632545471,0.34807994961738586,4.500098413816265
HAC_ori,mid,counter,00010,/work/u4546465/evaluation/HACplus+CR/HACplus+CR/HAC_ori/Mid (0.01)/counter/00010.png,58.79207229614258,0.24784278869628906,0.39046964049339294,4.502356057913196
HAC_ori,mid,counter,00011,/work/u4546465/evaluation/HACplus+CR/HACplus+CR/HAC_ori/Mid (0.01)/counter/00011.png,40.85112762451172,0.2535903751850128,0.47275128960609436,4.979645256926146
HAC_ori,mid,counter,00012,/work/u4546465/evaluation/HACplus+CR/HACplus+CR/HAC_ori/Mid (0.01)/counter/00012.png,56.826438903808594,0.26103389263153076,0.4145786464214325,4.459299752932076
HAC_ori,mid,counter,00013,/work/u4546465/evaluation/HACplus+CR/HACplus+CR/HAC_ori/Mid (0.01)/counter/00013.png,57.21543884277344,0.2800597548484802,0.3888241946697235,4.315021332518732
HAC_ori,mid,counter,00014,/work/u4546465/evaluation/HACplus+CR/HACplus+CR/HAC_ori/Mid (0.01)/counter/00014.png,50.080970764160156,0.2482798993587494,0.36980053782463074,4.673815574529703
HAC_ori,mid,counter,00015,/work/u4546465/evaluation/HACplus+CR/HACplus+CR/HAC_ori/Mid (0.01)/counter/00015.png,58.04021453857422,0.279141366481781,0.4534050524234772,4.130989970563671
HAC_ori,mid,counter,00016,/work/u4546465/evaluation/HACplus+CR/HACplus+CR/HAC_ori/Mid (0.01)/counter/00016.png,54.64047622680664,0.2896757125854492,0.366867333650589,4.289650860069314
HAC_ori,mid,counter,00017,/work/u4546465/evaluation/HACplus+CR/HACplus+CR/HAC_ori/Mid (0.01)/counter/00017.png,44.430503845214844,0.2592433989048004,0.33770132064819336,4.999262705045205
HAC_ori,mid,counter,00018,/work/u4546465/evaluation/HACplus+CR/HACplus+CR/HAC_ori/Mid (0.01)/counter/00018.png,52.15523910522461,0.2497398555278778,0.344316303730011,4.7040893216630355
HAC_ori,mid,counter,00019,/work/u4546465/evaluation/HACplus+CR/HACplus+CR/HAC_ori/Mid (0.01)/counter/00019.png,55.45014190673828,0.2880537509918213,0.31872352957725525,4.394434796457312
HAC_ori,mid,counter,00020,/work/u4546465/evaluation/HACplus+CR/HACplus+CR/HAC_ori/Mid (0.01)/counter/00020.png,50.79003143310547,0.2737559974193573,0.3095090389251709,4.949921174385193
HAC_ori,mid,counter,00021,/work/u4546465/evaluation/HACplus+CR/HACplus+CR/HAC_ori/Mid (0.01)/counter/00021.png,52.27594757080078,0.2689428925514221,0.34728527069091797,5.183440539598236
HAC_ori,mid,counter,00022,/work/u4546465/evaluation/HACplus+CR/HACplus+CR/HAC_ori/Mid (0.01)/counter/00022.png,57.75551223754883,0.3073270320892334,0.40399226546287537,4.258145488843978
HAC_ori,mid,counter,00023,/work/u4546465/evaluation/HACplus+CR/HACplus+CR/HAC_ori/Mid (0.01)/counter/00023.png,59.34327697753906,0.3036690056324005,0.3530517816543579,4.441429985278308
HAC_ori,mid,counter,00024,/work/u4546465/evaluation/HACplus+CR/HACplus+CR/HAC_ori/Mid (0.01)/counter/00024.png,55.73763656616211,0.28635600209236145,0.37649258971214294,4.605428127531539
HAC_ori,mid,counter,00025,/work/u4546465/evaluation/HACplus+CR/HACplus+CR/HAC_ori/Mid (0.01)/counter/00025.png,59.71946334838867,0.2941305339336395,0.3586849272251129,4.164906312483784
HAC_ori,mid,counter,00026,/work/u4546465/evaluation/HACplus+CR/HACplus+CR/HAC_ori/Mid (0.01)/counter/00026.png,56.974143981933594,0.3055418133735657,0.4170707166194916,4.374743436332727
HAC_ori,mid,counter,00027,/work/u4546465/evaluation/HACplus+CR/HACplus+CR/HAC_ori/Mid (0.01)/counter/00027.png,59.67009735107422,0.2815406024456024,0.3385337293148041,4.599007145377678
HAC_ori,mid,counter,00028,/work/u4546465/evaluation/HACplus+CR/HACplus+CR/HAC_ori/Mid (0.01)/counter/00028.png,61.32569122314453,0.29770925641059875,0.4348941743373871,4.118185431764564
HAC_ori,mid,counter,00029,/work/u4546465/evaluation/HACplus+CR/HACplus+CR/HAC_ori/Mid (0.01)/counter/00029.png,55.144718170166016,0.2599528431892395,0.31373459100723267,4.8773278779391545
HAC_ori,mid,flowers,00000,/work/u4546465/evaluation/HACplus+CR/HACplus+CR/HAC_ori/Mid (0.01)/flowers/00000.png,59.3115234375,0.25892606377601624,0.4559724032878876,3.377705928391036
HAC_ori,mid,flowers,00001,/work/u4546465/evaluation/HACplus+CR/HACplus+CR/HAC_ori/Mid (0.01)/flowers/00001.png,66.58142852783203,0.2653941512107849,0.48908552527427673,3.3858109586000364
HAC_ori,mid,flowers,00002,/work/u4546465/evaluation/HACplus+CR/HACplus+CR/HAC_ori/Mid (0.01)/flowers/00002.png,61.034278869628906,0.2585656940937042,0.4797843396663666,3.5487577408206863
HAC_ori,mid,flowers,00003,/work/u4546465/evaluation/HACplus+CR/HACplus+CR/HAC_ori/Mid (0.01)/flowers/00003.png,63.84257888793945,0.2583196759223938,0.4955649971961975,3.3058612001335623
HAC_ori,mid,flowers,00004,/work/u4546465/evaluation/HACplus+CR/HACplus+CR/HAC_ori/Mid (0.01)/flowers/00004.png,64.57408905029297,0.27748212218284607,0.5104238390922546,3.23547206642597
HAC_ori,mid,flowers,00005,/work/u4546465/evaluation/HACplus+CR/HACplus+CR/HAC_ori/Mid (0.01)/flowers/00005.png,65.75074005126953,0.27745577692985535,0.5302329063415527,3.329938237639476
HAC_ori,mid,flowers,00006,/work/u4546465/evaluation/HACplus+CR/HACplus+CR/HAC_ori/Mid (0.01)/flowers/00006.png,67.84931182861328,0.2783224880695343,0.5398418307304382,3.299232196563978
HAC_ori,mid,flowers,00007,/work/u4546465/evaluation/HACplus+CR/HACplus+CR/HAC_ori/Mid (0.01)/flowers/00007.png,66.58939361572266,0.2831905782222748,0.5572893023490906,3.306579127651745
HAC_ori,mid,flowers,00008,/work/u4546465/evaluation/HACplus+CR/HACplus+CR/HAC_ori/Mid (0.01)/flowers/00008.png,66.33715057373047,0.2771316170692444,0.5498809814453125,3.1833879603275648
HAC_ori,mid,flowers,00009,/work/u4546465/evaluation/HACplus+CR/HACplus+CR/HAC_ori/Mid (0.01)/flowers/00009.png,66.5140380859375,0.2805594205856323,0.5130336284637451,3.4246869930567847
HAC_ori,mid,flowers,00010,/work/u4546465/evaluation/HACplus+CR/HACplus+CR/HAC_ori/Mid (0.01)/flowers/00010.png,67.7752914428711,0.30914655327796936,0.581267774105072,3.22690944917649
HAC_ori,mid,flowers,00011,/work/u4546465/evaluation/HACplus+CR/HACplus+CR/HAC_ori/Mid (0.01)/flowers/00011.png,68.75018310546875,0.30478185415267944,0.5641118288040161,3.340324350831354
HAC_ori,mid,flowers,00012,/work/u4546465/evaluation/HACplus+CR/HACplus+CR/HAC_ori/Mid (0.01)/flowers/00012.png,64.2857437133789,0.299795925617218,0.5545746088027954,3.4039313717727273
HAC_ori,mid,flowers,00013,/work/u4546465/evaluation/HACplus+CR/HACplus+CR/HAC_ori/Mid (0.01)/flowers/00013.png,63.3636589050293,0.27684757113456726,0.5320560932159424,3.489797707881065
HAC_ori,mid,flowers,00014,/work/u4546465/evaluation/HACplus+CR/HACplus+CR/HAC_ori/Mid (0.01)/flowers/00014.png,62.65272903442383,0.2970953583717346,0.5616429448127747,3.3998252524995594
HAC_ori,mid,flowers,00015,/work/u4546465/evaluation/HACplus+CR/HACplus+CR/HAC_ori/Mid (0.01)/flowers/00015.png,64.57905578613281,0.2963968515396118,0.5677103400230408,3.4260519889943253
HAC_ori,mid,flowers,00016,/work/u4546465/evaluation/HACplus+CR/HACplus+CR/HAC_ori/Mid (0.01)/flowers/00016.png,67.75910949707031,0.2985284924507141,0.5528527498245239,3.3911719697764418
HAC_ori,mid,flowers,00017,/work/u4546465/evaluation/HACplus+CR/HACplus+CR/HAC_ori/Mid (0.01)/flowers/00017.png,63.852874755859375,0.28145870566368103,0.5441528558731079,3.4786145929970025
HAC_ori,mid,flowers,00018,/work/u4546465/evaluation/HACplus+CR/HACplus+CR/HAC_ori/Mid (0.01)/flowers/00018.png,62.63072967529297,0.2737054228782654,0.5451934933662415,3.4969256319006843
HAC_ori,mid,flowers,00019,/work/u4546465/evaluation/HACplus+CR/HACplus+CR/HAC_ori/Mid (0.01)/flowers/00019.png,64.5660629272461,0.2850857079029083,0.5498320460319519,3.4316620826539954
HAC_ori,mid,flowers,00020,/work/u4546465/evaluation/HACplus+CR/HACplus+CR/HAC_ori/Mid (0.01)/flowers/00020.png,59.67171096801758,0.2590416967868805,0.509465217590332,3.6244906409162914
HAC_ori,mid,flowers,00021,/work/u4546465/evaluation/HACplus+CR/HACplus+CR/HAC_ori/Mid (0.01)/flowers/00021.png,57.64631271362305,0.24068991839885712,0.5010273456573486,3.665996196512974
HAC_ori,mid,garden,00000,/work/u4546465/evaluation/HACplus+CR/HACplus+CR/HAC_ori/Mid (0.01)/garden/00000.png,71.9253921508789,0.35463014245033264,0.5519399046897888,2.7072856787587596
HAC_ori,mid,garden,00001,/work/u4546465/evaluation/HACplus+CR/HACplus+CR/HAC_ori/Mid (0.01)/garden/00001.png,70.61392211914062,0.32179927825927734,0.43289661407470703,2.8163200328096245
HAC_ori,mid,garden,00002,/work/u4546465/evaluation/HACplus+CR/HACplus+CR/HAC_ori/Mid (0.01)/garden/00002.png,71.03472137451172,0.35473567247390747,0.447033554315567,2.714986835376449
HAC_ori,mid,garden,00003,/work/u4546465/evaluation/HACplus+CR/HACplus+CR/HAC_ori/Mid (0.01)/garden/00003.png,69.19535064697266,0.3575645089149475,0.5311859846115112,2.949907863164079
HAC_ori,mid,garden,00004,/work/u4546465/evaluation/HACplus+CR/HACplus+CR/HAC_ori/Mid (0.01)/garden/00004.png,72.35185241699219,0.35175415873527527,0.5397490859031677,2.804810638791299
HAC_ori,mid,garden,00005,/work/u4546465/evaluation/HACplus+CR/HACplus+CR/HAC_ori/Mid (0.01)/garden/00005.png,69.07449340820312,0.3566153645515442,0.4548550546169281,2.6550583752586716
HAC_ori,mid,garden,00006,/work/u4546465/evaluation/HACplus+CR/HACplus+CR/HAC_ori/Mid (0.01)/garden/00006.png,72.57530975341797,0.3832343816757202,0.532775342464447,2.7567103468701877
HAC_ori,mid,garden,00007,/work/u4546465/evaluation/HACplus+CR/HACplus+CR/HAC_ori/Mid (0.01)/garden/00007.png,69.39073944091797,0.38024798035621643,0.5532768964767456,2.8506007171627927
HAC_ori,mid,garden,00008,/work/u4546465/evaluation/HACplus+CR/HACplus+CR/HAC_ori/Mid (0.01)/garden/00008.png,70.10230255126953,0.3669404089450836,0.5782313346862793,2.8567279733490927
HAC_ori,mid,garden,00009,/work/u4546465/evaluation/HACplus+CR/HACplus+CR/HAC_ori/Mid (0.01)/garden/00009.png,72.38189697265625,0.37500226497650146,0.5349760055541992,2.7004640228499666
HAC_ori,mid,garden,00010,/work/u4546465/evaluation/HACplus+CR/HACplus+CR/HAC_ori/Mid (0.01)/garden/00010.png,72.0312728881836,0.3755677044391632,0.5268748998641968,2.8627864728330357
HAC_ori,mid,garden,00011,/work/u4546465/evaluation/HACplus+CR/HACplus+CR/HAC_ori/Mid (0.01)/garden/00011.png,70.43650817871094,0.38784900307655334,0.5505939722061157,2.868206715898431
HAC_ori,mid,garden,00012,/work/u4546465/evaluation/HACplus+CR/HACplus+CR/HAC_ori/Mid (0.01)/garden/00012.png,71.10625457763672,0.3695217967033386,0.5773708820343018,2.777450556092196
HAC_ori,mid,garden,00013,/work/u4546465/evaluation/HACplus+CR/HACplus+CR/HAC_ori/Mid (0.01)/garden/00013.png,72.57060241699219,0.3689408302307129,0.48679429292678833,2.731947740698221
HAC_ori,mid,garden,00014,/work/u4546465/evaluation/HACplus+CR/HACplus+CR/HAC_ori/Mid (0.01)/garden/00014.png,71.59624481201172,0.3910139203071594,0.5306533575057983,2.7920122330206403
HAC_ori,mid,garden,00015,/work/u4546465/evaluation/HACplus+CR/HACplus+CR/HAC_ori/Mid (0.01)/garden/00015.png,70.67926788330078,0.37551987171173096,0.5378066301345825,2.7301848863466027
HAC_ori,mid,garden,00016,/work/u4546465/evaluation/HACplus+CR/HACplus+CR/HAC_ori/Mid (0.01)/garden/00016.png,73.96549224853516,0.37564709782600403,0.5556784868240356,2.7798840292188807
HAC_ori,mid,garden,00017,/work/u4546465/evaluation/HACplus+CR/HACplus+CR/HAC_ori/Mid (0.01)/garden/00017.png,73.74169158935547,0.3847317099571228,0.47410082817077637,2.9013409637803655
HAC_ori,mid,garden,00018,/work/u4546465/evaluation/HACplus+CR/HACplus+CR/HAC_ori/Mid (0.01)/garden/00018.png,72.52826690673828,0.3956829309463501,0.5334247946739197,2.9114671105127905
HAC_ori,mid,garden,00019,/work/u4546465/evaluation/HACplus+CR/HACplus+CR/HAC_ori/Mid (0.01)/garden/00019.png,71.75477600097656,0.39390793442726135,0.5409865379333496,2.963899610960761
HAC_ori,mid,garden,00020,/work/u4546465/evaluation/HACplus+CR/HACplus+CR/HAC_ori/Mid (0.01)/garden/00020.png,73.05501556396484,0.36897218227386475,0.5560398101806641,2.6585785954213352
HAC_ori,mid,garden,00021,/work/u4546465/evaluation/HACplus+CR/HACplus+CR/HAC_ori/Mid (0.01)/garden/00021.png,74.69158172607422,0.3845713436603546,0.49300819635391235,2.8169169941215864
HAC_ori,mid,garden,00022,/work/u4546465/evaluation/HACplus+CR/HACplus+CR/HAC_ori/Mid (0.01)/garden/00022.png,73.5921859741211,0.38810673356056213,0.5492205023765564,2.7393168700017747
HAC_ori,mid,garden,00023,/work/u4546465/evaluation/HACplus+CR/HACplus+CR/HAC_ori/Mid (0.01)/garden/00023.png,74.3355941772461,0.37820351123809814,0.5619170069694519,2.7397788598372466
HAC_ori,mid,kitchen,00000,/work/u4546465/evaluation/HACplus+CR/HACplus+CR/HAC_ori/Mid (0.01)/kitchen/00000.png,66.26470184326172,0.3038269579410553,0.44454723596572876,4.50280813658696
HAC_ori,mid,kitchen,00001,/work/u4546465/evaluation/HACplus+CR/HACplus+CR/HAC_ori/Mid (0.01)/kitchen/00001.png,68.57616424560547,0.3027695417404175,0.43578144907951355,4.814684112669483
HAC_ori,mid,kitchen,00002,/work/u4546465/evaluation/HACplus+CR/HACplus+CR/HAC_ori/Mid (0.01)/kitchen/00002.png,66.63680267333984,0.321058988571167,0.44667941331863403,4.809069171788893
HAC_ori,mid,kitchen,00003,/work/u4546465/evaluation/HACplus+CR/HACplus+CR/HAC_ori/Mid (0.01)/kitchen/00003.png,68.44823455810547,0.348794162273407,0.445363849401474,4.437690229279588
HAC_ori,mid,kitchen,00004,/work/u4546465/evaluation/HACplus+CR/HACplus+CR/HAC_ori/Mid (0.01)/kitchen/00004.png,71.78325653076172,0.3424149751663208,0.4980723559856415,4.469297817637832
HAC_ori,mid,kitchen,00005,/work/u4546465/evaluation/HACplus+CR/HACplus+CR/HAC_ori/Mid (0.01)/kitchen/00005.png,68.7113265991211,0.3250638544559479,0.41598454117774963,4.226276888214774
HAC_ori,mid,kitchen,00006,/work/u4546465/evaluation/HACplus+CR/HACplus+CR/HAC_ori/Mid (0.01)/kitchen/00006.png,70.29590606689453,0.3543689250946045,0.47402438521385193,4.3059983265983925
HAC_ori,mid,kitchen,00007,/work/u4546465/evaluation/HACplus+CR/HACplus+CR/HAC_ori/Mid (0.01)/kitchen/00007.png,69.06134796142578,0.3402036428451538,0.48231473565101624,4.546585787007225
HAC_ori,mid,kitchen,00008,/work/u4546465/evaluation/HACplus+CR/HACplus+CR/HAC_ori/Mid (0.01)/kitchen/00008.png,64.51982879638672,0.31703826785087585,0.38234731554985046,4.550427766687817
HAC_ori,mid,kitchen,00009,/work/u4546465/evaluation/HACplus+CR/HACplus+CR/HAC_ori/Mid (0.01)/kitchen/00009.png,62.30764389038086,0.3270898163318634,0.4150024354457855,4.471026730237978
HAC_ori,mid,kitchen,00010,/work/u4546465/evaluation/HACplus+CR/HACplus+CR/HAC_ori/Mid (0.01)/kitchen/00010.png,66.08856964111328,0.36015498638153076,0.45166751742362976,4.263617073569283
HAC_ori,mid,kitchen,00011,/work/u4546465/evaluation/HACplus+CR/HACplus+CR/HAC_ori/Mid (0.01)/kitchen/00011.png,65.64977264404297,0.3560201823711395,0.440721720457077,4.394569244385026
HAC_ori,mid,kitchen,00012,/work/u4546465/evaluation/HACplus+CR/HACplus+CR/HAC_ori/Mid (0.01)/kitchen/00012.png,65.27738189697266,0.3481384813785553,0.4005419909954071,4.437210582837821
HAC_ori,mid,kitchen,00013,/work/u4546465/evaluation/HACplus+CR/HACplus+CR/HAC_ori/Mid (0.01)/kitchen/00013.png,63.7970085144043,0.34850233793258667,0.41639071702957153,4.408101424104336
HAC_ori,mid,kitchen,00014,/work/u4546465/evaluation/HACplus+CR/HACplus+CR/HAC_ori/Mid (0.01)/kitchen/00014.png,66.1506118774414,0.35701221227645874,0.4582248330116272,4.320721472944023
HAC_ori,mid,kitchen,00015,/work/u4546465/evaluation/HACplus+CR/HACplus+CR/HAC_ori/Mid (0.01)/kitchen/00015.png,64.99470520019531,0.30631643533706665,0.40682172775268555,4.177732985683755
HAC_ori,mid,kitchen,00016,/work/u4546465/evaluation/HACplus+CR/HACplus+CR/HAC_ori/Mid (0.01)/kitchen/00016.png,68.76366424560547,0.32662293314933777,0.38503119349479675,3.9795315056885814
HAC_ori,mid,kitchen,00017,/work/u4546465/evaluation/HACplus+CR/HACplus+CR/HAC_ori/Mid (0.01)/kitchen/00017.png,67.36666870117188,0.315025269985199,0.4032212793827057,3.9051712442028377
HAC_ori,mid,kitchen,00018,/work/u4546465/evaluation/HACplus+CR/HACplus+CR/HAC_ori/Mid (0.01)/kitchen/00018.png,67.58790588378906,0.31225767731666565,0.40974482893943787,3.9931949484719262
HAC_ori,mid,kitchen,00019,/work/u4546465/evaluation/HACplus+CR/HACplus+CR/HAC_ori/Mid (0.01)/kitchen/00019.png,69.34904479980469,0.3167860507965088,0.4030880033969879,3.912893643595804
HAC_ori,mid,kitchen,00020,/work/u4546465/evaluation/HACplus+CR/HACplus+CR/HAC_ori/Mid (0.01)/kitchen/00020.png,59.22296142578125,0.29350391030311584,0.3884100914001465,5.319057830112137
HAC_ori,mid,kitchen,00021,/work/u4546465/evaluation/HACplus+CR/HACplus+CR/HAC_ori/Mid (0.01)/kitchen/00021.png,57.57133483886719,0.28736940026283264,0.3503131866455078,4.84249069798384
HAC_ori,mid,kitchen,00022,/work/u4546465/evaluation/HACplus+CR/HACplus+CR/HAC_ori/Mid (0.01)/kitchen/00022.png,62.184471130371094,0.3145027160644531,0.41335591673851013,4.747856574765797
HAC_ori,mid,kitchen,00023,/work/u4546465/evaluation/HACplus+CR/HACplus+CR/HAC_ori/Mid (0.01)/kitchen/00023.png,59.48892593383789,0.2908792197704315,0.39280277490615845,5.224675196266544
HAC_ori,mid,kitchen,00024,/work/u4546465/evaluation/HACplus+CR/HACplus+CR/HAC_ori/Mid (0.01)/kitchen/00024.png,61.75054168701172,0.33984723687171936,0.41429147124290466,4.784687058926912
HAC_ori,mid,kitchen,00025,/work/u4546465/evaluation/HACplus+CR/HACplus+CR/HAC_ori/Mid (0.01)/kitchen/00025.png,62.543190002441406,0.34719425439834595,0.35892224311828613,4.51017549403827
HAC_ori,mid,kitchen,00026,/work/u4546465/evaluation/HACplus+CR/HACplus+CR/HAC_ori/Mid (0.01)/kitchen/00026.png,64.6962661743164,0.31298959255218506,0.4239741265773773,4.376098415052633
HAC_ori,mid,kitchen,00027,/work/u4546465/evaluation/HACplus+CR/HACplus+CR/HAC_ori/Mid (0.01)/kitchen/00027.png,65.20482635498047,0.3346704840660095,0.4537830948829651,4.171018278844305
HAC_ori,mid,kitchen,00028,/work/u4546465/evaluation/HACplus+CR/HACplus+CR/HAC_ori/Mid (0.01)/kitchen/00028.png,62.35649108886719,0.3503720164299011,0.3715806305408478,4.637918818326022
HAC_ori,mid,kitchen,00029,/work/u4546465/evaluation/HACplus+CR/HACplus+CR/HAC_ori/Mid (0.01)/kitchen/00029.png,60.23136901855469,0.31201329827308655,0.3696535527706146,4.999317562857177
HAC_ori,mid,kitchen,00030,/work/u4546465/evaluation/HACplus+CR/HACplus+CR/HAC_ori/Mid (0.01)/kitchen/00030.png,63.53485870361328,0.32085856795310974,0.4208345413208008,4.789935303468667
HAC_ori,mid,kitchen,00031,/work/u4546465/evaluation/HACplus+CR/HACplus+CR/HAC_ori/Mid (0.01)/kitchen/00031.png,63.54838943481445,0.2834038734436035,0.35605499148368835,4.93662771485432
HAC_ori,mid,kitchen,00032,/work/u4546465/evaluation/HACplus+CR/HACplus+CR/HAC_ori/Mid (0.01)/kitchen/00032.png,64.93582916259766,0.32685020565986633,0.3731827735900879,4.470166227053535
HAC_ori,mid,kitchen,00033,/work/u4546465/evaluation/HACplus+CR/HACplus+CR/HAC_ori/Mid (0.01)/kitchen/00033.png,62.59275436401367,0.2928909659385681,0.36344876885414124,4.735140980013535
HAC_ori,mid,kitchen,00034,/work/u4546465/evaluation/HACplus+CR/HACplus+CR/HAC_ori/Mid (0.01)/kitchen/00034.png,62.392906188964844,0.3419860005378723,0.42340776324272156,4.431891133023814
HAC_ori,mid,room,00000,/work/u4546465/evaluation/HACplus+CR/HACplus+CR/HAC_ori/Mid (0.01)/room/00000.png,45.91812515258789,0.252916157245636,0.31271401047706604,5.047483324991293
HAC_ori,mid,room,00001,/work/u4546465/evaluation/HACplus+CR/HACplus+CR/HAC_ori/Mid (0.01)/room/00001.png,49.64595413208008,0.26186054944992065,0.3108774721622467,4.852994193341321
HAC_ori,mid,room,00002,/work/u4546465/evaluation/HACplus+CR/HACplus+CR/HAC_ori/Mid (0.01)/room/00002.png,51.21453094482422,0.2671237289905548,0.3325723707675934,4.753346157453116
HAC_ori,mid,room,00003,/work/u4546465/evaluation/HACplus+CR/HACplus+CR/HAC_ori/Mid (0.01)/room/00003.png,51.37701416015625,0.2789590656757355,0.36539527773857117,5.12700140131254
HAC_ori,mid,room,00004,/work/u4546465/evaluation/HACplus+CR/HACplus+CR/HAC_ori/Mid (0.01)/room/00004.png,55.93584060668945,0.3212810158729553,0.4361107051372528,4.845497295333704
HAC_ori,mid,room,00005,/work/u4546465/evaluation/HACplus+CR/HACplus+CR/HAC_ori/Mid (0.01)/room/00005.png,55.82408905029297,0.2718692123889923,0.3377493917942047,4.928623451486136
HAC_ori,mid,room,00006,/work/u4546465/evaluation/HACplus+CR/HACplus+CR/HAC_ori/Mid (0.01)/room/00006.png,54.93186950683594,0.2924666404724121,0.35961565375328064,4.504550056049246
HAC_ori,mid,room,00007,/work/u4546465/evaluation/HACplus+CR/HACplus+CR/HAC_ori/Mid (0.01)/room/00007.png,55.84996795654297,0.3070812523365021,0.4232645630836487,4.980599946325548
HAC_ori,mid,room,00008,/work/u4546465/evaluation/HACplus+CR/HACplus+CR/HAC_ori/Mid (0.01)/room/00008.png,56.857276916503906,0.2940957546234131,0.34649157524108887,4.976550437059162
HAC_ori,mid,room,00009,/work/u4546465/evaluation/HACplus+CR/HACplus+CR/HAC_ori/Mid (0.01)/room/00009.png,54.89873504638672,0.3075750470161438,0.383862167596817,4.839119914163479
HAC_ori,mid,room,00010,/work/u4546465/evaluation/HACplus+CR/HACplus+CR/HAC_ori/Mid (0.01)/room/00010.png,51.97508239746094,0.2914632260799408,0.35427650809288025,4.830562474528418
HAC_ori,mid,room,00011,/work/u4546465/evaluation/HACplus+CR/HACplus+CR/HAC_ori/Mid (0.01)/room/00011.png,46.15380096435547,0.2638753652572632,0.3904162049293518,5.725482673781246
HAC_ori,mid,room,00012,/work/u4546465/evaluation/HACplus+CR/HACplus+CR/HAC_ori/Mid (0.01)/room/00012.png,49.43145751953125,0.2758171856403351,0.37546730041503906,5.344531724654079
HAC_ori,mid,room,00013,/work/u4546465/evaluation/HACplus+CR/HACplus+CR/HAC_ori/Mid (0.01)/room/00013.png,48.80712127685547,0.28227707743644714,0.41378018260002136,5.009490244285507
HAC_ori,mid,room,00014,/work/u4546465/evaluation/HACplus+CR/HACplus+CR/HAC_ori/Mid (0.01)/room/00014.png,56.5764045715332,0.27711957693099976,0.4179084300994873,5.159819486435726
HAC_ori,mid,room,00015,/work/u4546465/evaluation/HACplus+CR/HACplus+CR/HAC_ori/Mid (0.01)/room/00015.png,52.10056686401367,0.28231921792030334,0.38711410760879517,5.508505786599707
HAC_ori,mid,room,00016,/work/u4546465/evaluation/HACplus+CR/HACplus+CR/HAC_ori/Mid (0.01)/room/00016.png,50.632774353027344,0.2893429398536682,0.3826603591442108,5.07090074378249
HAC_ori,mid,room,00017,/work/u4546465/evaluation/HACplus+CR/HACplus+CR/HAC_ori/Mid (0.01)/room/00017.png,50.64236831665039,0.2580576539039612,0.37004658579826355,5.3033003227471935
HAC_ori,mid,room,00018,/work/u4546465/evaluation/HACplus+CR/HACplus+CR/HAC_ori/Mid (0.01)/room/00018.png,52.85993194580078,0.33381810784339905,0.33892151713371277,5.069110184516676
HAC_ori,mid,room,00019,/work/u4546465/evaluation/HACplus+CR/HACplus+CR/HAC_ori/Mid (0.01)/room/00019.png,51.30088424682617,0.26269999146461487,0.3117472231388092,4.758340402938477
HAC_ori,mid,room,00020,/work/u4546465/evaluation/HACplus+CR/HACplus+CR/HAC_ori/Mid (0.01)/room/00020.png,50.5303840637207,0.2811605930328369,0.3271326720714569,4.684489860429528
HAC_ori,mid,room,00021,/work/u4546465/evaluation/HACplus+CR/HACplus+CR/HAC_ori/Mid (0.01)/room/00021.png,54.088233947753906,0.3075401186943054,0.3229858875274658,4.80042931845014
HAC_ori,mid,room,00022,/work/u4546465/evaluation/HACplus+CR/HACplus+CR/HAC_ori/Mid (0.01)/room/00022.png,53.1392822265625,0.28474825620651245,0.37054285407066345,4.321764352693179
HAC_ori,mid,room,00023,/work/u4546465/evaluation/HACplus+CR/HACplus+CR/HAC_ori/Mid (0.01)/room/00023.png,47.201515197753906,0.27294623851776123,0.3772220313549042,4.9792246976146
HAC_ori,mid,room,00024,/work/u4546465/evaluation/HACplus+CR/HACplus+CR/HAC_ori/Mid (0.01)/room/00024.png,45.60580825805664,0.26776888966560364,0.3246776759624481,5.311916001547678
HAC_ori,mid,room,00025,/work/u4546465/evaluation/HACplus+CR/HACplus+CR/HAC_ori/Mid (0.01)/room/00025.png,57.0814323425293,0.3265342116355896,0.33319929242134094,4.714359921132728
HAC_ori,mid,room,00026,/work/u4546465/evaluation/HACplus+CR/HACplus+CR/HAC_ori/Mid (0.01)/room/00026.png,38.75058364868164,0.26738765835762024,0.30691924691200256,7.14868340512795
HAC_ori,mid,room,00027,/work/u4546465/evaluation/HACplus+CR/HACplus+CR/HAC_ori/Mid (0.01)/room/00027.png,44.1844596862793,0.24628780782222748,0.284699022769928,6.471164319525037
HAC_ori,mid,room,00028,/work/u4546465/evaluation/HACplus+CR/HACplus+CR/HAC_ori/Mid (0.01)/room/00028.png,31.853302001953125,0.20972687005996704,0.33991146087646484,7.152637887363392
HAC_ori,mid,room,00029,/work/u4546465/evaluation/HACplus+CR/HACplus+CR/HAC_ori/Mid (0.01)/room/00029.png,39.55181884765625,0.2352665215730667,0.3561288118362427,6.95754235420144
HAC_ori,mid,room,00030,/work/u4546465/evaluation/HACplus+CR/HACplus+CR/HAC_ori/Mid (0.01)/room/00030.png,43.452301025390625,0.23376213014125824,0.29493746161460876,6.210096785503459
HAC_ori,mid,room,00031,/work/u4546465/evaluation/HACplus+CR/HACplus+CR/HAC_ori/Mid (0.01)/room/00031.png,44.030731201171875,0.2877441644668579,0.3568926751613617,6.78393996339961
HAC_ori,mid,room,00032,/work/u4546465/evaluation/HACplus+CR/HACplus+CR/HAC_ori/Mid (0.01)/room/00032.png,53.469974517822266,0.2562647759914398,0.37470105290412903,5.315520458047269
HAC_ori,mid,room,00033,/work/u4546465/evaluation/HACplus+CR/HACplus+CR/HAC_ori/Mid (0.01)/room/00033.png,41.52463150024414,0.2714793384075165,0.3449386656284332,6.704675373133633
HAC_ori,mid,room,00034,/work/u4546465/evaluation/HACplus+CR/HACplus+CR/HAC_ori/Mid (0.01)/room/00034.png,32.681396484375,0.3549150228500366,0.3643839359283447,7.376660178281757
HAC_ori,mid,room,00035,/work/u4546465/evaluation/HACplus+CR/HACplus+CR/HAC_ori/Mid (0.01)/room/00035.png,45.43293762207031,0.35151776671409607,0.3995208442211151,6.7448725212172205
HAC_ori,mid,room,00036,/work/u4546465/evaluation/HACplus+CR/HACplus+CR/HAC_ori/Mid (0.01)/room/00036.png,45.123382568359375,0.2614530026912689,0.33465576171875,6.5811142133353
HAC_ori,mid,room,00037,/work/u4546465/evaluation/HACplus+CR/HACplus+CR/HAC_ori/Mid (0.01)/room/00037.png,54.6046028137207,0.41076624393463135,0.3797858655452728,5.628162734435181
HAC_ori,mid,room,00038,/work/u4546465/evaluation/HACplus+CR/HACplus+CR/HAC_ori/Mid (0.01)/room/00038.png,49.85847091674805,0.2851357161998749,0.37990710139274597,5.694004833814675
HAC_ori,mid,stump,00000,/work/u4546465/evaluation/HACplus+CR/HACplus+CR/HAC_ori/Mid (0.01)/stump/00000.png,56.20882034301758,0.27834415435791016,0.44537368416786194,3.785206014006597
HAC_ori,mid,stump,00001,/work/u4546465/evaluation/HACplus+CR/HACplus+CR/HAC_ori/Mid (0.01)/stump/00001.png,57.25025939941406,0.23021730780601501,0.3754706084728241,4.074445194127096
HAC_ori,mid,stump,00002,/work/u4546465/evaluation/HACplus+CR/HACplus+CR/HAC_ori/Mid (0.01)/stump/00002.png,55.362205505371094,0.25945818424224854,0.4012815058231354,3.9360342080855477
HAC_ori,mid,stump,00003,/work/u4546465/evaluation/HACplus+CR/HACplus+CR/HAC_ori/Mid (0.01)/stump/00003.png,58.13340759277344,0.24720193445682526,0.4142396152019501,3.8615791521087073
HAC_ori,mid,stump,00004,/work/u4546465/evaluation/HACplus+CR/HACplus+CR/HAC_ori/Mid (0.01)/stump/00004.png,54.063629150390625,0.2590445578098297,0.42424413561820984,4.094207105966474
HAC_ori,mid,stump,00005,/work/u4546465/evaluation/HACplus+CR/HACplus+CR/HAC_ori/Mid (0.01)/stump/00005.png,63.295631408691406,0.2776998281478882,0.4535369873046875,3.662007592536189
HAC_ori,mid,stump,00006,/work/u4546465/evaluation/HACplus+CR/HACplus+CR/HAC_ori/Mid (0.01)/stump/00006.png,51.50637435913086,0.28504323959350586,0.3866822123527527,4.1249026937440805
HAC_ori,mid,stump,00007,/work/u4546465/evaluation/HACplus+CR/HACplus+CR/HAC_ori/Mid (0.01)/stump/00007.png,59.064701080322266,0.28148841857910156,0.445004940032959,3.7727400063435708
HAC_ori,mid,stump,00008,/work/u4546465/evaluation/HACplus+CR/HACplus+CR/HAC_ori/Mid (0.01)/stump/00008.png,53.00057601928711,0.2479589283466339,0.37989601492881775,4.160091624136381
HAC_ori,mid,stump,00009,/work/u4546465/evaluation/HACplus+CR/HACplus+CR/HAC_ori/Mid (0.01)/stump/00009.png,55.508140563964844,0.2820873558521271,0.4356842637062073,3.7848905388860956
HAC_ori,mid,stump,00010,/work/u4546465/evaluation/HACplus+CR/HACplus+CR/HAC_ori/Mid (0.01)/stump/00010.png,61.63677215576172,0.30126142501831055,0.4346117675304413,3.7187293403914454
HAC_ori,mid,stump,00011,/work/u4546465/evaluation/HACplus+CR/HACplus+CR/HAC_ori/Mid (0.01)/stump/00011.png,56.112403869628906,0.2970813512802124,0.40346676111221313,3.8165377211333356
HAC_ori,mid,stump,00012,/work/u4546465/evaluation/HACplus+CR/HACplus+CR/HAC_ori/Mid (0.01)/stump/00012.png,63.17749786376953,0.3005458414554596,0.4409320056438446,3.7502625328990065
HAC_ori,mid,stump,00013,/work/u4546465/evaluation/HACplus+CR/HACplus+CR/HAC_ori/Mid (0.01)/stump/00013.png,56.864105224609375,0.2944234311580658,0.41431665420532227,3.844995348937683
HAC_ori,mid,stump,00014,/work/u4546465/evaluation/HACplus+CR/HACplus+CR/HAC_ori/Mid (0.01)/stump/00014.png,61.278804779052734,0.29127803444862366,0.44675931334495544,3.64180083665372
HAC_ori,mid,stump,00015,/work/u4546465/evaluation/HACplus+CR/HACplus+CR/HAC_ori/Mid (0.01)/stump/00015.png,57.091922760009766,0.30279022455215454,0.38083016872406006,3.8976130536539246
HAC_ori,mid,treehill,00000,/work/u4546465/evaluation/HACplus+CR/HACplus+CR/HAC_ori/Mid (0.01)/treehill/00000.png,40.76393508911133,0.247335284948349,0.4039834141731262,3.751317375507391
HAC_ori,mid,treehill,00001,/work/u4546465/evaluation/HACplus+CR/HACplus+CR/HAC_ori/Mid (0.01)/treehill/00001.png,43.48085021972656,0.2747030556201935,0.40597042441368103,3.613810812063475
HAC_ori,mid,treehill,00002,/work/u4546465/evaluation/HACplus+CR/HACplus+CR/HAC_ori/Mid (0.01)/treehill/00002.png,47.17552947998047,0.26966220140457153,0.3917882442474365,3.370272527334946
HAC_ori,mid,treehill,00003,/work/u4546465/evaluation/HACplus+CR/HACplus+CR/HAC_ori/Mid (0.01)/treehill/00003.png,48.108726501464844,0.26273423433303833,0.44628849625587463,3.4547239028392287
HAC_ori,mid,treehill,00004,/work/u4546465/evaluation/HACplus+CR/HACplus+CR/HAC_ori/Mid (0.01)/treehill/00004.png,53.79072952270508,0.2587239444255829,0.42342016100883484,3.757426413181962
HAC_ori,mid,treehill,00005,/work/u4546465/evaluation/HACplus+CR/HACplus+CR/HAC_ori/Mid (0.01)/treehill/00005.png,52.32799530029297,0.2617713510990143,0.39361801743507385,3.4827653823159945
HAC_ori,mid,treehill,00006,/work/u4546465/evaluation/HACplus+CR/HACplus+CR/HAC_ori/Mid (0.01)/treehill/00006.png,54.976661682128906,0.2577555477619171,0.41728201508522034,3.749290348748476
HAC_ori,mid,treehill,00007,/work/u4546465/evaluation/HACplus+CR/HACplus+CR/HAC_ori/Mid (0.01)/treehill/00007.png,50.72584533691406,0.26667988300323486,0.4208756387233734,4.121501819477629
HAC_ori,mid,treehill,00008,/work/u4546465/evaluation/HACplus+CR/HACplus+CR/HAC_ori/Mid (0.01)/treehill/00008.png,58.518917083740234,0.2783491909503937,0.40460196137428284,3.4514133509569516
HAC_ori,mid,treehill,00009,/work/u4546465/evaluation/HACplus+CR/HACplus+CR/HAC_ori/Mid (0.01)/treehill/00009.png,54.98255157470703,0.28655773401260376,0.45024654269218445,3.7781934381047044
HAC_ori,mid,treehill,00010,/work/u4546465/evaluation/HACplus+CR/HACplus+CR/HAC_ori/Mid (0.01)/treehill/00010.png,56.203880310058594,0.26004737615585327,0.4352423846721649,3.9365257090614767
HAC_ori,mid,treehill,00011,/work/u4546465/evaluation/HACplus+CR/HACplus+CR/HAC_ori/Mid (0.01)/treehill/00011.png,59.45338439941406,0.2842690944671631,0.39963337779045105,3.6940028557962874
HAC_ori,mid,treehill,00012,/work/u4546465/evaluation/HACplus+CR/HACplus+CR/HAC_ori/Mid (0.01)/treehill/00012.png,54.89107131958008,0.2970033586025238,0.3959861397743225,3.7441077581263005
HAC_ori,mid,treehill,00013,/work/u4546465/evaluation/HACplus+CR/HACplus+CR/HAC_ori/Mid (0.01)/treehill/00013.png,58.78594207763672,0.26677632331848145,0.4562844932079315,3.895493266164879
HAC_ori,mid,treehill,00014,/work/u4546465/evaluation/HACplus+CR/HACplus+CR/HAC_ori/Mid (0.01)/treehill/00014.png,55.621620178222656,0.2945592701435089,0.3683689534664154,3.88744023252802
HAC_ori,mid,treehill,00015,/work/u4546465/evaluation/HACplus+CR/HACplus+CR/HAC_ori/Mid (0.01)/treehill/00015.png,56.8590202331543,0.3057441711425781,0.3943232595920563,3.852295759251926
HAC_ori,mid,treehill,00016,/work/u4546465/evaluation/HACplus+CR/HACplus+CR/HAC_ori/Mid (0.01)/treehill/00016.png,60.01988983154297,0.26904910802841187,0.43107613921165466,3.7945739304076453
HAC_ori,mid,treehill,00017,/work/u4546465/evaluation/HACplus+CR/HACplus+CR/HAC_ori/Mid (0.01)/treehill/00017.png,55.703800201416016,0.3135484755039215,0.43119150400161743,4.199035252982048
HACplus+CR,high,bicycle,00000,/work/u4546465/evaluation/HACplus+CR/HACplus+CR/High (0.002)/bicycle/00000.png,71.9505844116211,0.36227965354919434,0.40086594223976135,2.2886028969398744
HACplus+CR,high,bicycle,00001,/work/u4546465/evaluation/HACplus+CR/HACplus+CR/High (0.002)/bicycle/00001.png,69.4649429321289,0.3261641561985016,0.40510985255241394,2.268625736685525
HACplus+CR,high,bicycle,00002,/work/u4546465/evaluation/HACplus+CR/HACplus+CR/High (0.002)/bicycle/00002.png,65.09638214111328,0.29894718527793884,0.39561307430267334,2.2104553027911895
HACplus+CR,high,bicycle,00003,/work/u4546465/evaluation/HACplus+CR/HACplus+CR/High (0.002)/bicycle/00003.png,71.19554901123047,0.3471600115299225,0.45984575152397156,2.2626257570272803
HACplus+CR,high,bicycle,00004,/work/u4546465/evaluation/HACplus+CR/HACplus+CR/High (0.002)/bicycle/00004.png,70.32555389404297,0.30628180503845215,0.43416115641593933,2.340453898785337
HACplus+CR,high,bicycle,00005,/work/u4546465/evaluation/HACplus+CR/HACplus+CR/High (0.002)/bicycle/00005.png,68.04180145263672,0.32652974128723145,0.4101908206939697,2.062595851248496
HACplus+CR,high,bicycle,00006,/work/u4546465/evaluation/HACplus+CR/HACplus+CR/High (0.002)/bicycle/00006.png,72.41239166259766,0.37734705209732056,0.45185333490371704,2.3544770404606545
HACplus+CR,high,bicycle,00007,/work/u4546465/evaluation/HACplus+CR/HACplus+CR/High (0.002)/bicycle/00007.png,73.51075744628906,0.36019206047058105,0.4243534207344055,2.250818316120078
HACplus+CR,high,bicycle,00008,/work/u4546465/evaluation/HACplus+CR/HACplus+CR/High (0.002)/bicycle/00008.png,66.55998992919922,0.3073621094226837,0.45768433809280396,2.428208099616793
HACplus+CR,high,bicycle,00009,/work/u4546465/evaluation/HACplus+CR/HACplus+CR/High (0.002)/bicycle/00009.png,73.92935943603516,0.34533628821372986,0.4565514028072357,2.295847420121677
HACplus+CR,high,bicycle,00010,/work/u4546465/evaluation/HACplus+CR/HACplus+CR/High (0.002)/bicycle/00010.png,73.0588150024414,0.3523081839084625,0.4285834729671478,2.1623470058974505
HACplus+CR,high,bicycle,00011,/work/u4546465/evaluation/HACplus+CR/HACplus+CR/High (0.002)/bicycle/00011.png,67.7350845336914,0.31197160482406616,0.47830548882484436,2.298190322892934
HACplus+CR,high,bicycle,00012,/work/u4546465/evaluation/HACplus+CR/HACplus+CR/High (0.002)/bicycle/00012.png,73.48780059814453,0.36380890011787415,0.45555591583251953,2.147548573577773
HACplus+CR,high,bicycle,00013,/work/u4546465/evaluation/HACplus+CR/HACplus+CR/High (0.002)/bicycle/00013.png,73.37787628173828,0.36099445819854736,0.41365858912467957,2.3947720055141977
HACplus+CR,high,bicycle,00014,/work/u4546465/evaluation/HACplus+CR/HACplus+CR/High (0.002)/bicycle/00014.png,71.50098419189453,0.33996161818504333,0.4411012828350067,2.6289722367264377
HACplus+CR,high,bicycle,00015,/work/u4546465/evaluation/HACplus+CR/HACplus+CR/High (0.002)/bicycle/00015.png,72.75530242919922,0.3623000383377075,0.4405081868171692,2.32286662821486
HACplus+CR,high,bicycle,00016,/work/u4546465/evaluation/HACplus+CR/HACplus+CR/High (0.002)/bicycle/00016.png,70.74589538574219,0.3294430077075958,0.44598183035850525,2.423735150828813
HACplus+CR,high,bicycle,00017,/work/u4546465/evaluation/HACplus+CR/HACplus+CR/High (0.002)/bicycle/00017.png,73.20916748046875,0.3820043206214905,0.40729132294654846,2.41689879510804
HACplus+CR,high,bicycle,00018,/work/u4546465/evaluation/HACplus+CR/HACplus+CR/High (0.002)/bicycle/00018.png,73.01944732666016,0.343021959066391,0.3827044665813446,2.5969581916017934
HACplus+CR,high,bicycle,00019,/work/u4546465/evaluation/HACplus+CR/HACplus+CR/High (0.002)/bicycle/00019.png,69.67927551269531,0.3376874029636383,0.3871828615665436,2.7156815958795915
HACplus+CR,high,bicycle,00020,/work/u4546465/evaluation/HACplus+CR/HACplus+CR/High (0.002)/bicycle/00020.png,73.60128021240234,0.3547811210155487,0.43413612246513367,2.3045064840727516
HACplus+CR,high,bicycle,00021,/work/u4546465/evaluation/HACplus+CR/HACplus+CR/High (0.002)/bicycle/00021.png,71.90310668945312,0.3369804918766022,0.4367198944091797,2.5940417102579443
HACplus+CR,high,bicycle,00022,/work/u4546465/evaluation/HACplus+CR/HACplus+CR/High (0.002)/bicycle/00022.png,73.7334976196289,0.34560999274253845,0.41927480697631836,2.294707267659267
HACplus+CR,high,bicycle,00023,/work/u4546465/evaluation/HACplus+CR/HACplus+CR/High (0.002)/bicycle/00023.png,74.06548309326172,0.3393179774284363,0.4194548726081848,2.8269956563615173
HACplus+CR,high,bicycle,00024,/work/u4546465/evaluation/HACplus+CR/HACplus+CR/High (0.002)/bicycle/00024.png,74.44841766357422,0.3378884494304657,0.4405359923839569,2.5379208632762174
HACplus+CR,high,bonsai,00000,/work/u4546465/evaluation/HACplus+CR/HACplus+CR/High (0.002)/bonsai/00000.png,57.81678771972656,0.2350979596376419,0.25988972187042236,4.675259619897959
HACplus+CR,high,bonsai,00001,/work/u4546465/evaluation/HACplus+CR/HACplus+CR/High (0.002)/bonsai/00001.png,61.816837310791016,0.22714096307754517,0.3290053904056549,4.730613609247358
HACplus+CR,high,bonsai,00002,/work/u4546465/evaluation/HACplus+CR/HACplus+CR/High (0.002)/bonsai/00002.png,59.641021728515625,0.2115456461906433,0.29237619042396545,4.544104407596323
HACplus+CR,high,bonsai,00003,/work/u4546465/evaluation/HACplus+CR/HACplus+CR/High (0.002)/bonsai/00003.png,61.58402633666992,0.21439267694950104,0.3228636085987091,3.9874184604007183
HACplus+CR,high,bonsai,00004,/work/u4546465/evaluation/HACplus+CR/HACplus+CR/High (0.002)/bonsai/00004.png,64.02067565917969,0.26566633582115173,0.34571370482444763,4.669746806716383
HACplus+CR,high,bonsai,00005,/work/u4546465/evaluation/HACplus+CR/HACplus+CR/High (0.002)/bonsai/00005.png,61.738731384277344,0.23512516915798187,0.34816548228263855,4.486215914603408
HACplus+CR,high,bonsai,00006,/work/u4546465/evaluation/HACplus+CR/HACplus+CR/High (0.002)/bonsai/00006.png,62.54120635986328,0.19558463990688324,0.3058442771434784,3.901210238500603
HACplus+CR,high,bonsai,00007,/work/u4546465/evaluation/HACplus+CR/HACplus+CR/High (0.002)/bonsai/00007.png,63.350399017333984,0.24468372762203217,0.3696267306804657,4.4688386367725235
HACplus+CR,high,bonsai,00008,/work/u4546465/evaluation/HACplus+CR/HACplus+CR/High (0.002)/bonsai/00008.png,63.701629638671875,0.20495881140232086,0.3579396903514862,4.18874809066007
HACplus+CR,high,bonsai,00009,/work/u4546465/evaluation/HACplus+CR/HACplus+CR/High (0.002)/bonsai/00009.png,59.583778381347656,0.22788956761360168,0.3463453948497772,4.208313861637467
HACplus+CR,high,bonsai,00010,/work/u4546465/evaluation/HACplus+CR/HACplus+CR/High (0.002)/bonsai/00010.png,65.55095672607422,0.2503506541252136,0.47742876410484314,4.18674515269418
HACplus+CR,high,bonsai,00011,/work/u4546465/evaluation/HACplus+CR/HACplus+CR/High (0.002)/bonsai/00011.png,61.10191345214844,0.227489173412323,0.310286283493042,4.307114231345556
HACplus+CR,high,bonsai,00012,/work/u4546465/evaluation/HACplus+CR/HACplus+CR/High (0.002)/bonsai/00012.png,57.381103515625,0.19405564665794373,0.27407926321029663,4.761735983747642
HACplus+CR,high,bonsai,00013,/work/u4546465/evaluation/HACplus+CR/HACplus+CR/High (0.002)/bonsai/00013.png,63.018768310546875,0.26456233859062195,0.4084831178188324,4.382340228990472
HACplus+CR,high,bonsai,00014,/work/u4546465/evaluation/HACplus+CR/HACplus+CR/High (0.002)/bonsai/00014.png,63.918270111083984,0.2476503849029541,0.3481539189815521,4.2923663240346706
HACplus+CR,high,bonsai,00015,/work/u4546465/evaluation/HACplus+CR/HACplus+CR/High (0.002)/bonsai/00015.png,51.166954040527344,0.2121189832687378,0.29694804549217224,4.6497823459474485
HACplus+CR,high,bonsai,00016,/work/u4546465/evaluation/HACplus+CR/HACplus+CR/High (0.002)/bonsai/00016.png,61.47517776489258,0.23053069412708282,0.35375356674194336,4.506272132929768
HACplus+CR,high,bonsai,00017,/work/u4546465/evaluation/HACplus+CR/HACplus+CR/High (0.002)/bonsai/00017.png,63.55298614501953,0.26819875836372375,0.4142017066478729,4.694703881520705
HACplus+CR,high,bonsai,00018,/work/u4546465/evaluation/HACplus+CR/HACplus+CR/High (0.002)/bonsai/00018.png,59.66868209838867,0.21313321590423584,0.2633032500743866,4.406179636197599
HACplus+CR,high,bonsai,00019,/work/u4546465/evaluation/HACplus+CR/HACplus+CR/High (0.002)/bonsai/00019.png,58.99647521972656,0.24597479403018951,0.30102401971817017,4.3861886942365125
HACplus+CR,high,bonsai,00020,/work/u4546465/evaluation/HACplus+CR/HACplus+CR/High (0.002)/bonsai/00020.png,64.03152465820312,0.2546692192554474,0.3140799105167389,4.760213682492277
HACplus+CR,high,bonsai,00021,/work/u4546465/evaluation/HACplus+CR/HACplus+CR/High (0.002)/bonsai/00021.png,61.93282699584961,0.23827028274536133,0.30726540088653564,4.647930197770747
HACplus+CR,high,bonsai,00022,/work/u4546465/evaluation/HACplus+CR/HACplus+CR/High (0.002)/bonsai/00022.png,58.945491790771484,0.2509656250476837,0.33197444677352905,4.298127340617943
HACplus+CR,high,bonsai,00023,/work/u4546465/evaluation/HACplus+CR/HACplus+CR/High (0.002)/bonsai/00023.png,63.37615203857422,0.2652902603149414,0.3389229476451874,4.766401503203092
HACplus+CR,high,bonsai,00024,/work/u4546465/evaluation/HACplus+CR/HACplus+CR/High (0.002)/bonsai/00024.png,57.51247024536133,0.24819859862327576,0.3129425644874573,4.7085604569509
HACplus+CR,high,bonsai,00025,/work/u4546465/evaluation/HACplus+CR/HACplus+CR/High (0.002)/bonsai/00025.png,55.934322357177734,0.3012664318084717,0.350814551115036,4.733829109445791
HACplus+CR,high,bonsai,00026,/work/u4546465/evaluation/HACplus+CR/HACplus+CR/High (0.002)/bonsai/00026.png,63.3818244934082,0.26666027307510376,0.3010147511959076,4.5937075514461805
HACplus+CR,high,bonsai,00027,/work/u4546465/evaluation/HACplus+CR/HACplus+CR/High (0.002)/bonsai/00027.png,63.744537353515625,0.26210153102874756,0.3233279883861542,4.557658190618648
HACplus+CR,high,bonsai,00028,/work/u4546465/evaluation/HACplus+CR/HACplus+CR/High (0.002)/bonsai/00028.png,58.288482666015625,0.28962263464927673,0.35460302233695984,4.981076477450777
HACplus+CR,high,bonsai,00029,/work/u4546465/evaluation/HACplus+CR/HACplus+CR/High (0.002)/bonsai/00029.png,63.8187255859375,0.2577352225780487,0.32586583495140076,4.758708453850608
HACplus+CR,high,bonsai,00030,/work/u4546465/evaluation/HACplus+CR/HACplus+CR/High (0.002)/bonsai/00030.png,62.20691680908203,0.25435635447502136,0.2954809367656708,4.874751728787581
HACplus+CR,high,bonsai,00031,/work/u4546465/evaluation/HACplus+CR/HACplus+CR/High (0.002)/bonsai/00031.png,57.977821350097656,0.2529504597187042,0.2885549068450928,4.683223218438026
HACplus+CR,high,bonsai,00032,/work/u4546465/evaluation/HACplus+CR/HACplus+CR/High (0.002)/bonsai/00032.png,62.833518981933594,0.24617646634578705,0.28535762429237366,4.803973332042584
HACplus+CR,high,bonsai,00033,/work/u4546465/evaluation/HACplus+CR/HACplus+CR/High (0.002)/bonsai/00033.png,61.10628890991211,0.2566693425178528,0.2860800623893738,4.937731330971036
HACplus+CR,high,bonsai,00034,/work/u4546465/evaluation/HACplus+CR/HACplus+CR/High (0.002)/bonsai/00034.png,57.22139358520508,0.23088815808296204,0.24939680099487305,4.771165952511424
HACplus+CR,high,bonsai,00035,/work/u4546465/evaluation/HACplus+CR/HACplus+CR/High (0.002)/bonsai/00035.png,61.29547119140625,0.21888752281665802,0.29808327555656433,4.683693909239601
HACplus+CR,high,bonsai,00036,/work/u4546465/evaluation/HACplus+CR/HACplus+CR/High (0.002)/bonsai/00036.png,63.73596954345703,0.24429039657115936,0.3106043338775635,4.634354855956505
HACplus+CR,high,counter,00000,/work/u4546465/evaluation/HACplus+CR/HACplus+CR/High (0.002)/counter/00000.png,57.65732192993164,0.24495545029640198,0.4327031075954437,3.629761407667278
HACplus+CR,high,counter,00001,/work/u4546465/evaluation/HACplus+CR/HACplus+CR/High (0.002)/counter/00001.png,66.63775634765625,0.2767733931541443,0.459818035364151,3.3301131834822235
HACplus+CR,high,counter,00002,/work/u4546465/evaluation/HACplus+CR/HACplus+CR/High (0.002)/counter/00002.png,61.73126983642578,0.26700836420059204,0.4111442565917969,3.520397815765752
HACplus+CR,high,counter,00003,/work/u4546465/evaluation/HACplus+CR/HACplus+CR/High (0.002)/counter/00003.png,66.53047180175781,0.2628420889377594,0.4136008322238922,3.260070330056653
HACplus+CR,high,counter,00004,/work/u4546465/evaluation/HACplus+CR/HACplus+CR/High (0.002)/counter/00004.png,56.243465423583984,0.22666965425014496,0.37214118242263794,4.174652874697846
HACplus+CR,high,counter,00005,/work/u4546465/evaluation/HACplus+CR/HACplus+CR/High (0.002)/counter/00005.png,52.32998275756836,0.2428976446390152,0.3587358891963959,4.1209545340239595
HACplus+CR,high,counter,00006,/work/u4546465/evaluation/HACplus+CR/HACplus+CR/High (0.002)/counter/00006.png,66.6004409790039,0.2755020260810852,0.47341567277908325,3.634619556720741
HACplus+CR,high,counter,00007,/work/u4546465/evaluation/HACplus+CR/HACplus+CR/High (0.002)/counter/00007.png,64.2932357788086,0.2501414120197296,0.4173447787761688,3.653773661575708
HACplus+CR,high,counter,00008,/work/u4546465/evaluation/HACplus+CR/HACplus+CR/High (0.002)/counter/00008.png,45.60200500488281,0.24171841144561768,0.4148424565792084,4.7356392273025385
HACplus+CR,high,counter,00009,/work/u4546465/evaluation/HACplus+CR/HACplus+CR/High (0.002)/counter/00009.png,65.05963897705078,0.24404668807983398,0.38211217522621155,3.7001613549131296
HACplus+CR,high,counter,00010,/work/u4546465/evaluation/HACplus+CR/HACplus+CR/High (0.002)/counter/00010.png,63.54759979248047,0.2474723905324936,0.38437148928642273,3.4242592560953553
HACplus+CR,high,counter,00011,/work/u4546465/evaluation/HACplus+CR/HACplus+CR/High (0.002)/counter/00011.png,45.36573028564453,0.23153682053089142,0.4667911231517792,3.8685150038670337
HACplus+CR,high,counter,00012,/work/u4546465/evaluation/HACplus+CR/HACplus+CR/High (0.002)/counter/00012.png,64.29835510253906,0.26786449551582336,0.45023271441459656,3.3990727756673023
HACplus+CR,high,counter,00013,/work/u4546465/evaluation/HACplus+CR/HACplus+CR/High (0.002)/counter/00013.png,63.55376434326172,0.2731378674507141,0.4326569736003876,3.5154099934027663
HACplus+CR,high,counter,00014,/work/u4546465/evaluation/HACplus+CR/HACplus+CR/High (0.002)/counter/00014.png,58.48771667480469,0.2487545907497406,0.42563295364379883,3.50712473494049
HACplus+CR,high,counter,00015,/work/u4546465/evaluation/HACplus+CR/HACplus+CR/High (0.002)/counter/00015.png,61.518497467041016,0.26502344012260437,0.4959680736064911,3.3112630906993767
HACplus+CR,high,counter,00016,/work/u4546465/evaluation/HACplus+CR/HACplus+CR/High (0.002)/counter/00016.png,61.91945266723633,0.2803712487220764,0.408346951007843,3.4265252825673733
HACplus+CR,high,counter,00017,/work/u4546465/evaluation/HACplus+CR/HACplus+CR/High (0.002)/counter/00017.png,54.9793815612793,0.24529914557933807,0.3683775067329407,3.8583559846610695
HACplus+CR,high,counter,00018,/work/u4546465/evaluation/HACplus+CR/HACplus+CR/High (0.002)/counter/00018.png,59.16448211669922,0.2496478259563446,0.41993728280067444,3.5558064470516175
HACplus+CR,high,counter,00019,/work/u4546465/evaluation/HACplus+CR/HACplus+CR/High (0.002)/counter/00019.png,63.06079864501953,0.2881777882575989,0.3980956971645355,3.5359943427866183
HACplus+CR,high,counter,00020,/work/u4546465/evaluation/HACplus+CR/HACplus+CR/High (0.002)/counter/00020.png,61.54966354370117,0.2885867655277252,0.4155453145503998,3.6470091573531995
HACplus+CR,high,counter,00021,/work/u4546465/evaluation/HACplus+CR/HACplus+CR/High (0.002)/counter/00021.png,58.98027038574219,0.26344236731529236,0.3931754231452942,3.7691351625709983
HACplus+CR,high,counter,00022,/work/u4546465/evaluation/HACplus+CR/HACplus+CR/High (0.002)/counter/00022.png,65.52696990966797,0.2974257469177246,0.44443169236183167,3.434257639082491
HACplus+CR,high,counter,00023,/work/u4546465/evaluation/HACplus+CR/HACplus+CR/High (0.002)/counter/00023.png,63.48668670654297,0.28611546754837036,0.44075807929039,3.5718059290740176
HACplus+CR,high,counter,00024,/work/u4546465/evaluation/HACplus+CR/HACplus+CR/High (0.002)/counter/00024.png,59.97346496582031,0.2735675275325775,0.4396919906139374,3.4373177360382043
HACplus+CR,high,counter,00025,/work/u4546465/evaluation/HACplus+CR/HACplus+CR/High (0.002)/counter/00025.png,65.7282485961914,0.2715763449668884,0.4286160469055176,3.389357123149141
HACplus+CR,high,counter,00026,/work/u4546465/evaluation/HACplus+CR/HACplus+CR/High (0.002)/counter/00026.png,63.839805603027344,0.2779048681259155,0.4380984306335449,3.443606429190409
HACplus+CR,high,counter,00027,/work/u4546465/evaluation/HACplus+CR/HACplus+CR/High (0.002)/counter/00027.png,64.19348907470703,0.28362682461738586,0.4380979537963867,3.3464974047675424
HACplus+CR,high,counter,00028,/work/u4546465/evaluation/HACplus+CR/HACplus+CR/High (0.002)/counter/00028.png,64.87752532958984,0.2843863070011139,0.5212605595588684,3.4218475599250175
HACplus+CR,high,counter,00029,/work/u4546465/evaluation/HACplus+CR/HACplus+CR/High (0.002)/counter/00029.png,60.186614990234375,0.26209118962287903,0.40352606773376465,3.440168467419703
HACplus+CR,high,flowers,00000,/work/u4546465/evaluation/HACplus+CR/HACplus+CR/High (0.002)/flowers/00000.png,74.50830078125,0.3445965349674225,0.6297485828399658,2.2187007535879255
HACplus+CR,high,flowers,00001,/work/u4546465/evaluation/HACplus+CR/HACplus+CR/High (0.002)/flowers/00001.png,73.79141998291016,0.3365722894668579,0.5491556525230408,2.1083403988203973
HACplus+CR,high,flowers,00002,/work/u4546465/evaluation/HACplus+CR/HACplus+CR/High (0.002)/flowers/00002.png,73.2510757446289,0.3465993404388428,0.5768799185752869,2.4267453975227196
HACplus+CR,high,flowers,00003,/work/u4546465/evaluation/HACplus+CR/HACplus+CR/High (0.002)/flowers/00003.png,73.38719940185547,0.32247141003608704,0.5638917088508606,2.344895295166628
HACplus+CR,high,flowers,00004,/work/u4546465/evaluation/HACplus+CR/HACplus+CR/High (0.002)/flowers/00004.png,74.06291198730469,0.36315181851387024,0.5823979377746582,2.279139194704263
HACplus+CR,high,flowers,00005,/work/u4546465/evaluation/HACplus+CR/HACplus+CR/High (0.002)/flowers/00005.png,73.97431182861328,0.3484257161617279,0.6134738326072693,2.112961730075937
HACplus+CR,high,flowers,00006,/work/u4546465/evaluation/HACplus+CR/HACplus+CR/High (0.002)/flowers/00006.png,73.65565490722656,0.3566613495349884,0.6111880540847778,2.1813242791597727
HACplus+CR,high,flowers,00007,/work/u4546465/evaluation/HACplus+CR/HACplus+CR/High (0.002)/flowers/00007.png,73.79259490966797,0.3369862735271454,0.5895467400550842,2.330001938534054
HACplus+CR,high,flowers,00008,/work/u4546465/evaluation/HACplus+CR/HACplus+CR/High (0.002)/flowers/00008.png,74.40323638916016,0.32745397090911865,0.5967046618461609,1.9729682523783185
HACplus+CR,high,flowers,00009,/work/u4546465/evaluation/HACplus+CR/HACplus+CR/High (0.002)/flowers/00009.png,71.4478759765625,0.3290915787220001,0.5062043070793152,2.072172031243197
HACplus+CR,high,flowers,00010,/work/u4546465/evaluation/HACplus+CR/HACplus+CR/High (0.002)/flowers/00010.png,73.70604705810547,0.35524624586105347,0.6123430132865906,2.078269033510461
HACplus+CR,high,flowers,00011,/work/u4546465/evaluation/HACplus+CR/HACplus+CR/High (0.002)/flowers/00011.png,75.33252716064453,0.36166876554489136,0.6383888721466064,2.326755580261152
HACplus+CR,high,flowers,00012,/work/u4546465/evaluation/HACplus+CR/HACplus+CR/High (0.002)/flowers/00012.png,74.3808364868164,0.35383862257003784,0.6117224097251892,2.127276985729298
HACplus+CR,high,flowers,00013,/work/u4546465/evaluation/HACplus+CR/HACplus+CR/High (0.002)/flowers/00013.png,74.4683609008789,0.33841240406036377,0.5895848274230957,2.0555270772130174
HACplus+CR,high,flowers,00014,/work/u4546465/evaluation/HACplus+CR/HACplus+CR/High (0.002)/flowers/00014.png,74.36521911621094,0.36215344071388245,0.6277855038642883,2.4345313218486098
HACplus+CR,high,flowers,00015,/work/u4546465/evaluation/HACplus+CR/HACplus+CR/High (0.002)/flowers/00015.png,73.94941711425781,0.35944342613220215,0.5972421765327454,2.3422080641213254
HACplus+CR,high,flowers,00016,/work/u4546465/evaluation/HACplus+CR/HACplus+CR/High (0.002)/flowers/00016.png,74.15642547607422,0.35214293003082275,0.6098402738571167,2.278830635291981
HACplus+CR,high,flowers,00017,/work/u4546465/evaluation/HACplus+CR/HACplus+CR/High (0.002)/flowers/00017.png,72.94684600830078,0.3410155177116394,0.5924738049507141,2.2955525753681116
HACplus+CR,high,flowers,00018,/work/u4546465/evaluation/HACplus+CR/HACplus+CR/High (0.002)/flowers/00018.png,73.8247299194336,0.342555433511734,0.5880181193351746,2.314145096419303
HACplus+CR,high,flowers,00019,/work/u4546465/evaluation/HACplus+CR/HACplus+CR/High (0.002)/flowers/00019.png,72.44454193115234,0.3396586775779724,0.5759862065315247,2.4086335832585783
HACplus+CR,high,flowers,00020,/work/u4546465/evaluation/HACplus+CR/HACplus+CR/High (0.002)/flowers/00020.png,72.11842346191406,0.32170337438583374,0.5360817909240723,2.377679244444763
HACplus+CR,high,flowers,00021,/work/u4546465/evaluation/HACplus+CR/HACplus+CR/High (0.002)/flowers/00021.png,71.87203216552734,0.3080431818962097,0.5398305058479309,2.4145426288618723
HACplus+CR,high,garden,00000,/work/u4546465/evaluation/HACplus+CR/HACplus+CR/High (0.002)/garden/00000.png,74.42790985107422,0.3838856518268585,0.6538137197494507,1.7858084574014799
HACplus+CR,high,garden,00001,/work/u4546465/evaluation/HACplus+CR/HACplus+CR/High (0.002)/garden/00001.png,73.04425811767578,0.3562145233154297,0.5307717323303223,1.9174887730809218
HACplus+CR,high,garden,00002,/work/u4546465/evaluation/HACplus+CR/HACplus+CR/High (0.002)/garden/00002.png,74.46276092529297,0.38343024253845215,0.5192984938621521,1.9214934885258779
HACplus+CR,high,garden,00003,/work/u4546465/evaluation/HACplus+CR/HACplus+CR/High (0.002)/garden/00003.png,72.2274398803711,0.3930700421333313,0.6815785765647888,1.8484073817073563
HACplus+CR,high,garden,00004,/work/u4546465/evaluation/HACplus+CR/HACplus+CR/High (0.002)/garden/00004.png,73.48688507080078,0.38268542289733887,0.630105197429657,1.8657443296836655
HACplus+CR,high,garden,00005,/work/u4546465/evaluation/HACplus+CR/HACplus+CR/High (0.002)/garden/00005.png,71.9713363647461,0.3834567070007324,0.5423873066902161,1.92251326426539
HACplus+CR,high,garden,00006,/work/u4546465/evaluation/HACplus+CR/HACplus+CR/High (0.002)/garden/00006.png,74.52555084228516,0.40703916549682617,0.6131861805915833,2.0146123012259864
HACplus+CR,high,garden,00007,/work/u4546465/evaluation/HACplus+CR/HACplus+CR/High (0.002)/garden/00007.png,72.31352996826172,0.4055618345737457,0.652766227722168,1.738986609283582
HACplus+CR,high,garden,00008,/work/u4546465/evaluation/HACplus+CR/HACplus+CR/High (0.002)/garden/00008.png,72.29991149902344,0.403644323348999,0.6697761416435242,1.7747932507359607
HACplus+CR,high,garden,00009,/work/u4546465/evaluation/HACplus+CR/HACplus+CR/High (0.002)/garden/00009.png,73.5516586303711,0.39258724451065063,0.629231870174408,1.9956832566435583
HACplus+CR,high,garden,00010,/work/u4546465/evaluation/HACplus+CR/HACplus+CR/High (0.002)/garden/00010.png,72.50106048583984,0.3947128653526306,0.6017558574676514,2.0633342982682774
HACplus+CR,high,garden,00011,/work/u4546465/evaluation/HACplus+CR/HACplus+CR/High (0.002)/garden/00011.png,72.82117462158203,0.4080221354961395,0.6624889373779297,1.8261250127812183
HACplus+CR,high,garden,00012,/work/u4546465/evaluation/HACplus+CR/HACplus+CR/High (0.002)/garden/00012.png,73.74111938476562,0.4034424126148224,0.6585694551467896,1.9299241257745037
HACplus+CR,high,garden,00013,/work/u4546465/evaluation/HACplus+CR/HACplus+CR/High (0.002)/garden/00013.png,73.16681671142578,0.384217232465744,0.5764549970626831,2.0249436249720323
HACplus+CR,high,garden,00014,/work/u4546465/evaluation/HACplus+CR/HACplus+CR/High (0.002)/garden/00014.png,72.81757354736328,0.4002637267112732,0.6103981137275696,1.975449138368902
HACplus+CR,high,garden,00015,/work/u4546465/evaluation/HACplus+CR/HACplus+CR/High (0.002)/garden/00015.png,73.00198364257812,0.4034905731678009,0.6723648905754089,1.8285150442708873
HACplus+CR,high,garden,00016,/work/u4546465/evaluation/HACplus+CR/HACplus+CR/High (0.002)/garden/00016.png,73.0075912475586,0.39455446600914,0.6301198601722717,2.1005794410812837
HACplus+CR,high,garden,00017,/work/u4546465/evaluation/HACplus+CR/HACplus+CR/High (0.002)/garden/00017.png,74.2880630493164,0.3888632357120514,0.5505596995353699,2.2891624985385737
HACplus+CR,high,garden,00018,/work/u4546465/evaluation/HACplus+CR/HACplus+CR/High (0.002)/garden/00018.png,73.07477569580078,0.417562335729599,0.657404363155365,2.1914724317308845
HACplus+CR,high,garden,00019,/work/u4546465/evaluation/HACplus+CR/HACplus+CR/High (0.002)/garden/00019.png,71.97250366210938,0.41940438747406006,0.6775957942008972,2.2938369264396283
HACplus+CR,high,garden,00020,/work/u4546465/evaluation/HACplus+CR/HACplus+CR/High (0.002)/garden/00020.png,72.97473907470703,0.3828147053718567,0.6361544132232666,2.137941852300332
HACplus+CR,high,garden,00021,/work/u4546465/evaluation/HACplus+CR/HACplus+CR/High (0.002)/garden/00021.png,73.44733428955078,0.3924827575683594,0.5635034441947937,2.179031680890113
HACplus+CR,high,garden,00022,/work/u4546465/evaluation/HACplus+CR/HACplus+CR/High (0.002)/garden/00022.png,74.16766357421875,0.4157174229621887,0.6673793196678162,2.108617802481224
HACplus+CR,high,garden,00023,/work/u4546465/evaluation/HACplus+CR/HACplus+CR/High (0.002)/garden/00023.png,72.78662872314453,0.3982776403427124,0.6360054016113281,2.0661277221869523
HACplus+CR,high,kitchen,00000,/work/u4546465/evaluation/HACplus+CR/HACplus+CR/High (0.002)/kitchen/00000.png,71.22937774658203,0.30421337485313416,0.360991895198822,3.750157413722313
HACplus+CR,high,kitchen,00001,/work/u4546465/evaluation/HACplus+CR/HACplus+CR/High (0.002)/kitchen/00001.png,72.46694946289062,0.3088958263397217,0.364409476518631,3.83133821729891
HACplus+CR,high,kitchen,00002,/work/u4546465/evaluation/HACplus+CR/HACplus+CR/High (0.002)/kitchen/00002.png,69.87787628173828,0.32512369751930237,0.36926332116127014,4.0191964843571055
HACplus+CR,high,kitchen,00003,/work/u4546465/evaluation/HACplus+CR/HACplus+CR/High (0.002)/kitchen/00003.png,71.63690948486328,0.3555769920349121,0.4111144542694092,3.9594914830146055
HACplus+CR,high,kitchen,00004,/work/u4546465/evaluation/HACplus+CR/HACplus+CR/High (0.002)/kitchen/00004.png,72.972900390625,0.3417378067970276,0.41073790192604065,3.89910805329616
HACplus+CR,high,kitchen,00005,/work/u4546465/evaluation/HACplus+CR/HACplus+CR/High (0.002)/kitchen/00005.png,71.22528839111328,0.3228773772716522,0.3508990705013275,3.7884416989105194
HACplus+CR,high,kitchen,00006,/work/u4546465/evaluation/HACplus+CR/HACplus+CR/High (0.002)/kitchen/00006.png,70.66580963134766,0.3565463125705719,0.37707558274269104,3.7859165540786575
HACplus+CR,high,kitchen,00007,/work/u4546465/evaluation/HACplus+CR/HACplus+CR/High (0.002)/kitchen/00007.png,71.52035522460938,0.3479865789413452,0.41766753792762756,3.8798848570103215
HACplus+CR,high,kitchen,00008,/work/u4546465/evaluation/HACplus+CR/HACplus+CR/High (0.002)/kitchen/00008.png,67.10047149658203,0.30286839604377747,0.30871281027793884,3.8818646570632125
HACplus+CR,high,kitchen,00009,/work/u4546465/evaluation/HACplus+CR/HACplus+CR/High (0.002)/kitchen/00009.png,64.2933578491211,0.312655508518219,0.31479889154434204,3.5454416974513796
HACplus+CR,high,kitchen,00010,/work/u4546465/evaluation/HACplus+CR/HACplus+CR/High (0.002)/kitchen/00010.png,67.18158721923828,0.3443949818611145,0.3745770752429962,3.7124900286646936
HACplus+CR,high,kitchen,00011,/work/u4546465/evaluation/HACplus+CR/HACplus+CR/High (0.002)/kitchen/00011.png,68.76586151123047,0.35671716928482056,0.40271803736686707,3.598957365986525
HACplus+CR,high,kitchen,00012,/work/u4546465/evaluation/HACplus+CR/HACplus+CR/High (0.002)/kitchen/00012.png,67.75116729736328,0.33622339367866516,0.35030850768089294,3.7267307654580066
HACplus+CR,high,kitchen,00013,/work/u4546465/evaluation/HACplus+CR/HACplus+CR/High (0.002)/kitchen/00013.png,68.19170379638672,0.3357267379760742,0.34025734663009644,3.898512475104673
HACplus+CR,high,kitchen,00014,/work/u4546465/evaluation/HACplus+CR/HACplus+CR/High (0.002)/kitchen/00014.png,67.66923522949219,0.3532223403453827,0.40908607840538025,3.576475553790979
HACplus+CR,high,kitchen,00015,/work/u4546465/evaluation/HACplus+CR/HACplus+CR/High (0.002)/kitchen/00015.png,67.71306610107422,0.29149049520492554,0.3295539915561676,3.5482645847236443
HACplus+CR,high,kitchen,00016,/work/u4546465/evaluation/HACplus+CR/HACplus+CR/High (0.002)/kitchen/00016.png,70.99703216552734,0.3233898878097534,0.3363093137741089,3.583958187440028
HACplus+CR,high,kitchen,00017,/work/u4546465/evaluation/HACplus+CR/HACplus+CR/High (0.002)/kitchen/00017.png,70.25961303710938,0.31222519278526306,0.3887893259525299,3.4632308156792577
HACplus+CR,high,kitchen,00018,/work/u4546465/evaluation/HACplus+CR/HACplus+CR/High (0.002)/kitchen/00018.png,68.66698455810547,0.3102152347564697,0.34355077147483826,3.6633883781754335
HACplus+CR,high,kitchen,00019,/work/u4546465/evaluation/HACplus+CR/HACplus+CR/High (0.002)/kitchen/00019.png,69.60978698730469,0.31445538997650146,0.3740331828594208,3.37886979907719
HACplus+CR,high,kitchen,00020,/work/u4546465/evaluation/HACplus+CR/HACplus+CR/High (0.002)/kitchen/00020.png,63.81024932861328,0.2974502146244049,0.3012237548828125,4.312881063063572
HACplus+CR,high,kitchen,00021,/work/u4546465/evaluation/HACplus+CR/HACplus+CR/High (0.002)/kitchen/00021.png,60.546356201171875,0.2796078324317932,0.27538061141967773,3.9908143470511446
HACplus+CR,high,kitchen,00022,/work/u4546465/evaluation/HACplus+CR/HACplus+CR/High (0.002)/kitchen/00022.png,63.82719039916992,0.3074192702770233,0.313340425491333,4.208618523663928
HACplus+CR,high,kitchen,00023,/work/u4546465/evaluation/HACplus+CR/HACplus+CR/High (0.002)/kitchen/00023.png,64.19239044189453,0.2725766599178314,0.3431556522846222,4.383752785224504
HACplus+CR,high,kitchen,00024,/work/u4546465/evaluation/HACplus+CR/HACplus+CR/High (0.002)/kitchen/00024.png,65.55699920654297,0.34447401762008667,0.38541850447654724,4.285511199853379
HACplus+CR,high,kitchen,00025,/work/u4546465/evaluation/HACplus+CR/HACplus+CR/High (0.002)/kitchen/00025.png,65.36573028564453,0.35251304507255554,0.3444388210773468,4.230648540760079
HACplus+CR,high,kitchen,00026,/work/u4546465/evaluation/HACplus+CR/HACplus+CR/High (0.002)/kitchen/00026.png,65.10088348388672,0.3021830916404724,0.3858189880847931,3.9726631435134157
HACplus+CR,high,kitchen,00027,/work/u4546465/evaluation/HACplus+CR/HACplus+CR/High (0.002)/kitchen/00027.png,65.43953704833984,0.3167411684989929,0.40223923325538635,3.8252420041738997
HACplus+CR,high,kitchen,00028,/work/u4546465/evaluation/HACplus+CR/HACplus+CR/High (0.002)/kitchen/00028.png,66.06600189208984,0.35614436864852905,0.33662816882133484,4.403644479491281
HACplus+CR,high,kitchen,00029,/work/u4546465/evaluation/HACplus+CR/HACplus+CR/High (0.002)/kitchen/00029.png,64.4083480834961,0.3187805712223053,0.29175812005996704,4.384105972254956
HACplus+CR,high,kitchen,00030,/work/u4546465/evaluation/HACplus+CR/HACplus+CR/High (0.002)/kitchen/00030.png,66.45262908935547,0.303384929895401,0.38621246814727783,4.122757064767935
HACplus+CR,high,kitchen,00031,/work/u4546465/evaluation/HACplus+CR/HACplus+CR/High (0.002)/kitchen/00031.png,66.28108215332031,0.26594677567481995,0.28088125586509705,4.112443468417377
HACplus+CR,high,kitchen,00032,/work/u4546465/evaluation/HACplus+CR/HACplus+CR/High (0.002)/kitchen/00032.png,69.10572052001953,0.3086104393005371,0.3133352994918823,4.007036848238096
HACplus+CR,high,kitchen,00033,/work/u4546465/evaluation/HACplus+CR/HACplus+CR/High (0.002)/kitchen/00033.png,65.02130889892578,0.27325037121772766,0.28472915291786194,3.9833975330740787
HACplus+CR,high,kitchen,00034,/work/u4546465/evaluation/HACplus+CR/HACplus+CR/High (0.002)/kitchen/00034.png,66.16343688964844,0.31576743721961975,0.3566153645515442,3.895317722342074
HACplus+CR,high,room,00000,/work/u4546465/evaluation/HACplus+CR/HACplus+CR/High (0.002)/room/00000.png,50.99205017089844,0.23429621756076813,0.2627277076244354,3.8549850650210526
HACplus+CR,high,room,00001,/work/u4546465/evaluation/HACplus+CR/HACplus+CR/High (0.002)/room/00001.png,55.21441650390625,0.24674445390701294,0.32899805903434753,3.6103316254038096
HACplus+CR,high,room,00002,/work/u4546465/evaluation/HACplus+CR/HACplus+CR/High (0.002)/room/00002.png,58.160221099853516,0.2619592249393463,0.41902777552604675,3.543628580176886
HACplus+CR,high,room,00003,/work/u4546465/evaluation/HACplus+CR/HACplus+CR/High (0.002)/room/00003.png,54.43000793457031,0.25838351249694824,0.36662644147872925,4.165977094684705
HACplus+CR,high,room,00004,/work/u4546465/evaluation/HACplus+CR/HACplus+CR/High (0.002)/room/00004.png,58.37648010253906,0.28945663571357727,0.43900027871131897,3.9059338189809205
HACplus+CR,high,room,00005,/work/u4546465/evaluation/HACplus+CR/HACplus+CR/High (0.002)/room/00005.png,59.024417877197266,0.25559452176094055,0.33486971259117126,3.935464987830203
HACplus+CR,high,room,00006,/work/u4546465/evaluation/HACplus+CR/HACplus+CR/High (0.002)/room/00006.png,56.45344161987305,0.27351653575897217,0.4120796322822571,3.656977292254561
HACplus+CR,high,room,00007,/work/u4546465/evaluation/HACplus+CR/HACplus+CR/High (0.002)/room/00007.png,57.13843536376953,0.2808069884777069,0.40060409903526306,4.0730679360597986
HACplus+CR,high,room,00008,/work/u4546465/evaluation/HACplus+CR/HACplus+CR/High (0.002)/room/00008.png,57.86772155761719,0.2710248529911041,0.36540907621383667,4.169923384999051
HACplus+CR,high,room,00009,/work/u4546465/evaluation/HACplus+CR/HACplus+CR/High (0.002)/room/00009.png,57.219635009765625,0.2794768810272217,0.41811051964759827,3.7719589354566394
HACplus+CR,high,room,00010,/work/u4546465/evaluation/HACplus+CR/HACplus+CR/High (0.002)/room/00010.png,54.370094299316406,0.2637876570224762,0.3841937482357025,3.8640297026292023
HACplus+CR,high,room,00011,/work/u4546465/evaluation/HACplus+CR/HACplus+CR/High (0.002)/room/00011.png,45.02475357055664,0.21998782455921173,0.334755003452301,4.734691217251035
HACplus+CR,high,room,00012,/work/u4546465/evaluation/HACplus+CR/HACplus+CR/High (0.002)/room/00012.png,50.714717864990234,0.23943883180618286,0.3413229286670685,4.398610884509607
HACplus+CR,high,room,00013,/work/u4546465/evaluation/HACplus+CR/HACplus+CR/High (0.002)/room/00013.png,52.757537841796875,0.25431498885154724,0.42424270510673523,3.96655474670909
HACplus+CR,high,room,00014,/work/u4546465/evaluation/HACplus+CR/HACplus+CR/High (0.002)/room/00014.png,55.61927795410156,0.2396116554737091,0.36699238419532776,4.534826919076106
HACplus+CR,high,room,00015,/work/u4546465/evaluation/HACplus+CR/HACplus+CR/High (0.002)/room/00015.png,53.188899993896484,0.2580069601535797,0.37122637033462524,4.352631179768269
HACplus+CR,high,room,00016,/work/u4546465/evaluation/HACplus+CR/HACplus+CR/High (0.002)/room/00016.png,54.80504608154297,0.2655908763408661,0.45287609100341797,3.6727731810014457
HACplus+CR,high,room,00017,/work/u4546465/evaluation/HACplus+CR/HACplus+CR/High (0.002)/room/00017.png,48.35838317871094,0.22072601318359375,0.337776243686676,4.767609030414585
HACplus+CR,high,room,00018,/work/u4546465/evaluation/HACplus+CR/HACplus+CR/High (0.002)/room/00018.png,57.080440521240234,0.30489102005958557,0.3432562053203583,3.642374898345789
HACplus+CR,high,room,00019,/work/u4546465/evaluation/HACplus+CR/HACplus+CR/High (0.002)/room/00019.png,57.99091720581055,0.24585117399692535,0.31712159514427185,3.71679522595176
HACplus+CR,high,room,00020,/work/u4546465/evaluation/HACplus+CR/HACplus+CR/High (0.002)/room/00020.png,52.21189880371094,0.26308494806289673,0.34662237763404846,3.6501569176320903
HACplus+CR,high,room,00021,/work/u4546465/evaluation/HACplus+CR/HACplus+CR/High (0.002)/room/00021.png,57.79222869873047,0.2914361357688904,0.33186769485473633,3.279227818134158
HACplus+CR,high,room,00022,/work/u4546465/evaluation/HACplus+CR/HACplus+CR/High (0.002)/room/00022.png,56.51976776123047,0.27920833230018616,0.4353298246860504,3.552380926017846
HACplus+CR,high,room,00023,/work/u4546465/evaluation/HACplus+CR/HACplus+CR/High (0.002)/room/00023.png,51.37410354614258,0.24558517336845398,0.3937843143939972,3.9744544383382023
HACplus+CR,high,room,00024,/work/u4546465/evaluation/HACplus+CR/HACplus+CR/High (0.002)/room/00024.png,45.386714935302734,0.24247558414936066,0.2796187996864319,4.662503231184644
HACplus+CR,high,room,00025,/work/u4546465/evaluation/HACplus+CR/HACplus+CR/High (0.002)/room/00025.png,59.560157775878906,0.29934102296829224,0.3700335621833801,3.6620565403316374
HACplus+CR,high,room,00026,/work/u4546465/evaluation/HACplus+CR/HACplus+CR/High (0.002)/room/00026.png,42.38475799560547,0.24129615724086761,0.23231709003448486,6.064053456705615
HACplus+CR,high,room,00027,/work/u4546465/evaluation/HACplus+CR/HACplus+CR/High (0.002)/room/00027.png,47.774967193603516,0.22156107425689697,0.2507152259349823,4.815282694161992
HACplus+CR,high,room,00028,/work/u4546465/evaluation/HACplus+CR/HACplus+CR/High (0.002)/room/00028.png,40.685691833496094,0.1760289967060089,0.2784467041492462,6.1940027247658245
HACplus+CR,high,room,00029,/work/u4546465/evaluation/HACplus+CR/HACplus+CR/High (0.002)/room/00029.png,48.46446228027344,0.2012580931186676,0.3111422061920166,5.645186407414234
HACplus+CR,high,room,00030,/work/u4546465/evaluation/HACplus+CR/HACplus+CR/High (0.002)/room/00030.png,46.59904479980469,0.22013787925243378,0.281733900308609,4.371589394243268
HACplus+CR,high,room,00031,/work/u4546465/evaluation/HACplus+CR/HACplus+CR/High (0.002)/room/00031.png,49.87548828125,0.2744975984096527,0.3256533741950989,6.102257820915734
HACplus+CR,high,room,00032,/work/u4546465/evaluation/HACplus+CR/HACplus+CR/High (0.002)/room/00032.png,52.51670837402344,0.22670333087444305,0.32103991508483887,4.4495328768701805
HACplus+CR,high,room,00033,/work/u4546465/evaluation/HACplus+CR/HACplus+CR/High (0.002)/room/00033.png,40.90764236450195,0.22929492592811584,0.24862556159496307,6.650441786635419
HACplus+CR,high,room,00034,/work/u4546465/evaluation/HACplus+CR/HACplus+CR/High (0.002)/room/00034.png,44.29884338378906,0.32644787430763245,0.2544039487838745,8.045065468043887
HACplus+CR,high,room,00035,/work/u4546465/evaluation/HACplus+CR/HACplus+CR/High (0.002)/room/00035.png,52.14986801147461,0.31645575165748596,0.32463136315345764,6.7986891182399445
HACplus+CR,high,room,00036,/work/u4546465/evaluation/HACplus+CR/HACplus+CR/High (0.002)/room/00036.png,48.308074951171875,0.23423540592193604,0.2806893289089203,6.40171418139382
HACplus+CR,high,room,00037,/work/u4546465/evaluation/HACplus+CR/HACplus+CR/High (0.002)/room/00037.png,57.24551773071289,0.36341413855552673,0.3519726097583771,4.163671832365293
HACplus+CR,high,room,00038,/work/u4546465/evaluation/HACplus+CR/HACplus+CR/High (0.002)/room/00038.png,51.02899169921875,0.2589401602745056,0.335787296295166,4.864011237092387
HACplus+CR,high,stump,00000,/work/u4546465/evaluation/HACplus+CR/HACplus+CR/High (0.002)/stump/00000.png,59.92481231689453,0.28099822998046875,0.39906588196754456,3.2236147573504854
HACplus+CR,high,stump,00001,/work/u4546465/evaluation/HACplus+CR/HACplus+CR/High (0.002)/stump/00001.png,60.15980529785156,0.25647157430648804,0.3830597996711731,3.923370100302499
HACplus+CR,high,stump,00002,/work/u4546465/evaluation/HACplus+CR/HACplus+CR/High (0.002)/stump/00002.png,59.18364715576172,0.2639406621456146,0.41993361711502075,3.591560826888077
HACplus+CR,high,stump,00003,/work/u4546465/evaluation/HACplus+CR/HACplus+CR/High (0.002)/stump/00003.png,60.90731430053711,0.25992074608802795,0.4117991626262665,3.6903941667117186
HACplus+CR,high,stump,00004,/work/u4546465/evaluation/HACplus+CR/HACplus+CR/High (0.002)/stump/00004.png,60.51072692871094,0.2748684883117676,0.43524500727653503,3.8646755368625207
HACplus+CR,high,stump,00005,/work/u4546465/evaluation/HACplus+CR/HACplus+CR/High (0.002)/stump/00005.png,67.03374481201172,0.2791944444179535,0.46204444766044617,3.6854026310485555
HACplus+CR,high,stump,00006,/work/u4546465/evaluation/HACplus+CR/HACplus+CR/High (0.002)/stump/00006.png,60.263675689697266,0.2987552285194397,0.41070666909217834,3.842658587113571
HACplus+CR,high,stump,00007,/work/u4546465/evaluation/HACplus+CR/HACplus+CR/High (0.002)/stump/00007.png,62.681217193603516,0.2862733006477356,0.43699151277542114,3.5446509300664517
HACplus+CR,high,stump,00008,/work/u4546465/evaluation/HACplus+CR/HACplus+CR/High (0.002)/stump/00008.png,51.0280876159668,0.225732684135437,0.32821521162986755,4.380344872046899
HACplus+CR,high,stump,00009,/work/u4546465/evaluation/HACplus+CR/HACplus+CR/High (0.002)/stump/00009.png,58.98184585571289,0.2854210436344147,0.36688339710235596,3.8260014417310337
HACplus+CR,high,stump,00010,/work/u4546465/evaluation/HACplus+CR/HACplus+CR/High (0.002)/stump/00010.png,60.853912353515625,0.27647721767425537,0.3946806490421295,4.195992813902165
HACplus+CR,high,stump,00011,/work/u4546465/evaluation/HACplus+CR/HACplus+CR/High (0.002)/stump/00011.png,60.155494689941406,0.28582850098609924,0.368137389421463,3.8986636536121964
HACplus+CR,high,stump,00012,/work/u4546465/evaluation/HACplus+CR/HACplus+CR/High (0.002)/stump/00012.png,64.6039047241211,0.2801121473312378,0.3948063850402832,3.8284467752805758
HACplus+CR,high,stump,00013,/work/u4546465/evaluation/HACplus+CR/HACplus+CR/High (0.002)/stump/00013.png,59.081825256347656,0.28449463844299316,0.3698277771472931,3.6518652256887445
HACplus+CR,high,stump,00014,/work/u4546465/evaluation/HACplus+CR/HACplus+CR/High (0.002)/stump/00014.png,60.79643249511719,0.2725197672843933,0.37854331731796265,3.851777166020007
HACplus+CR,high,stump,00015,/work/u4546465/evaluation/HACplus+CR/HACplus+CR/High (0.002)/stump/00015.png,61.215576171875,0.28518328070640564,0.36888009309768677,3.9268298749563795
HACplus+CR,high,treehill,00000,/work/u4546465/evaluation/HACplus+CR/HACplus+CR/High (0.002)/treehill/00000.png,57.96473693847656,0.28584930300712585,0.4303416907787323,2.7798873328600004
HACplus+CR,high,treehill,00001,/work/u4546465/evaluation/HACplus+CR/HACplus+CR/High (0.002)/treehill/00001.png,56.59050369262695,0.27728575468063354,0.35772958397865295,2.7577110315539697
HACplus+CR,high,treehill,00002,/work/u4546465/evaluation/HACplus+CR/HACplus+CR/High (0.002)/treehill/00002.png,61.55911636352539,0.29711252450942993,0.3767354190349579,2.4251569222935037
HACplus+CR,high,treehill,00003,/work/u4546465/evaluation/HACplus+CR/HACplus+CR/High (0.002)/treehill/00003.png,58.411712646484375,0.2718937397003174,0.4202001094818115,2.5564264591856927
HACplus+CR,high,treehill,00004,/work/u4546465/evaluation/HACplus+CR/HACplus+CR/High (0.002)/treehill/00004.png,63.11830139160156,0.2902466654777527,0.40885129570961,2.4479694339789697
HACplus+CR,high,treehill,00005,/work/u4546465/evaluation/HACplus+CR/HACplus+CR/High (0.002)/treehill/00005.png,61.64271545410156,0.28074803948402405,0.4313315451145172,2.440493932417279
HACplus+CR,high,treehill,00006,/work/u4546465/evaluation/HACplus+CR/HACplus+CR/High (0.002)/treehill/00006.png,63.393592834472656,0.26849281787872314,0.3754616975784302,2.6854716821740454
HACplus+CR,high,treehill,00007,/work/u4546465/evaluation/HACplus+CR/HACplus+CR/High (0.002)/treehill/00007.png,54.94676208496094,0.2619371712207794,0.3576936721801758,2.7154092854720924
HACplus+CR,high,treehill,00008,/work/u4546465/evaluation/HACplus+CR/HACplus+CR/High (0.002)/treehill/00008.png,65.5441665649414,0.2781292200088501,0.4572407901287079,2.2134800486880093
HACplus+CR,high,treehill,00009,/work/u4546465/evaluation/HACplus+CR/HACplus+CR/High (0.002)/treehill/00009.png,62.50160217285156,0.2774296998977661,0.47550320625305176,2.661293514900461
HACplus+CR,high,treehill,00010,/work/u4546465/evaluation/HACplus+CR/HACplus+CR/High (0.002)/treehill/00010.png,58.445274353027344,0.28099524974823,0.4363642632961273,2.546998259261159
HACplus+CR,high,treehill,00011,/work/u4546465/evaluation/HACplus+CR/HACplus+CR/High (0.002)/treehill/00011.png,65.22600555419922,0.2858293652534485,0.4822033941745758,2.3719959935229213
HACplus+CR,high,treehill,00012,/work/u4546465/evaluation/HACplus+CR/HACplus+CR/High (0.002)/treehill/00012.png,62.43407440185547,0.2981920540332794,0.4074321687221527,2.653030975755821
HACplus+CR,high,treehill,00013,/work/u4546465/evaluation/HACplus+CR/HACplus+CR/High (0.002)/treehill/00013.png,60.49565505981445,0.2832418978214264,0.43533679842948914,2.7563827096472537
HACplus+CR,high,treehill,00014,/work/u4546465/evaluation/HACplus+CR/HACplus+CR/High (0.002)/treehill/00014.png,62.0074462890625,0.3010059893131256,0.46619653701782227,2.6068798871491845
HACplus+CR,high,treehill,00015,/work/u4546465/evaluation/HACplus+CR/HACplus+CR/High (0.002)/treehill/00015.png,60.713096618652344,0.2983749210834503,0.4683852195739746,2.709118311550061
HACplus+CR,high,treehill,00016,/work/u4546465/evaluation/HACplus+CR/HACplus+CR/High (0.002)/treehill/00016.png,59.50499725341797,0.2725994288921356,0.4571797847747803,2.758227609456722
HACplus+CR,high,treehill,00017,/work/u4546465/evaluation/HACplus+CR/HACplus+CR/High (0.002)/treehill/00017.png,60.29975509643555,0.2961574196815491,0.47438254952430725,2.696017474627134
HACplus+CR,low,bicycle,00000,/work/u4546465/evaluation/HACplus+CR/HACplus+CR/Low (0.05)/bicycle/00000.png,71.2798843383789,0.3495338261127472,0.43330326676368713,2.3349974679902488
HACplus+CR,low,bicycle,00001,/work/u4546465/evaluation/HACplus+CR/HACplus+CR/Low (0.05)/bicycle/00001.png,68.07825469970703,0.3168485164642334,0.4089096486568451,2.24028927881664
HACplus+CR,low,bicycle,00002,/work/u4546465/evaluation/HACplus+CR/HACplus+CR/Low (0.05)/bicycle/00002.png,60.964210510253906,0.29564157128334045,0.3743608593940735,2.312995493430223
HACplus+CR,low,bicycle,00003,/work/u4546465/evaluation/HACplus+CR/HACplus+CR/Low (0.05)/bicycle/00003.png,70.18177032470703,0.3344573378562927,0.5239810347557068,2.168898467391135
HACplus+CR,low,bicycle,00004,/work/u4546465/evaluation/HACplus+CR/HACplus+CR/Low (0.05)/bicycle/00004.png,69.62849426269531,0.2969399392604828,0.47668224573135376,2.4810334077579626
HACplus+CR,low,bicycle,00005,/work/u4546465/evaluation/HACplus+CR/HACplus+CR/Low (0.05)/bicycle/00005.png,67.1729965209961,0.31067711114883423,0.4347257614135742,2.338306525377823
HACplus+CR,low,bicycle,00006,/work/u4546465/evaluation/HACplus+CR/HACplus+CR/Low (0.05)/bicycle/00006.png,70.9371109008789,0.3485301733016968,0.4922313690185547,2.3452178087940805
HACplus+CR,low,bicycle,00007,/work/u4546465/evaluation/HACplus+CR/HACplus+CR/Low (0.05)/bicycle/00007.png,72.15630340576172,0.34112951159477234,0.4793682098388672,2.3127475880853154
HACplus+CR,low,bicycle,00008,/work/u4546465/evaluation/HACplus+CR/HACplus+CR/Low (0.05)/bicycle/00008.png,65.70377349853516,0.29546403884887695,0.49998965859413147,2.6963426548123897
HACplus+CR,low,bicycle,00009,/work/u4546465/evaluation/HACplus+CR/HACplus+CR/Low (0.05)/bicycle/00009.png,72.63067626953125,0.34738269448280334,0.4821140468120575,2.2711415144401905
HACplus+CR,low,bicycle,00010,/work/u4546465/evaluation/HACplus+CR/HACplus+CR/Low (0.05)/bicycle/00010.png,72.38924407958984,0.3466665744781494,0.4766237437725067,2.3359486670388736
HACplus+CR,low,bicycle,00011,/work/u4546465/evaluation/HACplus+CR/HACplus+CR/Low (0.05)/bicycle/00011.png,68.0266342163086,0.29927924275398254,0.5031943321228027,2.6590876933411196
HACplus+CR,low,bicycle,00012,/work/u4546465/evaluation/HACplus+CR/HACplus+CR/Low (0.05)/bicycle/00012.png,71.30747985839844,0.3358965516090393,0.5012109875679016,2.213129540554827
HACplus+CR,low,bicycle,00013,/work/u4546465/evaluation/HACplus+CR/HACplus+CR/Low (0.05)/bicycle/00013.png,71.16300201416016,0.3361053168773651,0.4555794894695282,2.3853783352630025
HACplus+CR,low,bicycle,00014,/work/u4546465/evaluation/HACplus+CR/HACplus+CR/Low (0.05)/bicycle/00014.png,68.7827377319336,0.3312319219112396,0.5095292329788208,2.899461321955822
HACplus+CR,low,bicycle,00015,/work/u4546465/evaluation/HACplus+CR/HACplus+CR/Low (0.05)/bicycle/00015.png,71.58248901367188,0.3587839901447296,0.5275370478630066,2.294739977824174
HACplus+CR,low,bicycle,00016,/work/u4546465/evaluation/HACplus+CR/HACplus+CR/Low (0.05)/bicycle/00016.png,68.74406433105469,0.31575503945350647,0.5020479559898376,2.658228993210698
HACplus+CR,low,bicycle,00017,/work/u4546465/evaluation/HACplus+CR/HACplus+CR/Low (0.05)/bicycle/00017.png,71.03749084472656,0.36043795943260193,0.4909067749977112,2.456699961627424
HACplus+CR,low,bicycle,00018,/work/u4546465/evaluation/HACplus+CR/HACplus+CR/Low (0.05)/bicycle/00018.png,72.38727569580078,0.3245771527290344,0.42025992274284363,2.758650657921434
HACplus+CR,low,bicycle,00019,/work/u4546465/evaluation/HACplus+CR/HACplus+CR/Low (0.05)/bicycle/00019.png,68.02742004394531,0.3214661478996277,0.4289982318878174,2.888125091269836
HACplus+CR,low,bicycle,00020,/work/u4546465/evaluation/HACplus+CR/HACplus+CR/Low (0.05)/bicycle/00020.png,73.11736297607422,0.355262815952301,0.5233504176139832,2.3343495585896656
HACplus+CR,low,bicycle,00021,/work/u4546465/evaluation/HACplus+CR/HACplus+CR/Low (0.05)/bicycle/00021.png,70.49213409423828,0.3363414406776428,0.5090819001197815,3.0931461818578954
HACplus+CR,low,bicycle,00022,/work/u4546465/evaluation/HACplus+CR/HACplus+CR/Low (0.05)/bicycle/00022.png,71.94026947021484,0.328403115272522,0.4754618704319,2.5509899315076843
HACplus+CR,low,bicycle,00023,/work/u4546465/evaluation/HACplus+CR/HACplus+CR/Low (0.05)/bicycle/00023.png,73.97142791748047,0.3362372815608978,0.509196937084198,2.9904108980202544
HACplus+CR,low,bicycle,00024,/work/u4546465/evaluation/HACplus+CR/HACplus+CR/Low (0.05)/bicycle/00024.png,72.99261474609375,0.32986509799957275,0.49951669573783875,2.7315475862995613
HACplus+CR,low,bonsai,00000,/work/u4546465/evaluation/HACplus+CR/HACplus+CR/Low (0.05)/bonsai/00000.png,59.140289306640625,0.23512448370456696,0.271826833486557,5.24160035867349
HACplus+CR,low,bonsai,00001,/work/u4546465/evaluation/HACplus+CR/HACplus+CR/Low (0.05)/bonsai/00001.png,61.13960266113281,0.22006773948669434,0.3195529282093048,5.19812296660874
HACplus+CR,low,bonsai,00002,/work/u4546465/evaluation/HACplus+CR/HACplus+CR/Low (0.05)/bonsai/00002.png,58.512237548828125,0.20439378917217255,0.29037851095199585,5.086616606028783
HACplus+CR,low,bonsai,00003,/work/u4546465/evaluation/HACplus+CR/HACplus+CR/Low (0.05)/bonsai/00003.png,60.466827392578125,0.2053680568933487,0.29821476340293884,4.727846571781621
HACplus+CR,low,bonsai,00004,/work/u4546465/evaluation/HACplus+CR/HACplus+CR/Low (0.05)/bonsai/00004.png,62.58359146118164,0.25883549451828003,0.35143813490867615,4.862597098842099
HACplus+CR,low,bonsai,00005,/work/u4546465/evaluation/HACplus+CR/HACplus+CR/Low (0.05)/bonsai/00005.png,60.23739242553711,0.22017890214920044,0.38715872168540955,4.869019562369044
HACplus+CR,low,bonsai,00006,/work/u4546465/evaluation/HACplus+CR/HACplus+CR/Low (0.05)/bonsai/00006.png,61.85019302368164,0.19005386531352997,0.2889913320541382,4.421853576325658
HACplus+CR,low,bonsai,00007,/work/u4546465/evaluation/HACplus+CR/HACplus+CR/Low (0.05)/bonsai/00007.png,61.74988555908203,0.2361377626657486,0.4023504853248596,4.638020519242387
HACplus+CR,low,bonsai,00008,/work/u4546465/evaluation/HACplus+CR/HACplus+CR/Low (0.05)/bonsai/00008.png,61.956947326660156,0.1916421800851822,0.3908115327358246,4.550734593874646
HACplus+CR,low,bonsai,00009,/work/u4546465/evaluation/HACplus+CR/HACplus+CR/Low (0.05)/bonsai/00009.png,58.6760139465332,0.21902364492416382,0.37089550495147705,4.6980886836087405
HACplus+CR,low,bonsai,00010,/work/u4546465/evaluation/HACplus+CR/HACplus+CR/Low (0.05)/bonsai/00010.png,63.10980224609375,0.24266517162322998,0.4356796443462372,4.546334345586286
HACplus+CR,low,bonsai,00011,/work/u4546465/evaluation/HACplus+CR/HACplus+CR/Low (0.05)/bonsai/00011.png,61.241004943847656,0.21936927735805511,0.33817383646965027,4.871330040764149
HACplus+CR,low,bonsai,00012,/work/u4546465/evaluation/HACplus+CR/HACplus+CR/Low (0.05)/bonsai/00012.png,54.705604553222656,0.19399060308933258,0.3088007867336273,5.304863380876255
HACplus+CR,low,bonsai,00013,/work/u4546465/evaluation/HACplus+CR/HACplus+CR/Low (0.05)/bonsai/00013.png,62.24017333984375,0.253426194190979,0.4297400414943695,4.930946631033027
HACplus+CR,low,bonsai,00014,/work/u4546465/evaluation/HACplus+CR/HACplus+CR/Low (0.05)/bonsai/00014.png,61.3928108215332,0.23252829909324646,0.37504351139068604,4.891601573250222
HACplus+CR,low,bonsai,00015,/work/u4546465/evaluation/HACplus+CR/HACplus+CR/Low (0.05)/bonsai/00015.png,49.18576431274414,0.2030325084924698,0.2881270945072174,5.3080300216539325
HACplus+CR,low,bonsai,00016,/work/u4546465/evaluation/HACplus+CR/HACplus+CR/Low (0.05)/bonsai/00016.png,59.624534606933594,0.22484496235847473,0.37816691398620605,5.252931583231736
HACplus+CR,low,bonsai,00017,/work/u4546465/evaluation/HACplus+CR/HACplus+CR/Low (0.05)/bonsai/00017.png,62.935028076171875,0.2505911588668823,0.3917196989059448,5.220879780313572
HACplus+CR,low,bonsai,00018,/work/u4546465/evaluation/HACplus+CR/HACplus+CR/Low (0.05)/bonsai/00018.png,58.55160140991211,0.20034296810626984,0.2720300257205963,5.054306800283743
HACplus+CR,low,bonsai,00019,/work/u4546465/evaluation/HACplus+CR/HACplus+CR/Low (0.05)/bonsai/00019.png,59.198177337646484,0.23809374868869781,0.29450660943984985,4.817738872095577
HACplus+CR,low,bonsai,00020,/work/u4546465/evaluation/HACplus+CR/HACplus+CR/Low (0.05)/bonsai/00020.png,63.235595703125,0.24849511682987213,0.33796775341033936,5.085959651516226
HACplus+CR,low,bonsai,00021,/work/u4546465/evaluation/HACplus+CR/HACplus+CR/Low (0.05)/bonsai/00021.png,61.21296310424805,0.23377764225006104,0.3270479142665863,5.042070479944667
HACplus+CR,low,bonsai,00022,/work/u4546465/evaluation/HACplus+CR/HACplus+CR/Low (0.05)/bonsai/00022.png,58.58955383300781,0.25226691365242004,0.35383233428001404,4.899438116571342
HACplus+CR,low,bonsai,00023,/work/u4546465/evaluation/HACplus+CR/HACplus+CR/Low (0.05)/bonsai/00023.png,61.981361389160156,0.25372418761253357,0.33006396889686584,4.900436872489103
HACplus+CR,low,bonsai,00024,/work/u4546465/evaluation/HACplus+CR/HACplus+CR/Low (0.05)/bonsai/00024.png,56.42848205566406,0.24605074524879456,0.34865736961364746,4.913129334833759
HACplus+CR,low,bonsai,00025,/work/u4546465/evaluation/HACplus+CR/HACplus+CR/Low (0.05)/bonsai/00025.png,55.679161071777344,0.3065197467803955,0.37888360023498535,4.967900591797491
HACplus+CR,low,bonsai,00026,/work/u4546465/evaluation/HACplus+CR/HACplus+CR/Low (0.05)/bonsai/00026.png,60.966827392578125,0.26154625415802,0.3515518605709076,4.949225558123661
HACplus+CR,low,bonsai,00027,/work/u4546465/evaluation/HACplus+CR/HACplus+CR/Low (0.05)/bonsai/00027.png,63.39291763305664,0.26175984740257263,0.349631130695343,5.029576245692226
HACplus+CR,low,bonsai,00028,/work/u4546465/evaluation/HACplus+CR/HACplus+CR/Low (0.05)/bonsai/00028.png,59.172607421875,0.284635990858078,0.3794528841972351,5.485556264355309
HACplus+CR,low,bonsai,00029,/work/u4546465/evaluation/HACplus+CR/HACplus+CR/Low (0.05)/bonsai/00029.png,63.30607604980469,0.25707921385765076,0.33087897300720215,5.285115273684401
HACplus+CR,low,bonsai,00030,/work/u4546465/evaluation/HACplus+CR/HACplus+CR/Low (0.05)/bonsai/00030.png,61.511497497558594,0.24947792291641235,0.3051905333995819,5.238750243531892
HACplus+CR,low,bonsai,00031,/work/u4546465/evaluation/HACplus+CR/HACplus+CR/Low (0.05)/bonsai/00031.png,59.59501647949219,0.24560654163360596,0.29374411702156067,5.009711822313099
HACplus+CR,low,bonsai,00032,/work/u4546465/evaluation/HACplus+CR/HACplus+CR/Low (0.05)/bonsai/00032.png,61.90555953979492,0.23501449823379517,0.2985047698020935,5.127902666211511
HACplus+CR,low,bonsai,00033,/work/u4546465/evaluation/HACplus+CR/HACplus+CR/Low (0.05)/bonsai/00033.png,60.80590057373047,0.25045114755630493,0.3208436667919159,5.1235012630161245
HACplus+CR,low,bonsai,00034,/work/u4546465/evaluation/HACplus+CR/HACplus+CR/Low (0.05)/bonsai/00034.png,56.86260223388672,0.22459620237350464,0.25607702136039734,5.069583401495076
HACplus+CR,low,bonsai,00035,/work/u4546465/evaluation/HACplus+CR/HACplus+CR/Low (0.05)/bonsai/00035.png,61.41337203979492,0.20986974239349365,0.30297181010246277,4.9924718216542425
HACplus+CR,low,bonsai,00036,/work/u4546465/evaluation/HACplus+CR/HACplus+CR/Low (0.05)/bonsai/00036.png,63.71627426147461,0.23795752227306366,0.2945316731929779,4.99800975506052
HACplus+CR,low,counter,00000,/work/u4546465/evaluation/HACplus+CR/HACplus+CR/Low (0.05)/counter/00000.png,55.89098358154297,0.23492887616157532,0.3978255093097687,3.7395607703643585
HACplus+CR,low,counter,00001,/work/u4546465/evaluation/HACplus+CR/HACplus+CR/Low (0.05)/counter/00001.png,64.5942153930664,0.24158279597759247,0.40035292506217957,3.556083001804825
HACplus+CR,low,counter,00002,/work/u4546465/evaluation/HACplus+CR/HACplus+CR/Low (0.05)/counter/00002.png,60.2629280090332,0.2504946291446686,0.3472749590873718,3.7170673787474793
HACplus+CR,low,counter,00003,/work/u4546465/evaluation/HACplus+CR/HACplus+CR/Low (0.05)/counter/00003.png,62.509212493896484,0.23697802424430847,0.4029059410095215,3.532100962427936
HACplus+CR,low,counter,00004,/work/u4546465/evaluation/HACplus+CR/HACplus+CR/Low (0.05)/counter/00004.png,55.16091537475586,0.21078915894031525,0.31000182032585144,4.236405525035301
HACplus+CR,low,counter,00005,/work/u4546465/evaluation/HACplus+CR/HACplus+CR/Low (0.05)/counter/00005.png,48.026458740234375,0.23245161771774292,0.38432151079177856,4.199770500545122
HACplus+CR,low,counter,00006,/work/u4546465/evaluation/HACplus+CR/HACplus+CR/Low (0.05)/counter/00006.png,61.96216583251953,0.24325430393218994,0.4780021607875824,3.864016953054419
HACplus+CR,low,counter,00007,/work/u4546465/evaluation/HACplus+CR/HACplus+CR/Low (0.05)/counter/00007.png,58.75852584838867,0.21969936788082123,0.3518935739994049,3.892924989531979
HACplus+CR,low,counter,00008,/work/u4546465/evaluation/HACplus+CR/HACplus+CR/Low (0.05)/counter/00008.png,45.0367317199707,0.2600662410259247,0.3913990259170532,4.909311987710827
HACplus+CR,low,counter,00009,/work/u4546465/evaluation/HACplus+CR/HACplus+CR/Low (0.05)/counter/00009.png,62.33985900878906,0.22660738229751587,0.30326950550079346,3.8739033750862357
HACplus+CR,low,counter,00010,/work/u4546465/evaluation/HACplus+CR/HACplus+CR/Low (0.05)/counter/00010.png,58.809593200683594,0.21544821560382843,0.31665632128715515,3.860175847961758
HACplus+CR,low,counter,00011,/work/u4546465/evaluation/HACplus+CR/HACplus+CR/Low (0.05)/counter/00011.png,43.623191833496094,0.2063772976398468,0.32943499088287354,4.298143731144015
HACplus+CR,low,counter,00012,/work/u4546465/evaluation/HACplus+CR/HACplus+CR/Low (0.05)/counter/00012.png,59.72629928588867,0.23338516056537628,0.3822501301765442,3.852464581059947
HACplus+CR,low,counter,00013,/work/u4546465/evaluation/HACplus+CR/HACplus+CR/Low (0.05)/counter/00013.png,58.838623046875,0.24452774226665497,0.3591635823249817,3.9822954421601158
HACplus+CR,low,counter,00014,/work/u4546465/evaluation/HACplus+CR/HACplus+CR/Low (0.05)/counter/00014.png,53.41596221923828,0.2258203774690628,0.36502668261528015,3.7971946070920275
HACplus+CR,low,counter,00015,/work/u4546465/evaluation/HACplus+CR/HACplus+CR/Low (0.05)/counter/00015.png,59.840553283691406,0.23942135274410248,0.36869165301322937,3.741991057992478
HACplus+CR,low,counter,00016,/work/u4546465/evaluation/HACplus+CR/HACplus+CR/Low (0.05)/counter/00016.png,59.62165451049805,0.2560267150402069,0.3941480815410614,3.6658392106642808
HACplus+CR,low,counter,00017,/work/u4546465/evaluation/HACplus+CR/HACplus+CR/Low (0.05)/counter/00017.png,53.402366638183594,0.23100316524505615,0.31008681654930115,3.9507462122967762
HACplus+CR,low,counter,00018,/work/u4546465/evaluation/HACplus+CR/HACplus+CR/Low (0.05)/counter/00018.png,57.419227600097656,0.24598535895347595,0.3550379276275635,3.7686102617871535
HACplus+CR,low,counter,00019,/work/u4546465/evaluation/HACplus+CR/HACplus+CR/Low (0.05)/counter/00019.png,59.319671630859375,0.26344212889671326,0.4061329960823059,3.810481680580808
HACplus+CR,low,counter,00020,/work/u4546465/evaluation/HACplus+CR/HACplus+CR/Low (0.05)/counter/00020.png,56.28582000732422,0.26562610268592834,0.4231492578983307,3.8356880456944142
HACplus+CR,low,counter,00021,/work/u4546465/evaluation/HACplus+CR/HACplus+CR/Low (0.05)/counter/00021.png,54.789546966552734,0.24767951667308807,0.4185042083263397,3.9398177143773165
HACplus+CR,low,counter,00022,/work/u4546465/evaluation/HACplus+CR/HACplus+CR/Low (0.05)/counter/00022.png,61.83076477050781,0.2845779359340668,0.4365426003932953,3.8755026968550683
HACplus+CR,low,counter,00023,/work/u4546465/evaluation/HACplus+CR/HACplus+CR/Low (0.05)/counter/00023.png,62.38141632080078,0.26966622471809387,0.42116817831993103,3.711480909421115
HACplus+CR,low,counter,00024,/work/u4546465/evaluation/HACplus+CR/HACplus+CR/Low (0.05)/counter/00024.png,58.31959533691406,0.2528778314590454,0.40502381324768066,4.006557556350247
HACplus+CR,low,counter,00025,/work/u4546465/evaluation/HACplus+CR/HACplus+CR/Low (0.05)/counter/00025.png,62.64937973022461,0.26039403676986694,0.4168120324611664,3.6342883868457863
HACplus+CR,low,counter,00026,/work/u4546465/evaluation/HACplus+CR/HACplus+CR/Low (0.05)/counter/00026.png,60.93974304199219,0.26646456122398376,0.4885525405406952,3.7895996576870483
HACplus+CR,low,counter,00027,/work/u4546465/evaluation/HACplus+CR/HACplus+CR/Low (0.05)/counter/00027.png,61.90868377685547,0.26342904567718506,0.4011093080043793,3.6259019554593297
HACplus+CR,low,counter,00028,/work/u4546465/evaluation/HACplus+CR/HACplus+CR/Low (0.05)/counter/00028.png,61.5093994140625,0.2729450762271881,0.48073968291282654,3.7370099132280568
HACplus+CR,low,counter,00029,/work/u4546465/evaluation/HACplus+CR/HACplus+CR/Low (0.05)/counter/00029.png,57.158409118652344,0.2430066615343094,0.39821168780326843,3.602333600967111
HACplus+CR,low,flowers,00000,/work/u4546465/evaluation/HACplus+CR/HACplus+CR/Low (0.05)/flowers/00000.png,72.5121841430664,0.32907143235206604,0.607822060585022,2.4980894901738373
HACplus+CR,low,flowers,00001,/work/u4546465/evaluation/HACplus+CR/HACplus+CR/Low (0.05)/flowers/00001.png,72.34660339355469,0.31501004099845886,0.5738195180892944,2.355824651632983
HACplus+CR,low,flowers,00002,/work/u4546465/evaluation/HACplus+CR/HACplus+CR/Low (0.05)/flowers/00002.png,72.99934387207031,0.3313082158565521,0.5881438255310059,2.63464740014421
HACplus+CR,low,flowers,00003,/work/u4546465/evaluation/HACplus+CR/HACplus+CR/Low (0.05)/flowers/00003.png,72.3677749633789,0.3139549195766449,0.6077855229377747,2.37416700920622
HACplus+CR,low,flowers,00004,/work/u4546465/evaluation/HACplus+CR/HACplus+CR/Low (0.05)/flowers/00004.png,73.13408660888672,0.3334707021713257,0.6298993825912476,2.4446939680696134
HACplus+CR,low,flowers,00005,/work/u4546465/evaluation/HACplus+CR/HACplus+CR/Low (0.05)/flowers/00005.png,73.06964874267578,0.3253619372844696,0.6264308094978333,2.1547473501005876
HACplus+CR,low,flowers,00006,/work/u4546465/evaluation/HACplus+CR/HACplus+CR/Low (0.05)/flowers/00006.png,73.94025421142578,0.33548209071159363,0.6465708017349243,2.4145166162902894
HACplus+CR,low,flowers,00007,/work/u4546465/evaluation/HACplus+CR/HACplus+CR/Low (0.05)/flowers/00007.png,73.7812271118164,0.31934812664985657,0.5998705625534058,2.320406501092076
HACplus+CR,low,flowers,00008,/work/u4546465/evaluation/HACplus+CR/HACplus+CR/Low (0.05)/flowers/00008.png,73.98097229003906,0.310634583234787,0.6047576665878296,2.219126919529212
HACplus+CR,low,flowers,00009,/work/u4546465/evaluation/HACplus+CR/HACplus+CR/Low (0.05)/flowers/00009.png,71.2270736694336,0.3025559186935425,0.5645433664321899,2.230458910952463
HACplus+CR,low,flowers,00010,/work/u4546465/evaluation/HACplus+CR/HACplus+CR/Low (0.05)/flowers/00010.png,73.56829071044922,0.32821136713027954,0.633454442024231,2.1683391212482293
HACplus+CR,low,flowers,00011,/work/u4546465/evaluation/HACplus+CR/HACplus+CR/Low (0.05)/flowers/00011.png,74.80033874511719,0.3488231599330902,0.6577025651931763,2.3906212848894848
HACplus+CR,low,flowers,00012,/work/u4546465/evaluation/HACplus+CR/HACplus+CR/Low (0.05)/flowers/00012.png,73.33844757080078,0.3389703631401062,0.6139769554138184,2.377051230253131
HACplus+CR,low,flowers,00013,/work/u4546465/evaluation/HACplus+CR/HACplus+CR/Low (0.05)/flowers/00013.png,72.71578216552734,0.32329824566841125,0.6032506823539734,2.3901423901717336
HACplus+CR,low,flowers,00014,/work/u4546465/evaluation/HACplus+CR/HACplus+CR/Low (0.05)/flowers/00014.png,73.91600799560547,0.34008416533470154,0.6289467811584473,2.545115331390032
HACplus+CR,low,flowers,00015,/work/u4546465/evaluation/HACplus+CR/HACplus+CR/Low (0.05)/flowers/00015.png,73.35179138183594,0.34284448623657227,0.5975350737571716,2.375553206276755
HACplus+CR,low,flowers,00016,/work/u4546465/evaluation/HACplus+CR/HACplus+CR/Low (0.05)/flowers/00016.png,73.42898559570312,0.3399996757507324,0.6179193258285522,2.4170186331092025
HACplus+CR,low,flowers,00017,/work/u4546465/evaluation/HACplus+CR/HACplus+CR/Low (0.05)/flowers/00017.png,72.06842041015625,0.32849276065826416,0.6060582995414734,2.4652581832793588
HACplus+CR,low,flowers,00018,/work/u4546465/evaluation/HACplus+CR/HACplus+CR/Low (0.05)/flowers/00018.png,73.2378921508789,0.33736711740493774,0.5982696413993835,2.4995010189526665
HACplus+CR,low,flowers,00019,/work/u4546465/evaluation/HACplus+CR/HACplus+CR/Low (0.05)/flowers/00019.png,72.42046356201172,0.325970321893692,0.6045905351638794,2.526208693260119
HACplus+CR,low,flowers,00020,/work/u4546465/evaluation/HACplus+CR/HACplus+CR/Low (0.05)/flowers/00020.png,70.72889709472656,0.32191047072410583,0.5253803133964539,2.3871388468114483
HACplus+CR,low,flowers,00021,/work/u4546465/evaluation/HACplus+CR/HACplus+CR/Low (0.05)/flowers/00021.png,69.9361343383789,0.2959781885147095,0.5687057375907898,2.688382368050403
HACplus+CR,low,garden,00000,/work/u4546465/evaluation/HACplus+CR/HACplus+CR/Low (0.05)/garden/00000.png,73.260498046875,0.3551577925682068,0.5889387130737305,2.0265997015062798
HACplus+CR,low,garden,00001,/work/u4546465/evaluation/HACplus+CR/HACplus+CR/Low (0.05)/garden/00001.png,71.77771759033203,0.3171708881855011,0.4558561444282532,2.0883076807271728
HACplus+CR,low,garden,00002,/work/u4546465/evaluation/HACplus+CR/HACplus+CR/Low (0.05)/garden/00002.png,73.26683807373047,0.3577937185764313,0.5083646178245544,1.967405694252147
HACplus+CR,low,garden,00003,/work/u4546465/evaluation/HACplus+CR/HACplus+CR/Low (0.05)/garden/00003.png,70.95747375488281,0.3639841079711914,0.6227850317955017,1.982653828933375
HACplus+CR,low,garden,00004,/work/u4546465/evaluation/HACplus+CR/HACplus+CR/Low (0.05)/garden/00004.png,72.64228057861328,0.35066354274749756,0.5900153517723083,1.962808722318763
HACplus+CR,low,garden,00005,/work/u4546465/evaluation/HACplus+CR/HACplus+CR/Low (0.05)/garden/00005.png,70.74504852294922,0.3440673351287842,0.5190887451171875,2.0358432515979668
HACplus+CR,low,garden,00006,/work/u4546465/evaluation/HACplus+CR/HACplus+CR/Low (0.05)/garden/00006.png,73.36933898925781,0.3703748881816864,0.6059566736221313,2.098096753121485
HACplus+CR,low,garden,00007,/work/u4546465/evaluation/HACplus+CR/HACplus+CR/Low (0.05)/garden/00007.png,71.47405242919922,0.37799403071403503,0.6299161314964294,2.0876983170685546
HACplus+CR,low,garden,00008,/work/u4546465/evaluation/HACplus+CR/HACplus+CR/Low (0.05)/garden/00008.png,71.59242248535156,0.3743511140346527,0.6349859833717346,1.9830433304282535
HACplus+CR,low,garden,00009,/work/u4546465/evaluation/HACplus+CR/HACplus+CR/Low (0.05)/garden/00009.png,73.3250732421875,0.3564012944698334,0.5887851715087891,2.1425658218807087
HACplus+CR,low,garden,00010,/work/u4546465/evaluation/HACplus+CR/HACplus+CR/Low (0.05)/garden/00010.png,71.54108428955078,0.3641365170478821,0.5568491816520691,2.2494528332012353
HACplus+CR,low,garden,00011,/work/u4546465/evaluation/HACplus+CR/HACplus+CR/Low (0.05)/garden/00011.png,72.37629699707031,0.3821665644645691,0.6247145533561707,2.1337082526204583
HACplus+CR,low,garden,00012,/work/u4546465/evaluation/HACplus+CR/HACplus+CR/Low (0.05)/garden/00012.png,72.2867660522461,0.36904335021972656,0.6276401281356812,2.1194052978092817
HACplus+CR,low,garden,00013,/work/u4546465/evaluation/HACplus+CR/HACplus+CR/Low (0.05)/garden/00013.png,72.35855865478516,0.3435574173927307,0.5545144081115723,2.247583919306816
HACplus+CR,low,garden,00014,/work/u4546465/evaluation/HACplus+CR/HACplus+CR/Low (0.05)/garden/00014.png,71.38823699951172,0.3707631528377533,0.5985305905342102,2.21044975181037
HACplus+CR,low,garden,00015,/work/u4546465/evaluation/HACplus+CR/HACplus+CR/Low (0.05)/garden/00015.png,71.28616333007812,0.37949612736701965,0.6147005558013916,2.164261422229668
HACplus+CR,low,garden,00016,/work/u4546465/evaluation/HACplus+CR/HACplus+CR/Low (0.05)/garden/00016.png,72.16912841796875,0.3690253794193268,0.6030575037002563,2.513680194309336
HACplus+CR,low,garden,00017,/work/u4546465/evaluation/HACplus+CR/HACplus+CR/Low (0.05)/garden/00017.png,72.65897369384766,0.35296863317489624,0.5025106072425842,2.4008916995477008
HACplus+CR,low,garden,00018,/work/u4546465/evaluation/HACplus+CR/HACplus+CR/Low (0.05)/garden/00018.png,71.58938598632812,0.38823413848876953,0.6363859176635742,2.5690741593286264
HACplus+CR,low,garden,00019,/work/u4546465/evaluation/HACplus+CR/HACplus+CR/Low (0.05)/garden/00019.png,73.37271118164062,0.39301392436027527,0.646700382232666,2.4358183452716076
HACplus+CR,low,garden,00020,/work/u4546465/evaluation/HACplus+CR/HACplus+CR/Low (0.05)/garden/00020.png,73.22810363769531,0.3510839641094208,0.5998597741127014,2.398918106216079
HACplus+CR,low,garden,00021,/work/u4546465/evaluation/HACplus+CR/HACplus+CR/Low (0.05)/garden/00021.png,72.19242095947266,0.357389360666275,0.5375143885612488,2.41877303774482
HACplus+CR,low,garden,00022,/work/u4546465/evaluation/HACplus+CR/HACplus+CR/Low (0.05)/garden/00022.png,74.15711212158203,0.3824727237224579,0.6387133598327637,2.334105221681596
HACplus+CR,low,garden,00023,/work/u4546465/evaluation/HACplus+CR/HACplus+CR/Low (0.05)/garden/00023.png,73.28446197509766,0.36767441034317017,0.5940962433815002,2.340258327084269
HACplus+CR,low,kitchen,00000,/work/u4546465/evaluation/HACplus+CR/HACplus+CR/Low (0.05)/kitchen/00000.png,70.59778594970703,0.28959065675735474,0.4119079113006592,3.5653038031696953
HACplus+CR,low,kitchen,00001,/work/u4546465/evaluation/HACplus+CR/HACplus+CR/Low (0.05)/kitchen/00001.png,71.24259185791016,0.28196436166763306,0.40102481842041016,3.8124041087561547
HACplus+CR,low,kitchen,00002,/work/u4546465/evaluation/HACplus+CR/HACplus+CR/Low (0.05)/kitchen/00002.png,69.03717041015625,0.30917873978614807,0.42122194170951843,3.693975272529587
HACplus+CR,low,kitchen,00003,/work/u4546465/evaluation/HACplus+CR/HACplus+CR/Low (0.05)/kitchen/00003.png,70.83320617675781,0.34266993403434753,0.4478701651096344,3.8232938036181863
HACplus+CR,low,kitchen,00004,/work/u4546465/evaluation/HACplus+CR/HACplus+CR/Low (0.05)/kitchen/00004.png,72.85990905761719,0.3382866382598877,0.4783537983894348,3.8117610418704184
HACplus+CR,low,kitchen,00005,/work/u4546465/evaluation/HACplus+CR/HACplus+CR/Low (0.05)/kitchen/00005.png,71.70442962646484,0.31715065240859985,0.40106087923049927,3.67831368235831
HACplus+CR,low,kitchen,00006,/work/u4546465/evaluation/HACplus+CR/HACplus+CR/Low (0.05)/kitchen/00006.png,71.33946228027344,0.34394147992134094,0.4600534439086914,3.8063494347070854
HACplus+CR,low,kitchen,00007,/work/u4546465/evaluation/HACplus+CR/HACplus+CR/Low (0.05)/kitchen/00007.png,70.53832244873047,0.3329801559448242,0.472970575094223,3.8375542279538832
HACplus+CR,low,kitchen,00008,/work/u4546465/evaluation/HACplus+CR/HACplus+CR/Low (0.05)/kitchen/00008.png,67.65042877197266,0.30253955721855164,0.344707727432251,3.8102076151850324
HACplus+CR,low,kitchen,00009,/work/u4546465/evaluation/HACplus+CR/HACplus+CR/Low (0.05)/kitchen/00009.png,63.750244140625,0.3126191198825836,0.3502887487411499,3.7801590457700036
HACplus+CR,low,kitchen,00010,/work/u4546465/evaluation/HACplus+CR/HACplus+CR/Low (0.05)/kitchen/00010.png,67.10262298583984,0.3369559645652771,0.41196995973587036,3.5358550298038742
HACplus+CR,low,kitchen,00011,/work/u4546465/evaluation/HACplus+CR/HACplus+CR/Low (0.05)/kitchen/00011.png,67.24903106689453,0.3476279079914093,0.40920352935791016,3.7341136146735923
HACplus+CR,low,kitchen,00012,/work/u4546465/evaluation/HACplus+CR/HACplus+CR/Low (0.05)/kitchen/00012.png,66.0084457397461,0.33304932713508606,0.3981594145298004,3.5668837600780843
HACplus+CR,low,kitchen,00013,/work/u4546465/evaluation/HACplus+CR/HACplus+CR/Low (0.05)/kitchen/00013.png,65.31906127929688,0.32084202766418457,0.35138341784477234,3.7028391232839937
HACplus+CR,low,kitchen,00014,/work/u4546465/evaluation/HACplus+CR/HACplus+CR/Low (0.05)/kitchen/00014.png,66.65213775634766,0.35896775126457214,0.4536297023296356,3.5629617034745196
HACplus+CR,low,kitchen,00015,/work/u4546465/evaluation/HACplus+CR/HACplus+CR/Low (0.05)/kitchen/00015.png,66.92414093017578,0.2904462218284607,0.3724347651004791,3.4333047454404175
HACplus+CR,low,kitchen,00016,/work/u4546465/evaluation/HACplus+CR/HACplus+CR/Low (0.05)/kitchen/00016.png,71.14252471923828,0.31586316227912903,0.38281744718551636,3.6202639691442062
HACplus+CR,low,kitchen,00017,/work/u4546465/evaluation/HACplus+CR/HACplus+CR/Low (0.05)/kitchen/00017.png,70.12410736083984,0.2958284020423889,0.42139577865600586,3.6770452427574045
HACplus+CR,low,kitchen,00018,/work/u4546465/evaluation/HACplus+CR/HACplus+CR/Low (0.05)/kitchen/00018.png,69.02760314941406,0.30068230628967285,0.3764714300632477,3.684285224676735
HACplus+CR,low,kitchen,00019,/work/u4546465/evaluation/HACplus+CR/HACplus+CR/Low (0.05)/kitchen/00019.png,70.0219955444336,0.3020274341106415,0.4262115955352783,3.457196657257773
HACplus+CR,low,kitchen,00020,/work/u4546465/evaluation/HACplus+CR/HACplus+CR/Low (0.05)/kitchen/00020.png,62.06758117675781,0.28050023317337036,0.3002084791660309,4.189434997160137
HACplus+CR,low,kitchen,00021,/work/u4546465/evaluation/HACplus+CR/HACplus+CR/Low (0.05)/kitchen/00021.png,60.038238525390625,0.28060010075569153,0.2864820063114166,3.6958139051906898
HACplus+CR,low,kitchen,00022,/work/u4546465/evaluation/HACplus+CR/HACplus+CR/Low (0.05)/kitchen/00022.png,64.73902893066406,0.303178995847702,0.3798691928386688,4.2990943709696126
HACplus+CR,low,kitchen,00023,/work/u4546465/evaluation/HACplus+CR/HACplus+CR/Low (0.05)/kitchen/00023.png,63.87806701660156,0.2688533663749695,0.34065482020378113,4.344161167918715
HACplus+CR,low,kitchen,00024,/work/u4546465/evaluation/HACplus+CR/HACplus+CR/Low (0.05)/kitchen/00024.png,64.6317367553711,0.33089950680732727,0.3757231831550598,4.15115953980192
HACplus+CR,low,kitchen,00025,/work/u4546465/evaluation/HACplus+CR/HACplus+CR/Low (0.05)/kitchen/00025.png,63.88298797607422,0.33999115228652954,0.3795725107192993,4.027785565707691
HACplus+CR,low,kitchen,00026,/work/u4546465/evaluation/HACplus+CR/HACplus+CR/Low (0.05)/kitchen/00026.png,64.9317398071289,0.29827964305877686,0.3973888158798218,3.986034845798952
HACplus+CR,low,kitchen,00027,/work/u4546465/evaluation/HACplus+CR/HACplus+CR/Low (0.05)/kitchen/00027.png,65.81793975830078,0.31160709261894226,0.4377465844154358,3.745576532375513
HACplus+CR,low,kitchen,00028,/work/u4546465/evaluation/HACplus+CR/HACplus+CR/Low (0.05)/kitchen/00028.png,63.17255401611328,0.3390774428844452,0.40404844284057617,4.220760392033352
HACplus+CR,low,kitchen,00029,/work/u4546465/evaluation/HACplus+CR/HACplus+CR/Low (0.05)/kitchen/00029.png,62.1737060546875,0.30634182691574097,0.38234350085258484,4.110903851680682
HACplus+CR,low,kitchen,00030,/work/u4546465/evaluation/HACplus+CR/HACplus+CR/Low (0.05)/kitchen/00030.png,66.41304016113281,0.30008938908576965,0.38841578364372253,4.179310636866414
HACplus+CR,low,kitchen,00031,/work/u4546465/evaluation/HACplus+CR/HACplus+CR/Low (0.05)/kitchen/00031.png,65.36027526855469,0.2682705819606781,0.305960476398468,3.7313663865797673
HACplus+CR,low,kitchen,00032,/work/u4546465/evaluation/HACplus+CR/HACplus+CR/Low (0.05)/kitchen/00032.png,65.47223663330078,0.30205899477005005,0.35153746604919434,3.8045878633023356
HACplus+CR,low,kitchen,00033,/work/u4546465/evaluation/HACplus+CR/HACplus+CR/Low (0.05)/kitchen/00033.png,64.16937255859375,0.2818550169467926,0.3068481683731079,3.8085152565105727
HACplus+CR,low,kitchen,00034,/work/u4546465/evaluation/HACplus+CR/HACplus+CR/Low (0.05)/kitchen/00034.png,64.23310852050781,0.31465452909469604,0.3879604935646057,3.818264590893691
HACplus+CR,low,room,00000,/work/u4546465/evaluation/HACplus+CR/HACplus+CR/Low (0.05)/room/00000.png,46.683692932128906,0.22440768778324127,0.2676657736301422,4.386072307459802
HACplus+CR,low,room,00001,/work/u4546465/evaluation/HACplus+CR/HACplus+CR/Low (0.05)/room/00001.png,53.190773010253906,0.2321762591600418,0.3230784833431244,4.065263843699171
HACplus+CR,low,room,00002,/work/u4546465/evaluation/HACplus+CR/HACplus+CR/Low (0.05)/room/00002.png,55.309879302978516,0.2394719123840332,0.3843284547328949,4.237164429721042
HACplus+CR,low,room,00003,/work/u4546465/evaluation/HACplus+CR/HACplus+CR/Low (0.05)/room/00003.png,50.45524215698242,0.2525593340396881,0.34957805275917053,4.743344043463238
HACplus+CR,low,room,00004,/work/u4546465/evaluation/HACplus+CR/HACplus+CR/Low (0.05)/room/00004.png,54.60183334350586,0.27709677815437317,0.36496445536613464,4.581938760116625
HACplus+CR,low,room,00005,/work/u4546465/evaluation/HACplus+CR/HACplus+CR/Low (0.05)/room/00005.png,56.08930206298828,0.24781522154808044,0.30076298117637634,4.435289623386989
HACplus+CR,low,room,00006,/work/u4546465/evaluation/HACplus+CR/HACplus+CR/Low (0.05)/room/00006.png,54.162471771240234,0.2624704837799072,0.36193859577178955,4.5346200180661675
HACplus+CR,low,room,00007,/work/u4546465/evaluation/HACplus+CR/HACplus+CR/Low (0.05)/room/00007.png,53.845726013183594,0.2674992084503174,0.352263867855072,4.615919667393392
HACplus+CR,low,room,00008,/work/u4546465/evaluation/HACplus+CR/HACplus+CR/Low (0.05)/room/00008.png,55.334442138671875,0.268453985452652,0.30847927927970886,4.2388219224262995
HACplus+CR,low,room,00009,/work/u4546465/evaluation/HACplus+CR/HACplus+CR/Low (0.05)/room/00009.png,56.26566696166992,0.2750377655029297,0.35105276107788086,4.330664691484042
HACplus+CR,low,room,00010,/work/u4546465/evaluation/HACplus+CR/HACplus+CR/Low (0.05)/room/00010.png,49.97093963623047,0.25344088673591614,0.3426835834980011,4.577096539562645
HACplus+CR,low,room,00011,/work/u4546465/evaluation/HACplus+CR/HACplus+CR/Low (0.05)/room/00011.png,44.419044494628906,0.23035578429698944,0.3285270631313324,4.742252281060118
HACplus+CR,low,room,00012,/work/u4546465/evaluation/HACplus+CR/HACplus+CR/Low (0.05)/room/00012.png,48.01822280883789,0.2423156201839447,0.32124054431915283,4.536610991571487
HACplus+CR,low,room,00013,/work/u4546465/evaluation/HACplus+CR/HACplus+CR/Low (0.05)/room/00013.png,49.427642822265625,0.2510121166706085,0.3519250750541687,4.515566814880097
HACplus+CR,low,room,00014,/work/u4546465/evaluation/HACplus+CR/HACplus+CR/Low (0.05)/room/00014.png,56.97746276855469,0.24098579585552216,0.33118996024131775,4.818334708930212
HACplus+CR,low,room,00015,/work/u4546465/evaluation/HACplus+CR/HACplus+CR/Low (0.05)/room/00015.png,49.54613494873047,0.2485819011926651,0.3557344079017639,4.970029237546668
HACplus+CR,low,room,00016,/work/u4546465/evaluation/HACplus+CR/HACplus+CR/Low (0.05)/room/00016.png,51.829933166503906,0.2680177390575409,0.3752821981906891,4.451584380335125
HACplus+CR,low,room,00017,/work/u4546465/evaluation/HACplus+CR/HACplus+CR/Low (0.05)/room/00017.png,48.22581100463867,0.22886958718299866,0.31089040637016296,4.504859107219634
HACplus+CR,low,room,00018,/work/u4546465/evaluation/HACplus+CR/HACplus+CR/Low (0.05)/room/00018.png,55.73668670654297,0.29895904660224915,0.32824134826660156,4.282702382843038
HACplus+CR,low,room,00019,/work/u4546465/evaluation/HACplus+CR/HACplus+CR/Low (0.05)/room/00019.png,56.72431945800781,0.24119935929775238,0.28769156336784363,4.360404069464234
HACplus+CR,low,room,00020,/work/u4546465/evaluation/HACplus+CR/HACplus+CR/Low (0.05)/room/00020.png,49.00579071044922,0.25217896699905396,0.33988842368125916,4.030892002279355
HACplus+CR,low,room,00021,/work/u4546465/evaluation/HACplus+CR/HACplus+CR/Low (0.05)/room/00021.png,54.34126281738281,0.26639217138290405,0.3262254297733307,4.26207268087457
HACplus+CR,low,room,00022,/work/u4546465/evaluation/HACplus+CR/HACplus+CR/Low (0.05)/room/00022.png,52.960601806640625,0.2579556405544281,0.4012903869152069,4.175086547485842
HACplus+CR,low,room,00023,/work/u4546465/evaluation/HACplus+CR/HACplus+CR/Low (0.05)/room/00023.png,51.73857116699219,0.24366313219070435,0.3754899799823761,4.3223399697221865
HACplus+CR,low,room,00024,/work/u4546465/evaluation/HACplus+CR/HACplus+CR/Low (0.05)/room/00024.png,45.90892028808594,0.24492238461971283,0.2806430757045746,5.041418186487784
HACplus+CR,low,room,00025,/work/u4546465/evaluation/HACplus+CR/HACplus+CR/Low (0.05)/room/00025.png,59.340171813964844,0.2812778651714325,0.3516702651977539,4.3887444569068155
HACplus+CR,low,room,00026,/work/u4546465/evaluation/HACplus+CR/HACplus+CR/Low (0.05)/room/00026.png,40.33483123779297,0.25802111625671387,0.2451915293931961,5.48174961078379
HACplus+CR,low,room,00027,/work/u4546465/evaluation/HACplus+CR/HACplus+CR/Low (0.05)/room/00027.png,44.66082763671875,0.23770934343338013,0.28957974910736084,4.8392429814858655
HACplus+CR,low,room,00028,/work/u4546465/evaluation/HACplus+CR/HACplus+CR/Low (0.05)/room/00028.png,40.68962097167969,0.1996586173772812,0.27791517972946167,5.401792110333165
HACplus+CR,low,room,00029,/work/u4546465/evaluation/HACplus+CR/HACplus+CR/Low (0.05)/room/00029.png,47.537269592285156,0.22796574234962463,0.27842745184898376,5.525363976786172
HACplus+CR,low,room,00030,/work/u4546465/evaluation/HACplus+CR/HACplus+CR/Low (0.05)/room/00030.png,48.61117935180664,0.2211855947971344,0.26286593079566956,4.269186777066262
HACplus+CR,low,room,00031,/work/u4546465/evaluation/HACplus+CR/HACplus+CR/Low (0.05)/room/00031.png,45.770530700683594,0.2507753074169159,0.29727691411972046,5.279439965106119
HACplus+CR,low,room,00032,/work/u4546465/evaluation/HACplus+CR/HACplus+CR/Low (0.05)/room/00032.png,55.02252197265625,0.23239564895629883,0.2616235911846161,4.8062489200820355
HACplus+CR,low,room,00033,/work/u4546465/evaluation/HACplus+CR/HACplus+CR/Low (0.05)/room/00033.png,42.0701904296875,0.2546907067298889,0.2712847888469696,6.0183022725535436
HACplus+CR,low,room,00034,/work/u4546465/evaluation/HACplus+CR/HACplus+CR/Low (0.05)/room/00034.png,37.65900802612305,0.33290714025497437,0.2574331760406494,6.7551684669509156
HACplus+CR,low,room,00035,/work/u4546465/evaluation/HACplus+CR/HACplus+CR/Low (0.05)/room/00035.png,51.542354583740234,0.3251875936985016,0.2953372895717621,6.087377410928013
HACplus+CR,low,room,00036,/work/u4546465/evaluation/HACplus+CR/HACplus+CR/Low (0.05)/room/00036.png,39.34010696411133,0.24626649916172028,0.26946383714675903,7.0998245250399314
HACplus+CR,low,room,00037,/work/u4546465/evaluation/HACplus+CR/HACplus+CR/Low (0.05)/room/00037.png,54.55022430419922,0.36197930574417114,0.32218724489212036,5.231543794084245
HACplus+CR,low,room,00038,/work/u4546465/evaluation/HACplus+CR/HACplus+CR/Low (0.05)/room/00038.png,50.363555908203125,0.26145240664482117,0.31336459517478943,5.414485616772565
HACplus+CR,low,stump,00000,/work/u4546465/evaluation/HACplus+CR/HACplus+CR/Low (0.05)/stump/00000.png,58.56682586669922,0.2569074332714081,0.49884286522865295,2.951204295374973
HACplus+CR,low,stump,00001,/work/u4546465/evaluation/HACplus+CR/HACplus+CR/Low (0.05)/stump/00001.png,59.8235969543457,0.25759270787239075,0.4510481357574463,3.6771803456198
HACplus+CR,low,stump,00002,/work/u4546465/evaluation/HACplus+CR/HACplus+CR/Low (0.05)/stump/00002.png,59.04338073730469,0.2561664879322052,0.49778470396995544,3.3823937748512973
HACplus+CR,low,stump,00003,/work/u4546465/evaluation/HACplus+CR/HACplus+CR/Low (0.05)/stump/00003.png,59.90031814575195,0.25696784257888794,0.435772567987442,3.690966405824603
HACplus+CR,low,stump,00004,/work/u4546465/evaluation/HACplus+CR/HACplus+CR/Low (0.05)/stump/00004.png,60.751792907714844,0.2519083023071289,0.5112437605857849,3.5479374906734704
HACplus+CR,low,stump,00005,/work/u4546465/evaluation/HACplus+CR/HACplus+CR/Low (0.05)/stump/00005.png,64.78515625,0.26055005192756653,0.5189689993858337,3.4669504058817084
HACplus+CR,low,stump,00006,/work/u4546465/evaluation/HACplus+CR/HACplus+CR/Low (0.05)/stump/00006.png,59.50170135498047,0.29195499420166016,0.4679102897644043,3.4151178910454725
HACplus+CR,low,stump,00007,/work/u4546465/evaluation/HACplus+CR/HACplus+CR/Low (0.05)/stump/00007.png,60.98473358154297,0.27150315046310425,0.4536551535129547,3.329345007108059
HACplus+CR,low,stump,00008,/work/u4546465/evaluation/HACplus+CR/HACplus+CR/Low (0.05)/stump/00008.png,51.528175354003906,0.22405008971691132,0.3808145821094513,4.161873158751842
HACplus+CR,low,stump,00009,/work/u4546465/evaluation/HACplus+CR/HACplus+CR/Low (0.05)/stump/00009.png,58.238624572753906,0.2700920104980469,0.4073546528816223,3.981030004036378
HACplus+CR,low,stump,00010,/work/u4546465/evaluation/HACplus+CR/HACplus+CR/Low (0.05)/stump/00010.png,60.234466552734375,0.26894956827163696,0.4042794406414032,4.377260376172592
HACplus+CR,low,stump,00011,/work/u4546465/evaluation/HACplus+CR/HACplus+CR/Low (0.05)/stump/00011.png,59.513206481933594,0.2701554298400879,0.3618876039981842,4.031132524582167
HACplus+CR,low,stump,00012,/work/u4546465/evaluation/HACplus+CR/HACplus+CR/Low (0.05)/stump/00012.png,63.663326263427734,0.27465564012527466,0.3798140585422516,3.9105712436725453
HACplus+CR,low,stump,00013,/work/u4546465/evaluation/HACplus+CR/HACplus+CR/Low (0.05)/stump/00013.png,57.7146110534668,0.269591748714447,0.3536500632762909,3.7540841648496412
HACplus+CR,low,stump,00014,/work/u4546465/evaluation/HACplus+CR/HACplus+CR/Low (0.05)/stump/00014.png,62.213958740234375,0.2741786539554596,0.3715004324913025,3.8001799179058398
HACplus+CR,low,stump,00015,/work/u4546465/evaluation/HACplus+CR/HACplus+CR/Low (0.05)/stump/00015.png,59.23963928222656,0.2738199830055237,0.36018893122673035,3.9021407468489167
HACplus+CR,low,treehill,00000,/work/u4546465/evaluation/HACplus+CR/HACplus+CR/Low (0.05)/treehill/00000.png,54.121849060058594,0.2844458520412445,0.43116495013237,2.787133510584573
HACplus+CR,low,treehill,00001,/work/u4546465/evaluation/HACplus+CR/HACplus+CR/Low (0.05)/treehill/00001.png,56.874088287353516,0.2827453911304474,0.3931078612804413,2.935752600235331
HACplus+CR,low,treehill,00002,/work/u4546465/evaluation/HACplus+CR/HACplus+CR/Low (0.05)/treehill/00002.png,58.51554870605469,0.30021747946739197,0.39398932456970215,2.672071216922101
HACplus+CR,low,treehill,00003,/work/u4546465/evaluation/HACplus+CR/HACplus+CR/Low (0.05)/treehill/00003.png,56.77873992919922,0.2905915379524231,0.4518566131591797,2.715820996363739
HACplus+CR,low,treehill,00004,/work/u4546465/evaluation/HACplus+CR/HACplus+CR/Low (0.05)/treehill/00004.png,58.14448547363281,0.27789539098739624,0.4054833948612213,2.689395213471644
HACplus+CR,low,treehill,00005,/work/u4546465/evaluation/HACplus+CR/HACplus+CR/Low (0.05)/treehill/00005.png,58.612388610839844,0.2786084711551666,0.4690590500831604,2.7015803182044023
HACplus+CR,low,treehill,00006,/work/u4546465/evaluation/HACplus+CR/HACplus+CR/Low (0.05)/treehill/00006.png,58.53554153442383,0.2507053017616272,0.40813905000686646,2.8026814018592674
HACplus+CR,low,treehill,00007,/work/u4546465/evaluation/HACplus+CR/HACplus+CR/Low (0.05)/treehill/00007.png,51.17455291748047,0.2674970328807831,0.49016934633255005,2.767706577319461
HACplus+CR,low,treehill,00008,/work/u4546465/evaluation/HACplus+CR/HACplus+CR/Low (0.05)/treehill/00008.png,61.691139221191406,0.28024059534072876,0.498075008392334,2.6021299239416082
HACplus+CR,low,treehill,00009,/work/u4546465/evaluation/HACplus+CR/HACplus+CR/Low (0.05)/treehill/00009.png,57.66745376586914,0.28527411818504333,0.5488101840019226,2.719849374986477
HACplus+CR,low,treehill,00010,/work/u4546465/evaluation/HACplus+CR/HACplus+CR/Low (0.05)/treehill/00010.png,57.922088623046875,0.2886655330657959,0.4836633801460266,2.589711556196323
HACplus+CR,low,treehill,00011,/work/u4546465/evaluation/HACplus+CR/HACplus+CR/Low (0.05)/treehill/00011.png,60.86499786376953,0.27383607625961304,0.4743068814277649,2.6806810731828237
HACplus+CR,low,treehill,00012,/work/u4546465/evaluation/HACplus+CR/HACplus+CR/Low (0.05)/treehill/00012.png,54.340049743652344,0.301146924495697,0.5441828966140747,2.901330584984184
HACplus+CR,low,treehill,00013,/work/u4546465/evaluation/HACplus+CR/HACplus+CR/Low (0.05)/treehill/00013.png,57.933250427246094,0.2744311988353729,0.5036590099334717,2.927482145203976
HACplus+CR,low,treehill,00014,/work/u4546465/evaluation/HACplus+CR/HACplus+CR/Low (0.05)/treehill/00014.png,58.177452087402344,0.294913113117218,0.5043010115623474,2.8648908948095384
HACplus+CR,low,treehill,00015,/work/u4546465/evaluation/HACplus+CR/HACplus+CR/Low (0.05)/treehill/00015.png,54.559146881103516,0.3060021996498108,0.5616225600242615,3.0920898037016746
HACplus+CR,low,treehill,00016,/work/u4546465/evaluation/HACplus+CR/HACplus+CR/Low (0.05)/treehill/00016.png,55.92966842651367,0.28367605805397034,0.5319735407829285,2.931366805830659
HACplus+CR,low,treehill,00017,/work/u4546465/evaluation/HACplus+CR/HACplus+CR/Low (0.05)/treehill/00017.png,54.30834197998047,0.29629024863243103,0.5871807932853699,3.0672620398713857
HACplus+CR,mid,bicycle,00000,/work/u4546465/evaluation/HACplus+CR/HACplus+CR/Mid (0.007)/bicycle/00000.png,72.25184631347656,0.36043670773506165,0.43668127059936523,2.2422695466137497
HACplus+CR,mid,bicycle,00001,/work/u4546465/evaluation/HACplus+CR/HACplus+CR/Mid (0.007)/bicycle/00001.png,69.74147033691406,0.3268613815307617,0.3768324553966522,2.1349585857512126
HACplus+CR,mid,bicycle,00002,/work/u4546465/evaluation/HACplus+CR/HACplus+CR/Mid (0.007)/bicycle/00002.png,66.11481475830078,0.3003407418727875,0.35442084074020386,2.243510687415674
HACplus+CR,mid,bicycle,00003,/work/u4546465/evaluation/HACplus+CR/HACplus+CR/Mid (0.007)/bicycle/00003.png,72.02474212646484,0.3386029005050659,0.4838905334472656,2.1631035735120108
HACplus+CR,mid,bicycle,00004,/work/u4546465/evaluation/HACplus+CR/HACplus+CR/Mid (0.007)/bicycle/00004.png,70.93270874023438,0.3076845407485962,0.43777117133140564,2.2517131913723327
HACplus+CR,mid,bicycle,00005,/work/u4546465/evaluation/HACplus+CR/HACplus+CR/Mid (0.007)/bicycle/00005.png,68.22381591796875,0.32600152492523193,0.41858744621276855,2.1167967470900115
HACplus+CR,mid,bicycle,00006,/work/u4546465/evaluation/HACplus+CR/HACplus+CR/Mid (0.007)/bicycle/00006.png,71.6025161743164,0.36716777086257935,0.45821619033813477,2.2353431589347266
HACplus+CR,mid,bicycle,00007,/work/u4546465/evaluation/HACplus+CR/HACplus+CR/Mid (0.007)/bicycle/00007.png,73.21864318847656,0.3512685298919678,0.45573511719703674,2.1849630198771335
HACplus+CR,mid,bicycle,00008,/work/u4546465/evaluation/HACplus+CR/HACplus+CR/Mid (0.007)/bicycle/00008.png,67.1605453491211,0.30015090107917786,0.47459936141967773,2.3931050314958062
HACplus+CR,mid,bicycle,00009,/work/u4546465/evaluation/HACplus+CR/HACplus+CR/Mid (0.007)/bicycle/00009.png,74.03717803955078,0.3448638916015625,0.4855203628540039,2.2330690472479366
HACplus+CR,mid,bicycle,00010,/work/u4546465/evaluation/HACplus+CR/HACplus+CR/Mid (0.007)/bicycle/00010.png,73.02086639404297,0.3579167425632477,0.4447450339794159,2.0225778364539333
HACplus+CR,mid,bicycle,00011,/work/u4546465/evaluation/HACplus+CR/HACplus+CR/Mid (0.007)/bicycle/00011.png,67.95488739013672,0.3048592507839203,0.47753024101257324,2.3397858212535194
HACplus+CR,mid,bicycle,00012,/work/u4546465/evaluation/HACplus+CR/HACplus+CR/Mid (0.007)/bicycle/00012.png,72.65168762207031,0.35677972435951233,0.4631216526031494,2.1253650217699316
HACplus+CR,mid,bicycle,00013,/work/u4546465/evaluation/HACplus+CR/HACplus+CR/Mid (0.007)/bicycle/00013.png,72.77568817138672,0.3569923937320709,0.4122007489204407,2.3478577309396207
HACplus+CR,mid,bicycle,00014,/work/u4546465/evaluation/HACplus+CR/HACplus+CR/Mid (0.007)/bicycle/00014.png,71.8147201538086,0.33233442902565,0.4760521948337555,2.534075369861186
HACplus+CR,mid,bicycle,00015,/work/u4546465/evaluation/HACplus+CR/HACplus+CR/Mid (0.007)/bicycle/00015.png,72.10150909423828,0.3651067912578583,0.48078957200050354,1.9966177183216554
HACplus+CR,mid,bicycle,00016,/work/u4546465/evaluation/HACplus+CR/HACplus+CR/Mid (0.007)/bicycle/00016.png,71.76404571533203,0.32536542415618896,0.4791335165500641,2.388988987382458
HACplus+CR,mid,bicycle,00017,/work/u4546465/evaluation/HACplus+CR/HACplus+CR/Mid (0.007)/bicycle/00017.png,73.09201049804688,0.37702739238739014,0.4683570861816406,2.290300328122456
HACplus+CR,mid,bicycle,00018,/work/u4546465/evaluation/HACplus+CR/HACplus+CR/Mid (0.007)/bicycle/00018.png,73.18961334228516,0.33685702085494995,0.4007430970668793,2.597456712427521
HACplus+CR,mid,bicycle,00019,/work/u4546465/evaluation/HACplus+CR/HACplus+CR/Mid (0.007)/bicycle/00019.png,69.8072738647461,0.32957223057746887,0.43678832054138184,2.7548271860197233
HACplus+CR,mid,bicycle,00020,/work/u4546465/evaluation/HACplus+CR/HACplus+CR/Mid (0.007)/bicycle/00020.png,74.0098876953125,0.3521835207939148,0.479563444852829,2.1517784209310653
HACplus+CR,mid,bicycle,00021,/work/u4546465/evaluation/HACplus+CR/HACplus+CR/Mid (0.007)/bicycle/00021.png,71.6232681274414,0.34034645557403564,0.4802321493625641,2.710461469481295
HACplus+CR,mid,bicycle,00022,/work/u4546465/evaluation/HACplus+CR/HACplus+CR/Mid (0.007)/bicycle/00022.png,73.22623443603516,0.34575435519218445,0.450517863035202,2.319648604909964
HACplus+CR,mid,bicycle,00023,/work/u4546465/evaluation/HACplus+CR/HACplus+CR/Mid (0.007)/bicycle/00023.png,74.16636657714844,0.33831995725631714,0.4924495816230774,2.6996642795690966
HACplus+CR,mid,bicycle,00024,/work/u4546465/evaluation/HACplus+CR/HACplus+CR/Mid (0.007)/bicycle/00024.png,74.13800811767578,0.3429241180419922,0.4864673614501953,2.5174439079659026
HACplus+CR,mid,bonsai,00000,/work/u4546465/evaluation/HACplus+CR/HACplus+CR/Mid (0.007)/bonsai/00000.png,59.297935485839844,0.23951663076877594,0.2477542906999588,4.616298489683353
HACplus+CR,mid,bonsai,00001,/work/u4546465/evaluation/HACplus+CR/HACplus+CR/Mid (0.007)/bonsai/00001.png,61.059146881103516,0.223869189620018,0.30462396144866943,4.602554215427335
HACplus+CR,mid,bonsai,00002,/work/u4546465/evaluation/HACplus+CR/HACplus+CR/Mid (0.007)/bonsai/00002.png,58.88380432128906,0.20820149779319763,0.27955716848373413,4.4164593932989655
HACplus+CR,mid,bonsai,00003,/work/u4546465/evaluation/HACplus+CR/HACplus+CR/Mid (0.007)/bonsai/00003.png,61.49199295043945,0.2126954048871994,0.3239336609840393,3.9628642762356057
HACplus+CR,mid,bonsai,00004,/work/u4546465/evaluation/HACplus+CR/HACplus+CR/Mid (0.007)/bonsai/00004.png,63.75103759765625,0.2620178461074829,0.3583042621612549,4.443571836294165
HACplus+CR,mid,bonsai,00005,/work/u4546465/evaluation/HACplus+CR/HACplus+CR/Mid (0.007)/bonsai/00005.png,61.070796966552734,0.22742976248264313,0.3670794367790222,4.356380285488923
HACplus+CR,mid,bonsai,00006,/work/u4546465/evaluation/HACplus+CR/HACplus+CR/Mid (0.007)/bonsai/00006.png,62.91044616699219,0.1923249363899231,0.30333101749420166,3.7145086776012155
HACplus+CR,mid,bonsai,00007,/work/u4546465/evaluation/HACplus+CR/HACplus+CR/Mid (0.007)/bonsai/00007.png,63.36711502075195,0.240778386592865,0.3818179666996002,4.375089635468924
HACplus+CR,mid,bonsai,00008,/work/u4546465/evaluation/HACplus+CR/HACplus+CR/Mid (0.007)/bonsai/00008.png,63.218421936035156,0.20058217644691467,0.3601515293121338,4.053747385643294
HACplus+CR,mid,bonsai,00009,/work/u4546465/evaluation/HACplus+CR/HACplus+CR/Mid (0.007)/bonsai/00009.png,59.430992126464844,0.22452402114868164,0.34948036074638367,3.986861250685562
HACplus+CR,mid,bonsai,00010,/work/u4546465/evaluation/HACplus+CR/HACplus+CR/Mid (0.007)/bonsai/00010.png,63.848350524902344,0.2527613937854767,0.4769744873046875,4.061096305026833
HACplus+CR,mid,bonsai,00011,/work/u4546465/evaluation/HACplus+CR/HACplus+CR/Mid (0.007)/bonsai/00011.png,61.700801849365234,0.2222651094198227,0.30802279710769653,4.289397153926611
HACplus+CR,mid,bonsai,00012,/work/u4546465/evaluation/HACplus+CR/HACplus+CR/Mid (0.007)/bonsai/00012.png,58.09908676147461,0.18988098204135895,0.2882487177848816,4.569933464132468
HACplus+CR,mid,bonsai,00013,/work/u4546465/evaluation/HACplus+CR/HACplus+CR/Mid (0.007)/bonsai/00013.png,62.48577117919922,0.2603108584880829,0.42343732714653015,4.314750469037739
HACplus+CR,mid,bonsai,00014,/work/u4546465/evaluation/HACplus+CR/HACplus+CR/Mid (0.007)/bonsai/00014.png,63.530181884765625,0.2441067397594452,0.37231993675231934,4.263567464217138
HACplus+CR,mid,bonsai,00015,/work/u4546465/evaluation/HACplus+CR/HACplus+CR/Mid (0.007)/bonsai/00015.png,48.396263122558594,0.2049109786748886,0.3062306046485901,4.604396394568708
HACplus+CR,mid,bonsai,00016,/work/u4546465/evaluation/HACplus+CR/HACplus+CR/Mid (0.007)/bonsai/00016.png,60.143463134765625,0.22892554104328156,0.35991793870925903,4.390558589314989
HACplus+CR,mid,bonsai,00017,/work/u4546465/evaluation/HACplus+CR/HACplus+CR/Mid (0.007)/bonsai/00017.png,64.82881927490234,0.26251745223999023,0.410982221364975,4.547335656068842
HACplus+CR,mid,bonsai,00018,/work/u4546465/evaluation/HACplus+CR/HACplus+CR/Mid (0.007)/bonsai/00018.png,59.978675842285156,0.21337829530239105,0.2732571065425873,4.366700797495832
HACplus+CR,mid,bonsai,00019,/work/u4546465/evaluation/HACplus+CR/HACplus+CR/Mid (0.007)/bonsai/00019.png,59.562896728515625,0.2436150759458542,0.2932395935058594,4.15113818789646
HACplus+CR,mid,bonsai,00020,/work/u4546465/evaluation/HACplus+CR/HACplus+CR/Mid (0.007)/bonsai/00020.png,64.27859497070312,0.2511007487773895,0.3252047002315521,4.634864491887863
HACplus+CR,mid,bonsai,00021,/work/u4546465/evaluation/HACplus+CR/HACplus+CR/Mid (0.007)/bonsai/00021.png,61.62408447265625,0.2339734584093094,0.3051820695400238,4.6002174833689695
HACplus+CR,mid,bonsai,00022,/work/u4546465/evaluation/HACplus+CR/HACplus+CR/Mid (0.007)/bonsai/00022.png,59.39995574951172,0.25197815895080566,0.3357031047344208,4.1534241696162715
HACplus+CR,mid,bonsai,00023,/work/u4546465/evaluation/HACplus+CR/HACplus+CR/Mid (0.007)/bonsai/00023.png,62.782291412353516,0.2630739212036133,0.32468095421791077,4.585744564832846
HACplus+CR,mid,bonsai,00024,/work/u4546465/evaluation/HACplus+CR/HACplus+CR/Mid (0.007)/bonsai/00024.png,57.726646423339844,0.24444782733917236,0.3201124668121338,4.5504545535517416
HACplus+CR,mid,bonsai,00025,/work/u4546465/evaluation/HACplus+CR/HACplus+CR/Mid (0.007)/bonsai/00025.png,55.73371887207031,0.3020777106285095,0.3480075001716614,4.595874754992845
HACplus+CR,mid,bonsai,00026,/work/u4546465/evaluation/HACplus+CR/HACplus+CR/Mid (0.007)/bonsai/00026.png,62.9525032043457,0.26178744435310364,0.2973878085613251,4.419735187781034
HACplus+CR,mid,bonsai,00027,/work/u4546465/evaluation/HACplus+CR/HACplus+CR/Mid (0.007)/bonsai/00027.png,64.33992767333984,0.2629394233226776,0.30478429794311523,4.578257037991304
HACplus+CR,mid,bonsai,00028,/work/u4546465/evaluation/HACplus+CR/HACplus+CR/Mid (0.007)/bonsai/00028.png,59.4244384765625,0.29354700446128845,0.35514262318611145,5.126376991475261
HACplus+CR,mid,bonsai,00029,/work/u4546465/evaluation/HACplus+CR/HACplus+CR/Mid (0.007)/bonsai/00029.png,64.18209838867188,0.25766000151634216,0.31795573234558105,4.853860706903407
HACplus+CR,mid,bonsai,00030,/work/u4546465/evaluation/HACplus+CR/HACplus+CR/Mid (0.007)/bonsai/00030.png,62.513519287109375,0.25315797328948975,0.277005672454834,4.862577363622437
HACplus+CR,mid,bonsai,00031,/work/u4546465/evaluation/HACplus+CR/HACplus+CR/Mid (0.007)/bonsai/00031.png,59.412776947021484,0.2531221807003021,0.28953516483306885,4.680427776071765
HACplus+CR,mid,bonsai,00032,/work/u4546465/evaluation/HACplus+CR/HACplus+CR/Mid (0.007)/bonsai/00032.png,62.42106246948242,0.23837628960609436,0.28207820653915405,4.77531139665741
HACplus+CR,mid,bonsai,00033,/work/u4546465/evaluation/HACplus+CR/HACplus+CR/Mid (0.007)/bonsai/00033.png,60.97090148925781,0.2573052644729614,0.3000124394893646,4.837692749582101
HACplus+CR,mid,bonsai,00034,/work/u4546465/evaluation/HACplus+CR/HACplus+CR/Mid (0.007)/bonsai/00034.png,57.333160400390625,0.22984489798545837,0.26005688309669495,4.538610053485869
HACplus+CR,mid,bonsai,00035,/work/u4546465/evaluation/HACplus+CR/HACplus+CR/Mid (0.007)/bonsai/00035.png,61.145633697509766,0.21397942304611206,0.3055097162723541,4.560938621177703
HACplus+CR,mid,bonsai,00036,/work/u4546465/evaluation/HACplus+CR/HACplus+CR/Mid (0.007)/bonsai/00036.png,63.24933624267578,0.2362646609544754,0.30010345578193665,4.511539977488105
HACplus+CR,mid,counter,00000,/work/u4546465/evaluation/HACplus+CR/HACplus+CR/Mid (0.007)/counter/00000.png,56.58585739135742,0.23412135243415833,0.42829829454421997,3.7823598877159745
HACplus+CR,mid,counter,00001,/work/u4546465/evaluation/HACplus+CR/HACplus+CR/Mid (0.007)/counter/00001.png,65.81857299804688,0.2504805326461792,0.39439862966537476,3.3261103930831655
HACplus+CR,mid,counter,00002,/work/u4546465/evaluation/HACplus+CR/HACplus+CR/Mid (0.007)/counter/00002.png,60.54290771484375,0.23998096585273743,0.3796692490577698,3.63810235198622
HACplus+CR,mid,counter,00003,/work/u4546465/evaluation/HACplus+CR/HACplus+CR/Mid (0.007)/counter/00003.png,63.80644226074219,0.23806770145893097,0.38883572816848755,3.3718201280314917
HACplus+CR,mid,counter,00004,/work/u4546465/evaluation/HACplus+CR/HACplus+CR/Mid (0.007)/counter/00004.png,54.758636474609375,0.19523723423480988,0.3581460416316986,4.143834977449937
HACplus+CR,mid,counter,00005,/work/u4546465/evaluation/HACplus+CR/HACplus+CR/Mid (0.007)/counter/00005.png,50.66120147705078,0.2178925722837448,0.37701380252838135,4.315667469582092
HACplus+CR,mid,counter,00006,/work/u4546465/evaluation/HACplus+CR/HACplus+CR/Mid (0.007)/counter/00006.png,63.03728485107422,0.24491895735263824,0.42834004759788513,3.642346731814218
HACplus+CR,mid,counter,00007,/work/u4546465/evaluation/HACplus+CR/HACplus+CR/Mid (0.007)/counter/00007.png,60.48810958862305,0.22587046027183533,0.4101007580757141,3.7691205039453046
HACplus+CR,mid,counter,00008,/work/u4546465/evaluation/HACplus+CR/HACplus+CR/Mid (0.007)/counter/00008.png,44.67264938354492,0.23777653276920319,0.40085268020629883,4.779817720599796
HACplus+CR,mid,counter,00009,/work/u4546465/evaluation/HACplus+CR/HACplus+CR/Mid (0.007)/counter/00009.png,63.19317626953125,0.22108808159828186,0.35293641686439514,3.739411340629659
HACplus+CR,mid,counter,00010,/work/u4546465/evaluation/HACplus+CR/HACplus+CR/Mid (0.007)/counter/00010.png,60.62757110595703,0.22194963693618774,0.3532133400440216,3.6449836693151045
HACplus+CR,mid,counter,00011,/work/u4546465/evaluation/HACplus+CR/HACplus+CR/Mid (0.007)/counter/00011.png,43.47500991821289,0.21229468286037445,0.42332085967063904,4.0932391964437125
HACplus+CR,mid,counter,00012,/work/u4546465/evaluation/HACplus+CR/HACplus+CR/Mid (0.007)/counter/00012.png,61.596702575683594,0.23536416888237,0.45185089111328125,3.638170476073277
HACplus+CR,mid,counter,00013,/work/u4546465/evaluation/HACplus+CR/HACplus+CR/Mid (0.007)/counter/00013.png,60.62171173095703,0.24122577905654907,0.41261792182922363,3.7021831169279835
HACplus+CR,mid,counter,00014,/work/u4546465/evaluation/HACplus+CR/HACplus+CR/Mid (0.007)/counter/00014.png,52.95894241333008,0.22127234935760498,0.4233275353908539,3.772677621300725
HACplus+CR,mid,counter,00015,/work/u4546465/evaluation/HACplus+CR/HACplus+CR/Mid (0.007)/counter/00015.png,60.16899490356445,0.24305638670921326,0.4103167653083801,3.3682073209295416
HACplus+CR,mid,counter,00016,/work/u4546465/evaluation/HACplus+CR/HACplus+CR/Mid (0.007)/counter/00016.png,59.91488265991211,0.25307798385620117,0.39434194564819336,3.4708238711900066
HACplus+CR,mid,counter,00017,/work/u4546465/evaluation/HACplus+CR/HACplus+CR/Mid (0.007)/counter/00017.png,49.30554962158203,0.22306406497955322,0.32645004987716675,3.977084265903181
HACplus+CR,mid,counter,00018,/work/u4546465/evaluation/HACplus+CR/HACplus+CR/Mid (0.007)/counter/00018.png,55.329227447509766,0.2273494154214859,0.370359867811203,3.72073231205638
HACplus+CR,mid,counter,00019,/work/u4546465/evaluation/HACplus+CR/HACplus+CR/Mid (0.007)/counter/00019.png,58.308067321777344,0.24798183143138885,0.3279409110546112,3.6326125164609246
HACplus+CR,mid,counter,00020,/work/u4546465/evaluation/HACplus+CR/HACplus+CR/Mid (0.007)/counter/00020.png,58.362545013427734,0.25475946068763733,0.36844995617866516,3.882669446191608
HACplus+CR,mid,counter,00021,/work/u4546465/evaluation/HACplus+CR/HACplus+CR/Mid (0.007)/counter/00021.png,53.76975631713867,0.2392212450504303,0.34984150528907776,4.082329013478772
HACplus+CR,mid,counter,00022,/work/u4546465/evaluation/HACplus+CR/HACplus+CR/Mid (0.007)/counter/00022.png,63.464447021484375,0.26820671558380127,0.41946011781692505,3.5701942726580778
HACplus+CR,mid,counter,00023,/work/u4546465/evaluation/HACplus+CR/HACplus+CR/Mid (0.007)/counter/00023.png,63.19087219238281,0.26500552892684937,0.3893198072910309,3.6488506501057176
HACplus+CR,mid,counter,00024,/work/u4546465/evaluation/HACplus+CR/HACplus+CR/Mid (0.007)/counter/00024.png,59.307308197021484,0.2538224756717682,0.3765800893306732,3.8128179175161554
HACplus+CR,mid,counter,00025,/work/u4546465/evaluation/HACplus+CR/HACplus+CR/Mid (0.007)/counter/00025.png,63.21638870239258,0.25132954120635986,0.3762650191783905,3.4958852155070215
HACplus+CR,mid,counter,00026,/work/u4546465/evaluation/HACplus+CR/HACplus+CR/Mid (0.007)/counter/00026.png,61.29602813720703,0.2458219826221466,0.42511826753616333,3.591818117113056
HACplus+CR,mid,counter,00027,/work/u4546465/evaluation/HACplus+CR/HACplus+CR/Mid (0.007)/counter/00027.png,62.04500961303711,0.26170119643211365,0.39352962374687195,3.5034174706910997
HACplus+CR,mid,counter,00028,/work/u4546465/evaluation/HACplus+CR/HACplus+CR/Mid (0.007)/counter/00028.png,63.05719757080078,0.2738284468650818,0.46529874205589294,3.417702368909365
HACplus+CR,mid,counter,00029,/work/u4546465/evaluation/HACplus+CR/HACplus+CR/Mid (0.007)/counter/00029.png,58.44926452636719,0.2456841915845871,0.36174294352531433,3.50609523743024
HACplus+CR,mid,flowers,00000,/work/u4546465/evaluation/HACplus+CR/HACplus+CR/Mid (0.007)/flowers/00000.png,74.5285873413086,0.3359358310699463,0.6253494620323181,2.297964173771719
HACplus+CR,mid,flowers,00001,/work/u4546465/evaluation/HACplus+CR/HACplus+CR/Mid (0.007)/flowers/00001.png,73.58194732666016,0.31966790556907654,0.5503826141357422,2.2302586899637102
HACplus+CR,mid,flowers,00002,/work/u4546465/evaluation/HACplus+CR/HACplus+CR/Mid (0.007)/flowers/00002.png,73.1285171508789,0.3389066457748413,0.5946118235588074,2.4969311133167067
HACplus+CR,mid,flowers,00003,/work/u4546465/evaluation/HACplus+CR/HACplus+CR/Mid (0.007)/flowers/00003.png,73.3702163696289,0.3123486638069153,0.5635209083557129,2.2087380193180373
HACplus+CR,mid,flowers,00004,/work/u4546465/evaluation/HACplus+CR/HACplus+CR/Mid (0.007)/flowers/00004.png,73.74821472167969,0.3607221245765686,0.5948764681816101,2.4302930814184664
HACplus+CR,mid,flowers,00005,/work/u4546465/evaluation/HACplus+CR/HACplus+CR/Mid (0.007)/flowers/00005.png,73.42789459228516,0.33859118819236755,0.6062588095664978,2.1821728176775843
HACplus+CR,mid,flowers,00006,/work/u4546465/evaluation/HACplus+CR/HACplus+CR/Mid (0.007)/flowers/00006.png,74.02299499511719,0.3451981842517853,0.6240406632423401,2.3687955595421712
HACplus+CR,mid,flowers,00007,/work/u4546465/evaluation/HACplus+CR/HACplus+CR/Mid (0.007)/flowers/00007.png,73.63018035888672,0.32308927178382874,0.5848047137260437,2.2226692750311274
HACplus+CR,mid,flowers,00008,/work/u4546465/evaluation/HACplus+CR/HACplus+CR/Mid (0.007)/flowers/00008.png,74.68742370605469,0.3222995102405548,0.5879375338554382,2.0936905246447
HACplus+CR,mid,flowers,00009,/work/u4546465/evaluation/HACplus+CR/HACplus+CR/Mid (0.007)/flowers/00009.png,71.97055053710938,0.31964442133903503,0.5138642191886902,2.183818937808952
HACplus+CR,mid,flowers,00010,/work/u4546465/evaluation/HACplus+CR/HACplus+CR/Mid (0.007)/flowers/00010.png,74.19593048095703,0.34713679552078247,0.6195317506790161,2.2087280161227474
HACplus+CR,mid,flowers,00011,/work/u4546465/evaluation/HACplus+CR/HACplus+CR/Mid (0.007)/flowers/00011.png,74.92415618896484,0.35542041063308716,0.6382085680961609,2.513106657818045
HACplus+CR,mid,flowers,00012,/work/u4546465/evaluation/HACplus+CR/HACplus+CR/Mid (0.007)/flowers/00012.png,74.00115966796875,0.3490590751171112,0.6166996955871582,2.274196589523411
HACplus+CR,mid,flowers,00013,/work/u4546465/evaluation/HACplus+CR/HACplus+CR/Mid (0.007)/flowers/00013.png,74.4530258178711,0.329556405544281,0.6026456952095032,2.2180454311476536
HACplus+CR,mid,flowers,00014,/work/u4546465/evaluation/HACplus+CR/HACplus+CR/Mid (0.007)/flowers/00014.png,75.03561401367188,0.35465213656425476,0.6315411925315857,2.5998091281602522
HACplus+CR,mid,flowers,00015,/work/u4546465/evaluation/HACplus+CR/HACplus+CR/Mid (0.007)/flowers/00015.png,73.8468246459961,0.35210052132606506,0.5908619165420532,2.398353158315974
HACplus+CR,mid,flowers,00016,/work/u4546465/evaluation/HACplus+CR/HACplus+CR/Mid (0.007)/flowers/00016.png,73.85162353515625,0.33870580792427063,0.605104923248291,2.424778236034367
HACplus+CR,mid,flowers,00017,/work/u4546465/evaluation/HACplus+CR/HACplus+CR/Mid (0.007)/flowers/00017.png,73.2935791015625,0.33489707112312317,0.6054930686950684,2.395523004750324
HACplus+CR,mid,flowers,00018,/work/u4546465/evaluation/HACplus+CR/HACplus+CR/Mid (0.007)/flowers/00018.png,74.1910629272461,0.341367244720459,0.5981040000915527,2.4845598131688544
HACplus+CR,mid,flowers,00019,/work/u4546465/evaluation/HACplus+CR/HACplus+CR/Mid (0.007)/flowers/00019.png,73.00247955322266,0.3417039215564728,0.5948315262794495,2.5660957587427218
HACplus+CR,mid,flowers,00020,/work/u4546465/evaluation/HACplus+CR/HACplus+CR/Mid (0.007)/flowers/00020.png,71.0400619506836,0.3096826374530792,0.5305479168891907,2.5204498079876454
HACplus+CR,mid,flowers,00021,/work/u4546465/evaluation/HACplus+CR/HACplus+CR/Mid (0.007)/flowers/00021.png,70.95872497558594,0.2976231276988983,0.5582444071769714,2.719049927813031
HACplus+CR,mid,garden,00000,/work/u4546465/evaluation/HACplus+CR/HACplus+CR/Mid (0.007)/garden/00000.png,74.26041412353516,0.3789368271827698,0.5968193411827087,1.9343471694025158
HACplus+CR,mid,garden,00001,/work/u4546465/evaluation/HACplus+CR/HACplus+CR/Mid (0.007)/garden/00001.png,72.9622573852539,0.3447197377681732,0.4770399034023285,2.1872498601561907
HACplus+CR,mid,garden,00002,/work/u4546465/evaluation/HACplus+CR/HACplus+CR/Mid (0.007)/garden/00002.png,74.18744659423828,0.3811202347278595,0.48797398805618286,2.083987116227075
HACplus+CR,mid,garden,00003,/work/u4546465/evaluation/HACplus+CR/HACplus+CR/Mid (0.007)/garden/00003.png,72.40643310546875,0.3858426511287689,0.6326367259025574,2.0589753045633574
HACplus+CR,mid,garden,00004,/work/u4546465/evaluation/HACplus+CR/HACplus+CR/Mid (0.007)/garden/00004.png,73.6980209350586,0.36880165338516235,0.5726309418678284,1.9631636009969766
HACplus+CR,mid,garden,00005,/work/u4546465/evaluation/HACplus+CR/HACplus+CR/Mid (0.007)/garden/00005.png,71.25214385986328,0.3716632127761841,0.5148391127586365,2.288985024624868
HACplus+CR,mid,garden,00006,/work/u4546465/evaluation/HACplus+CR/HACplus+CR/Mid (0.007)/garden/00006.png,74.40193176269531,0.3900674879550934,0.5598455667495728,2.303430629173145
HACplus+CR,mid,garden,00007,/work/u4546465/evaluation/HACplus+CR/HACplus+CR/Mid (0.007)/garden/00007.png,72.43739318847656,0.39794179797172546,0.608782947063446,2.109766313663066
HACplus+CR,mid,garden,00008,/work/u4546465/evaluation/HACplus+CR/HACplus+CR/Mid (0.007)/garden/00008.png,72.34681701660156,0.3930157721042633,0.6353082060813904,2.1526675710871044
HACplus+CR,mid,garden,00009,/work/u4546465/evaluation/HACplus+CR/HACplus+CR/Mid (0.007)/garden/00009.png,73.46920013427734,0.38274410367012024,0.5908274054527283,2.214278698055121
HACplus+CR,mid,garden,00010,/work/u4546465/evaluation/HACplus+CR/HACplus+CR/Mid (0.007)/garden/00010.png,72.92877960205078,0.3836038112640381,0.555515468120575,2.4414701793141638
HACplus+CR,mid,garden,00011,/work/u4546465/evaluation/HACplus+CR/HACplus+CR/Mid (0.007)/garden/00011.png,72.97069549560547,0.3979651629924774,0.6189669370651245,2.2642561703498316
HACplus+CR,mid,garden,00012,/work/u4546465/evaluation/HACplus+CR/HACplus+CR/Mid (0.007)/garden/00012.png,73.14312744140625,0.3967015743255615,0.6126977205276489,2.218922476177235
HACplus+CR,mid,garden,00013,/work/u4546465/evaluation/HACplus+CR/HACplus+CR/Mid (0.007)/garden/00013.png,72.26863098144531,0.3815537989139557,0.529256284236908,2.446768580881222
HACplus+CR,mid,garden,00014,/work/u4546465/evaluation/HACplus+CR/HACplus+CR/Mid (0.007)/garden/00014.png,72.56676483154297,0.3918512463569641,0.5778383612632751,2.313980456360614
HACplus+CR,mid,garden,00015,/work/u4546465/evaluation/HACplus+CR/HACplus+CR/Mid (0.007)/garden/00015.png,72.49275970458984,0.39781278371810913,0.6099647879600525,2.2239573923115983
HACplus+CR,mid,garden,00016,/work/u4546465/evaluation/HACplus+CR/HACplus+CR/Mid (0.007)/garden/00016.png,72.83292388916016,0.3870268166065216,0.5624033808708191,2.457550391954482
HACplus+CR,mid,garden,00017,/work/u4546465/evaluation/HACplus+CR/HACplus+CR/Mid (0.007)/garden/00017.png,73.72093963623047,0.3845633864402771,0.4788374900817871,2.79998465447785
HACplus+CR,mid,garden,00018,/work/u4546465/evaluation/HACplus+CR/HACplus+CR/Mid (0.007)/garden/00018.png,72.88353729248047,0.4057689905166626,0.6082901358604431,2.650543679365285
HACplus+CR,mid,garden,00019,/work/u4546465/evaluation/HACplus+CR/HACplus+CR/Mid (0.007)/garden/00019.png,72.77490997314453,0.41345396637916565,0.6042633056640625,2.791673072960286
HACplus+CR,mid,garden,00020,/work/u4546465/evaluation/HACplus+CR/HACplus+CR/Mid (0.007)/garden/00020.png,73.38687896728516,0.3768985867500305,0.5638436675071716,2.444387845825675
HACplus+CR,mid,garden,00021,/work/u4546465/evaluation/HACplus+CR/HACplus+CR/Mid (0.007)/garden/00021.png,72.96068572998047,0.38965126872062683,0.5139326453208923,2.581130842463338
HACplus+CR,mid,garden,00022,/work/u4546465/evaluation/HACplus+CR/HACplus+CR/Mid (0.007)/garden/00022.png,73.3178482055664,0.4012874960899353,0.6166478991508484,2.528181620850154
HACplus+CR,mid,garden,00023,/work/u4546465/evaluation/HACplus+CR/HACplus+CR/Mid (0.007)/garden/00023.png,73.60240173339844,0.3896218538284302,0.5799596905708313,2.2003748725747685
HACplus+CR,mid,kitchen,00000,/work/u4546465/evaluation/HACplus+CR/HACplus+CR/Mid (0.007)/kitchen/00000.png,71.6118392944336,0.2983262836933136,0.4455578923225403,3.76867006994205
HACplus+CR,mid,kitchen,00001,/work/u4546465/evaluation/HACplus+CR/HACplus+CR/Mid (0.007)/kitchen/00001.png,72.5360336303711,0.30197563767433167,0.438120573759079,3.9077868793594424
HACplus+CR,mid,kitchen,00002,/work/u4546465/evaluation/HACplus+CR/HACplus+CR/Mid (0.007)/kitchen/00002.png,69.52906036376953,0.31462201476097107,0.47579070925712585,3.842738206373485
HACplus+CR,mid,kitchen,00003,/work/u4546465/evaluation/HACplus+CR/HACplus+CR/Mid (0.007)/kitchen/00003.png,70.9117202758789,0.34858450293540955,0.49103888869285583,3.9387313125596712
HACplus+CR,mid,kitchen,00004,/work/u4546465/evaluation/HACplus+CR/HACplus+CR/Mid (0.007)/kitchen/00004.png,73.10498809814453,0.3340749144554138,0.5251775979995728,3.8901306081065794
HACplus+CR,mid,kitchen,00005,/work/u4546465/evaluation/HACplus+CR/HACplus+CR/Mid (0.007)/kitchen/00005.png,70.93909454345703,0.3187105655670166,0.459890753030777,3.8802231813626915
HACplus+CR,mid,kitchen,00006,/work/u4546465/evaluation/HACplus+CR/HACplus+CR/Mid (0.007)/kitchen/00006.png,70.5053482055664,0.3517198860645294,0.4958564341068268,3.920103880227129
HACplus+CR,mid,kitchen,00007,/work/u4546465/evaluation/HACplus+CR/HACplus+CR/Mid (0.007)/kitchen/00007.png,71.12738800048828,0.34742772579193115,0.5113075971603394,3.8761430173895532
HACplus+CR,mid,kitchen,00008,/work/u4546465/evaluation/HACplus+CR/HACplus+CR/Mid (0.007)/kitchen/00008.png,67.23043060302734,0.30782321095466614,0.4121984541416168,3.799109246561912
HACplus+CR,mid,kitchen,00009,/work/u4546465/evaluation/HACplus+CR/HACplus+CR/Mid (0.007)/kitchen/00009.png,63.95113754272461,0.3143951892852783,0.408024400472641,3.6159109368863094
HACplus+CR,mid,kitchen,00010,/work/u4546465/evaluation/HACplus+CR/HACplus+CR/Mid (0.007)/kitchen/00010.png,66.4258041381836,0.3452792763710022,0.4594906270503998,3.7179182995493885
HACplus+CR,mid,kitchen,00011,/work/u4546465/evaluation/HACplus+CR/HACplus+CR/Mid (0.007)/kitchen/00011.png,67.95801544189453,0.3561370372772217,0.4827550947666168,3.6068152177170365
HACplus+CR,mid,kitchen,00012,/work/u4546465/evaluation/HACplus+CR/HACplus+CR/Mid (0.007)/kitchen/00012.png,67.34834289550781,0.3357110023498535,0.41563674807548523,3.6661268504944977
HACplus+CR,mid,kitchen,00013,/work/u4546465/evaluation/HACplus+CR/HACplus+CR/Mid (0.007)/kitchen/00013.png,67.28697204589844,0.33236196637153625,0.41034457087516785,3.7595635750941008
HACplus+CR,mid,kitchen,00014,/work/u4546465/evaluation/HACplus+CR/HACplus+CR/Mid (0.007)/kitchen/00014.png,66.59728240966797,0.35808703303337097,0.49014925956726074,3.5528030047790207
HACplus+CR,mid,kitchen,00015,/work/u4546465/evaluation/HACplus+CR/HACplus+CR/Mid (0.007)/kitchen/00015.png,68.24352264404297,0.28703317046165466,0.4096148610115051,3.576910950881037
HACplus+CR,mid,kitchen,00016,/work/u4546465/evaluation/HACplus+CR/HACplus+CR/Mid (0.007)/kitchen/00016.png,71.58614349365234,0.32005804777145386,0.4193403422832489,3.7328281943947337
HACplus+CR,mid,kitchen,00017,/work/u4546465/evaluation/HACplus+CR/HACplus+CR/Mid (0.007)/kitchen/00017.png,69.88914489746094,0.3073863387107849,0.4641723334789276,3.5266589669339092
HACplus+CR,mid,kitchen,00018,/work/u4546465/evaluation/HACplus+CR/HACplus+CR/Mid (0.007)/kitchen/00018.png,68.84371948242188,0.30906179547309875,0.4066745936870575,3.649387255638035
HACplus+CR,mid,kitchen,00019,/work/u4546465/evaluation/HACplus+CR/HACplus+CR/Mid (0.007)/kitchen/00019.png,69.86133575439453,0.314206600189209,0.4241808354854584,3.4417121483800015
HACplus+CR,mid,kitchen,00020,/work/u4546465/evaluation/HACplus+CR/HACplus+CR/Mid (0.007)/kitchen/00020.png,62.578025817871094,0.28940749168395996,0.36313334107398987,4.3215979985226864
HACplus+CR,mid,kitchen,00021,/work/u4546465/evaluation/HACplus+CR/HACplus+CR/Mid (0.007)/kitchen/00021.png,60.27680969238281,0.2831233739852905,0.3315483033657074,3.888246308499357
HACplus+CR,mid,kitchen,00022,/work/u4546465/evaluation/HACplus+CR/HACplus+CR/Mid (0.007)/kitchen/00022.png,65.00467681884766,0.3059997856616974,0.39906230568885803,4.221322405623484
HACplus+CR,mid,kitchen,00023,/work/u4546465/evaluation/HACplus+CR/HACplus+CR/Mid (0.007)/kitchen/00023.png,64.35369110107422,0.27328816056251526,0.39364510774612427,4.381210729069584
HACplus+CR,mid,kitchen,00024,/work/u4546465/evaluation/HACplus+CR/HACplus+CR/Mid (0.007)/kitchen/00024.png,65.0354995727539,0.33525192737579346,0.45398789644241333,4.310306753210684
HACplus+CR,mid,kitchen,00025,/work/u4546465/evaluation/HACplus+CR/HACplus+CR/Mid (0.007)/kitchen/00025.png,65.2377700805664,0.34515663981437683,0.41233643889427185,4.279398041036251
HACplus+CR,mid,kitchen,00026,/work/u4546465/evaluation/HACplus+CR/HACplus+CR/Mid (0.007)/kitchen/00026.png,64.90383911132812,0.29899322986602783,0.448159784078598,3.8972355535384158
HACplus+CR,mid,kitchen,00027,/work/u4546465/evaluation/HACplus+CR/HACplus+CR/Mid (0.007)/kitchen/00027.png,64.85391998291016,0.3221321105957031,0.4912974536418915,3.712195430302505
HACplus+CR,mid,kitchen,00028,/work/u4546465/evaluation/HACplus+CR/HACplus+CR/Mid (0.007)/kitchen/00028.png,65.93096160888672,0.35272112488746643,0.42399081587791443,4.510063357743991
HACplus+CR,mid,kitchen,00029,/work/u4546465/evaluation/HACplus+CR/HACplus+CR/Mid (0.007)/kitchen/00029.png,64.07430267333984,0.31582221388816833,0.37862730026245117,4.323493806294872
HACplus+CR,mid,kitchen,00030,/work/u4546465/evaluation/HACplus+CR/HACplus+CR/Mid (0.007)/kitchen/00030.png,66.73114013671875,0.3101535737514496,0.44071197509765625,4.074800370215963
HACplus+CR,mid,kitchen,00031,/work/u4546465/evaluation/HACplus+CR/HACplus+CR/Mid (0.007)/kitchen/00031.png,66.49858856201172,0.2716795802116394,0.33725830912590027,3.914267725689792
HACplus+CR,mid,kitchen,00032,/work/u4546465/evaluation/HACplus+CR/HACplus+CR/Mid (0.007)/kitchen/00032.png,68.51464080810547,0.3054680824279785,0.37630191445350647,3.862373349861711
HACplus+CR,mid,kitchen,00033,/work/u4546465/evaluation/HACplus+CR/HACplus+CR/Mid (0.007)/kitchen/00033.png,64.88440704345703,0.27733200788497925,0.3255874514579773,3.9941486189267597
HACplus+CR,mid,kitchen,00034,/work/u4546465/evaluation/HACplus+CR/HACplus+CR/Mid (0.007)/kitchen/00034.png,64.75100708007812,0.31681761145591736,0.44936639070510864,3.8774720290687643
HACplus+CR,mid,room,00000,/work/u4546465/evaluation/HACplus+CR/HACplus+CR/Mid (0.007)/room/00000.png,48.986717224121094,0.22432908415794373,0.26048585772514343,4.311637238751214
HACplus+CR,mid,room,00001,/work/u4546465/evaluation/HACplus+CR/HACplus+CR/Mid (0.007)/room/00001.png,54.17897033691406,0.23884250223636627,0.3265876770019531,3.840072621918692
HACplus+CR,mid,room,00002,/work/u4546465/evaluation/HACplus+CR/HACplus+CR/Mid (0.007)/room/00002.png,57.39683151245117,0.2498578280210495,0.385541170835495,3.917216401288599
HACplus+CR,mid,room,00003,/work/u4546465/evaluation/HACplus+CR/HACplus+CR/Mid (0.007)/room/00003.png,52.9444580078125,0.24800598621368408,0.33500924706459045,4.535971467486691
HACplus+CR,mid,room,00004,/work/u4546465/evaluation/HACplus+CR/HACplus+CR/Mid (0.007)/room/00004.png,56.90229415893555,0.281583309173584,0.41396328806877136,4.033050012370057
HACplus+CR,mid,room,00005,/work/u4546465/evaluation/HACplus+CR/HACplus+CR/Mid (0.007)/room/00005.png,57.99259567260742,0.24106141924858093,0.3245970904827118,4.280289736779888
HACplus+CR,mid,room,00006,/work/u4546465/evaluation/HACplus+CR/HACplus+CR/Mid (0.007)/room/00006.png,55.55297088623047,0.2669866979122162,0.3866603374481201,3.990325782809624
HACplus+CR,mid,room,00007,/work/u4546465/evaluation/HACplus+CR/HACplus+CR/Mid (0.007)/room/00007.png,55.79692840576172,0.27404555678367615,0.400968074798584,4.195125932213271
HACplus+CR,mid,room,00008,/work/u4546465/evaluation/HACplus+CR/HACplus+CR/Mid (0.007)/room/00008.png,56.604129791259766,0.260171502828598,0.3426361083984375,4.306792367303682
HACplus+CR,mid,room,00009,/work/u4546465/evaluation/HACplus+CR/HACplus+CR/Mid (0.007)/room/00009.png,56.47323226928711,0.2746087610721588,0.39369821548461914,4.017835975229023
HACplus+CR,mid,room,00010,/work/u4546465/evaluation/HACplus+CR/HACplus+CR/Mid (0.007)/room/00010.png,52.86085510253906,0.2622814178466797,0.35338759422302246,4.15966146947512
HACplus+CR,mid,room,00011,/work/u4546465/evaluation/HACplus+CR/HACplus+CR/Mid (0.007)/room/00011.png,45.02064514160156,0.22266370058059692,0.32040855288505554,5.147748614055201
HACplus+CR,mid,room,00012,/work/u4546465/evaluation/HACplus+CR/HACplus+CR/Mid (0.007)/room/00012.png,50.4644889831543,0.23252275586128235,0.31726452708244324,4.84868707135991
HACplus+CR,mid,room,00013,/work/u4546465/evaluation/HACplus+CR/HACplus+CR/Mid (0.007)/room/00013.png,51.66001892089844,0.25438955426216125,0.40867528319358826,4.136539666230641
HACplus+CR,mid,room,00014,/work/u4546465/evaluation/HACplus+CR/HACplus+CR/Mid (0.007)/room/00014.png,55.7985954284668,0.24047334492206573,0.34442511200904846,4.639827131372653
HACplus+CR,mid,room,00015,/work/u4546465/evaluation/HACplus+CR/HACplus+CR/Mid (0.007)/room/00015.png,52.782264709472656,0.25092944502830505,0.35890334844589233,4.694498664291088
HACplus+CR,mid,room,00016,/work/u4546465/evaluation/HACplus+CR/HACplus+CR/Mid (0.007)/room/00016.png,54.06748962402344,0.26325589418411255,0.45124322175979614,4.015488390934678
HACplus+CR,mid,room,00017,/work/u4546465/evaluation/HACplus+CR/HACplus+CR/Mid (0.007)/room/00017.png,48.17072296142578,0.21517573297023773,0.31767329573631287,4.941722986232069
HACplus+CR,mid,room,00018,/work/u4546465/evaluation/HACplus+CR/HACplus+CR/Mid (0.007)/room/00018.png,55.53132247924805,0.29588454961776733,0.34628644585609436,3.830698183540624
HACplus+CR,mid,room,00019,/work/u4546465/evaluation/HACplus+CR/HACplus+CR/Mid (0.007)/room/00019.png,56.589149475097656,0.24014811217784882,0.2919881343841553,4.066570288020866
HACplus+CR,mid,room,00020,/work/u4546465/evaluation/HACplus+CR/HACplus+CR/Mid (0.007)/room/00020.png,51.39079666137695,0.25467008352279663,0.3373579680919647,4.009099788987852
HACplus+CR,mid,room,00021,/work/u4546465/evaluation/HACplus+CR/HACplus+CR/Mid (0.007)/room/00021.png,56.25635528564453,0.2806537449359894,0.3339962661266327,3.674980434073431
HACplus+CR,mid,room,00022,/work/u4546465/evaluation/HACplus+CR/HACplus+CR/Mid (0.007)/room/00022.png,55.97777557373047,0.2677237093448639,0.40656015276908875,3.869234951515075
HACplus+CR,mid,room,00023,/work/u4546465/evaluation/HACplus+CR/HACplus+CR/Mid (0.007)/room/00023.png,51.30281448364258,0.23652857542037964,0.3731818199157715,4.312998604732905
HACplus+CR,mid,room,00024,/work/u4546465/evaluation/HACplus+CR/HACplus+CR/Mid (0.007)/room/00024.png,45.74073791503906,0.2349265217781067,0.26375916600227356,5.079337432959596
HACplus+CR,mid,room,00025,/work/u4546465/evaluation/HACplus+CR/HACplus+CR/Mid (0.007)/room/00025.png,58.60698318481445,0.2830069363117218,0.3623541295528412,3.9563948312989057
HACplus+CR,mid,room,00026,/work/u4546465/evaluation/HACplus+CR/HACplus+CR/Mid (0.007)/room/00026.png,41.4552001953125,0.23499009013175964,0.22235803306102753,5.891796034609373
HACplus+CR,mid,room,00027,/work/u4546465/evaluation/HACplus+CR/HACplus+CR/Mid (0.007)/room/00027.png,46.12407302856445,0.2181822657585144,0.2400650978088379,4.972197167459005
HACplus+CR,mid,room,00028,/work/u4546465/evaluation/HACplus+CR/HACplus+CR/Mid (0.007)/room/00028.png,40.58906555175781,0.1704830527305603,0.28737711906433105,5.997910336363442
HACplus+CR,mid,room,00029,/work/u4546465/evaluation/HACplus+CR/HACplus+CR/Mid (0.007)/room/00029.png,48.007850646972656,0.20469725131988525,0.28744468092918396,5.5355906069679035
HACplus+CR,mid,room,00030,/work/u4546465/evaluation/HACplus+CR/HACplus+CR/Mid (0.007)/room/00030.png,47.38510513305664,0.21774470806121826,0.2621493637561798,4.61870396270667
HACplus+CR,mid,room,00031,/work/u4546465/evaluation/HACplus+CR/HACplus+CR/Mid (0.007)/room/00031.png,49.38508224487305,0.2713530659675598,0.33716437220573425,6.387095406157816
HACplus+CR,mid,room,00032,/work/u4546465/evaluation/HACplus+CR/HACplus+CR/Mid (0.007)/room/00032.png,50.187679290771484,0.21913038194179535,0.3006953299045563,4.639148492372369
HACplus+CR,mid,room,00033,/work/u4546465/evaluation/HACplus+CR/HACplus+CR/Mid (0.007)/room/00033.png,41.21744918823242,0.22820408642292023,0.23368649184703827,6.863189711892114
HACplus+CR,mid,room,00034,/work/u4546465/evaluation/HACplus+CR/HACplus+CR/Mid (0.007)/room/00034.png,42.212852478027344,0.3229927122592926,0.26510608196258545,7.415145211858804
HACplus+CR,mid,room,00035,/work/u4546465/evaluation/HACplus+CR/HACplus+CR/Mid (0.007)/room/00035.png,50.927276611328125,0.30714935064315796,0.3322995603084564,6.304557069559224
HACplus+CR,mid,room,00036,/work/u4546465/evaluation/HACplus+CR/HACplus+CR/Mid (0.007)/room/00036.png,46.445125579833984,0.23928572237491608,0.2830922305583954,6.922318540696081
HACplus+CR,mid,room,00037,/work/u4546465/evaluation/HACplus+CR/HACplus+CR/Mid (0.007)/room/00037.png,56.47357177734375,0.35926541686058044,0.3751086890697479,4.804071772136359
HACplus+CR,mid,room,00038,/work/u4546465/evaluation/HACplus+CR/HACplus+CR/Mid (0.007)/room/00038.png,49.43965148925781,0.25972676277160645,0.3300948143005371,5.179917139014829
HACplus+CR,mid,stump,00000,/work/u4546465/evaluation/HACplus+CR/HACplus+CR/Mid (0.007)/stump/00000.png,60.87737274169922,0.27601301670074463,0.41314300894737244,3.056335365117636
HACplus+CR,mid,stump,00001,/work/u4546465/evaluation/HACplus+CR/HACplus+CR/Mid (0.007)/stump/00001.png,60.02293014526367,0.2548627257347107,0.3740038573741913,3.881758967942552
HACplus+CR,mid,stump,00002,/work/u4546465/evaluation/HACplus+CR/HACplus+CR/Mid (0.007)/stump/00002.png,59.07357406616211,0.2681127190589905,0.41959190368652344,3.437421921732483
HACplus+CR,mid,stump,00003,/work/u4546465/evaluation/HACplus+CR/HACplus+CR/Mid (0.007)/stump/00003.png,61.187889099121094,0.2576713263988495,0.39058101177215576,3.6982999630002293
HACplus+CR,mid,stump,00004,/work/u4546465/evaluation/HACplus+CR/HACplus+CR/Mid (0.007)/stump/00004.png,60.9024658203125,0.2631632685661316,0.43122050166130066,3.6424136435692116
HACplus+CR,mid,stump,00005,/work/u4546465/evaluation/HACplus+CR/HACplus+CR/Mid (0.007)/stump/00005.png,66.39595794677734,0.2769535779953003,0.45626288652420044,3.4319158737213797
HACplus+CR,mid,stump,00006,/work/u4546465/evaluation/HACplus+CR/HACplus+CR/Mid (0.007)/stump/00006.png,59.60626220703125,0.3025812804698944,0.4029300808906555,3.2355186881356044
HACplus+CR,mid,stump,00007,/work/u4546465/evaluation/HACplus+CR/HACplus+CR/Mid (0.007)/stump/00007.png,62.55045700073242,0.2898810803890228,0.4007665812969208,3.2219767224976272
HACplus+CR,mid,stump,00008,/work/u4546465/evaluation/HACplus+CR/HACplus+CR/Mid (0.007)/stump/00008.png,51.565818786621094,0.2239183634519577,0.32221347093582153,4.261381086075054
HACplus+CR,mid,stump,00009,/work/u4546465/evaluation/HACplus+CR/HACplus+CR/Mid (0.007)/stump/00009.png,59.463294982910156,0.28263136744499207,0.3482109010219574,3.5655288955481352
HACplus+CR,mid,stump,00010,/work/u4546465/evaluation/HACplus+CR/HACplus+CR/Mid (0.007)/stump/00010.png,60.86827087402344,0.26904186606407166,0.37098827958106995,4.082460692251076
HACplus+CR,mid,stump,00011,/work/u4546465/evaluation/HACplus+CR/HACplus+CR/Mid (0.007)/stump/00011.png,60.1828498840332,0.2817770540714264,0.3329441547393799,3.7906092520582186
HACplus+CR,mid,stump,00012,/work/u4546465/evaluation/HACplus+CR/HACplus+CR/Mid (0.007)/stump/00012.png,63.65147399902344,0.2807491421699524,0.3525535762310028,3.7295189301678096
HACplus+CR,mid,stump,00013,/work/u4546465/evaluation/HACplus+CR/HACplus+CR/Mid (0.007)/stump/00013.png,59.31541442871094,0.281680703163147,0.3418709635734558,3.572282045595277
HACplus+CR,mid,stump,00014,/work/u4546465/evaluation/HACplus+CR/HACplus+CR/Mid (0.007)/stump/00014.png,61.14932632446289,0.27226439118385315,0.35385701060295105,3.7750216697666086
HACplus+CR,mid,stump,00015,/work/u4546465/evaluation/HACplus+CR/HACplus+CR/Mid (0.007)/stump/00015.png,61.00709533691406,0.28056299686431885,0.3348288834095001,3.767824004912054
HACplus+CR,mid,treehill,00000,/work/u4546465/evaluation/HACplus+CR/HACplus+CR/Mid (0.007)/treehill/00000.png,56.36727523803711,0.2981705367565155,0.42565274238586426,2.986281100184851
HACplus+CR,mid,treehill,00001,/work/u4546465/evaluation/HACplus+CR/HACplus+CR/Mid (0.007)/treehill/00001.png,58.464866638183594,0.2759202718734741,0.35856661200523376,2.7608006097522537
HACplus+CR,mid,treehill,00002,/work/u4546465/evaluation/HACplus+CR/HACplus+CR/Mid (0.007)/treehill/00002.png,60.29609680175781,0.29539233446121216,0.4038192927837372,2.311015558123846
HACplus+CR,mid,treehill,00003,/work/u4546465/evaluation/HACplus+CR/HACplus+CR/Mid (0.007)/treehill/00003.png,58.57897186279297,0.28489813208580017,0.45305773615837097,2.7950442968976605
HACplus+CR,mid,treehill,00004,/work/u4546465/evaluation/HACplus+CR/HACplus+CR/Mid (0.007)/treehill/00004.png,62.412845611572266,0.29846733808517456,0.4162646234035492,2.713942785205184
HACplus+CR,mid,treehill,00005,/work/u4546465/evaluation/HACplus+CR/HACplus+CR/Mid (0.007)/treehill/00005.png,61.76229476928711,0.28314533829689026,0.43712589144706726,2.592301339335704
HACplus+CR,mid,treehill,00006,/work/u4546465/evaluation/HACplus+CR/HACplus+CR/Mid (0.007)/treehill/00006.png,62.709442138671875,0.26407408714294434,0.39725586771965027,2.810693500812528
HACplus+CR,mid,treehill,00007,/work/u4546465/evaluation/HACplus+CR/HACplus+CR/Mid (0.007)/treehill/00007.png,53.91708755493164,0.2668454945087433,0.4205125868320465,2.8630087313788954
HACplus+CR,mid,treehill,00008,/work/u4546465/evaluation/HACplus+CR/HACplus+CR/Mid (0.007)/treehill/00008.png,64.8825454711914,0.2790969908237457,0.4473024010658264,2.379103361692118
HACplus+CR,mid,treehill,00009,/work/u4546465/evaluation/HACplus+CR/HACplus+CR/Mid (0.007)/treehill/00009.png,60.46201705932617,0.27967000007629395,0.5049399733543396,2.679409438649007
HACplus+CR,mid,treehill,00010,/work/u4546465/evaluation/HACplus+CR/HACplus+CR/Mid (0.007)/treehill/00010.png,57.367637634277344,0.2825852334499359,0.42121854424476624,2.5505173098805396
HACplus+CR,mid,treehill,00011,/work/u4546465/evaluation/HACplus+CR/HACplus+CR/Mid (0.007)/treehill/00011.png,64.309326171875,0.2764348089694977,0.4667549133300781,2.5138654667376232
HACplus+CR,mid,treehill,00012,/work/u4546465/evaluation/HACplus+CR/HACplus+CR/Mid (0.007)/treehill/00012.png,59.68269729614258,0.29261210560798645,0.46745821833610535,2.685125753550926
HACplus+CR,mid,treehill,00013,/work/u4546465/evaluation/HACplus+CR/HACplus+CR/Mid (0.007)/treehill/00013.png,60.98088455200195,0.27302831411361694,0.45520496368408203,2.790956999925348
HACplus+CR,mid,treehill,00014,/work/u4546465/evaluation/HACplus+CR/HACplus+CR/Mid (0.007)/treehill/00014.png,62.118629455566406,0.29309144616127014,0.4591693878173828,2.594751688863444
HACplus+CR,mid,treehill,00015,/work/u4546465/evaluation/HACplus+CR/HACplus+CR/Mid (0.007)/treehill/00015.png,59.71821594238281,0.29540759325027466,0.4884248673915863,2.8373517992755732
HACplus+CR,mid,treehill,00016,/work/u4546465/evaluation/HACplus+CR/HACplus+CR/Mid (0.007)/treehill/00016.png,59.527008056640625,0.27760931849479675,0.4689730703830719,2.929881479660959
HACplus+CR,mid,treehill,00017,/work/u4546465/evaluation/HACplus+CR/HACplus+CR/Mid (0.007)/treehill/00017.png,59.10356521606445,0.30327585339546204,0.5067596435546875,2.950910042392735
Orig,high,bicycle,00000,/work/u4546465/evaluation/CAT3DGSPro_organized/bicycle_00000/Orig@high.png,70.10822296142578,0.3554461896419525,0.4554853141307831,3.123511832143765
Orig,high,bicycle,00001,/work/u4546465/evaluation/CAT3DGSPro_organized/bicycle_00001/Orig@high.png,67.26148986816406,0.31977832317352295,0.42068037390708923,2.7468110886551966
Orig,high,bicycle,00002,/work/u4546465/evaluation/CAT3DGSPro_organized/bicycle_00002/Orig@high.png,68.6794204711914,0.35849571228027344,0.4549201428890228,2.979008968579262
Orig,high,bicycle,00003,/work/u4546465/evaluation/CAT3DGSPro_organized/bicycle_00003/Orig@high.png,72.41352081298828,0.35934171080589294,0.4567630887031555,2.8243408237123493
Orig,high,bicycle,00004,/work/u4546465/evaluation/CAT3DGSPro_organized/bicycle_00004/Orig@high.png,61.037689208984375,0.2963066101074219,0.4813555181026459,2.9282239127701364
Orig,high,bicycle,00005,/work/u4546465/evaluation/CAT3DGSPro_organized/bicycle_00005/Orig@high.png,69.822021484375,0.3551247715950012,0.4320342242717743,3.2222670296418388
Orig,high,bicycle,00006,/work/u4546465/evaluation/CAT3DGSPro_organized/bicycle_00006/Orig@high.png,71.09345245361328,0.35046273469924927,0.5013760328292847,2.7730961171991932
Orig,high,bicycle,00007,/work/u4546465/evaluation/CAT3DGSPro_organized/bicycle_00007/Orig@high.png,64.7330093383789,0.32021471858024597,0.49235543608665466,2.921873769275433
Orig,high,bicycle,00008,/work/u4546465/evaluation/CAT3DGSPro_organized/bicycle_00008/Orig@high.png,71.99586486816406,0.3615683317184448,0.4029603600502014,3.179887303406422
Orig,high,bicycle,00009,/work/u4546465/evaluation/CAT3DGSPro_organized/bicycle_00009/Orig@high.png,71.6118392944336,0.3257461190223694,0.44403791427612305,3.0881684392012976
Orig,high,bicycle,00010,/work/u4546465/evaluation/CAT3DGSPro_organized/bicycle_00010/Orig@high.png,68.4024887084961,0.35594359040260315,0.46288785338401794,2.8938036457603644
Orig,high,bicycle,00011,/work/u4546465/evaluation/CAT3DGSPro_organized/bicycle_00011/Orig@high.png,71.745849609375,0.37445926666259766,0.47398024797439575,2.8119428278492995
Orig,high,bicycle,00012,/work/u4546465/evaluation/CAT3DGSPro_organized/bicycle_00012/Orig@high.png,59.318084716796875,0.3076663613319397,0.43537864089012146,2.7614317083439
Orig,high,bicycle,00013,/work/u4546465/evaluation/CAT3DGSPro_organized/bicycle_00013/Orig@high.png,64.41339874267578,0.2837989330291748,0.44546014070510864,3.0042064234678363
Orig,high,bicycle,00014,/work/u4546465/evaluation/CAT3DGSPro_organized/bicycle_00014/Orig@high.png,70.06854248046875,0.34171533584594727,0.4430203437805176,2.7966639835628646
Orig,high,bicycle,00015,/work/u4546465/evaluation/CAT3DGSPro_organized/bicycle_00015/Orig@high.png,71.5356674194336,0.3638036549091339,0.4327206313610077,3.003057319892203
Orig,high,bicycle,00016,/work/u4546465/evaluation/CAT3DGSPro_organized/bicycle_00016/Orig@high.png,71.51445770263672,0.3601802885532379,0.4241827428340912,2.8873442655086574
Orig,high,bicycle,00017,/work/u4546465/evaluation/CAT3DGSPro_organized/bicycle_00017/Orig@high.png,57.06947326660156,0.29075366258621216,0.43756991624832153,2.9251848487864285
Orig,high,bicycle,00018,/work/u4546465/evaluation/CAT3DGSPro_organized/bicycle_00018/Orig@high.png,62.79137420654297,0.3068165183067322,0.47499537467956543,2.9977005077784384
Orig,high,bicycle,00019,/work/u4546465/evaluation/CAT3DGSPro_organized/bicycle_00019/Orig@high.png,62.68354415893555,0.3238385021686554,0.4828157424926758,3.042448852498563
Orig,high,bicycle,00020,/work/u4546465/evaluation/CAT3DGSPro_organized/bicycle_00020/Orig@high.png,70.0981674194336,0.35423141717910767,0.443941205739975,2.967089899284796
Orig,high,bicycle,00021,/work/u4546465/evaluation/CAT3DGSPro_organized/bicycle_00021/Orig@high.png,71.29415130615234,0.375217467546463,0.40934720635414124,2.927967412174969
Orig,high,bicycle,00022,/work/u4546465/evaluation/CAT3DGSPro_organized/bicycle_00022/Orig@high.png,72.31221008300781,0.38062813878059387,0.454759418964386,3.0611255324142874
Orig,high,bicycle,00023,/work/u4546465/evaluation/CAT3DGSPro_organized/bicycle_00023/Orig@high.png,70.12432098388672,0.35165849328041077,0.4168078601360321,2.761409919609537
Orig,high,bicycle,00024,/work/u4546465/evaluation/CAT3DGSPro_organized/bicycle_00024/Orig@high.png,70.20914459228516,0.33604446053504944,0.5089932680130005,3.0275914171188822
Orig,high,bonsai,00000,/work/u4546465/evaluation/CAT3DGSPro_organized/bonsai_00000/Orig@high.png,61.02372741699219,0.25269225239753723,0.39762434363365173,4.737419667132074
Orig,high,bonsai,00001,/work/u4546465/evaluation/CAT3DGSPro_organized/bonsai_00001/Orig@high.png,61.86682891845703,0.296737402677536,0.3810449242591858,4.984416363665918
Orig,high,bonsai,00002,/work/u4546465/evaluation/CAT3DGSPro_organized/bonsai_00002/Orig@high.png,60.696388244628906,0.29237326979637146,0.47749367356300354,5.115836149013773
Orig,high,bonsai,00003,/work/u4546465/evaluation/CAT3DGSPro_organized/bonsai_00003/Orig@high.png,57.58510208129883,0.3253905177116394,0.46818023920059204,5.636306606389288
Orig,high,bonsai,00004,/work/u4546465/evaluation/CAT3DGSPro_organized/bonsai_00004/Orig@high.png,62.16446304321289,0.28012320399284363,0.33941909670829773,4.810177887036147
Orig,high,bonsai,00005,/work/u4546465/evaluation/CAT3DGSPro_organized/bonsai_00005/Orig@high.png,62.79783630371094,0.22956587374210358,0.38255128264427185,4.611837143141828
Orig,high,bonsai,00006,/work/u4546465/evaluation/CAT3DGSPro_organized/bonsai_00006/Orig@high.png,59.68566131591797,0.2574010491371155,0.40708857774734497,5.039194110263809
Orig,high,bonsai,00007,/work/u4546465/evaluation/CAT3DGSPro_organized/bonsai_00007/Orig@high.png,60.116825103759766,0.261797696352005,0.41392651200294495,4.684902566585525
Orig,high,bonsai,00008,/work/u4546465/evaluation/CAT3DGSPro_organized/bonsai_00008/Orig@high.png,63.69989776611328,0.23881219327449799,0.41283461451530457,4.642477886131206
Orig,high,bonsai,00009,/work/u4546465/evaluation/CAT3DGSPro_organized/bonsai_00009/Orig@high.png,60.1013069152832,0.2619536221027374,0.4017065465450287,4.739895161439089
Orig,high,bonsai,00010,/work/u4546465/evaluation/CAT3DGSPro_organized/bonsai_00010/Orig@high.png,61.502933502197266,0.25447598099708557,0.3354127109050751,4.848526128670678
Orig,high,bonsai,00011,/work/u4546465/evaluation/CAT3DGSPro_organized/bonsai_00011/Orig@high.png,62.42572021484375,0.29880887269973755,0.40373554825782776,4.659928970754641
Orig,high,bonsai,00012,/work/u4546465/evaluation/CAT3DGSPro_organized/bonsai_00012/Orig@high.png,49.64508819580078,0.23803360760211945,0.39683571457862854,5.161661277571359
Orig,high,bonsai,00013,/work/u4546465/evaluation/CAT3DGSPro_organized/bonsai_00013/Orig@high.png,57.38077926635742,0.2533738613128662,0.3227849006652832,4.9264308807008135
Orig,high,bonsai,00014,/work/u4546465/evaluation/CAT3DGSPro_organized/bonsai_00014/Orig@high.png,58.38179397583008,0.24633437395095825,0.3429329991340637,4.78285790323698
Orig,high,bonsai,00015,/work/u4546465/evaluation/CAT3DGSPro_organized/bonsai_00015/Orig@high.png,54.55610275268555,0.3478037714958191,0.5151810646057129,4.960947595843979
Orig,high,bonsai,00016,/work/u4546465/evaluation/CAT3DGSPro_organized/bonsai_00016/Orig@high.png,61.61400604248047,0.27546605467796326,0.3546869456768036,5.071501814605406
Orig,high,bonsai,00017,/work/u4546465/evaluation/CAT3DGSPro_organized/bonsai_00017/Orig@high.png,59.63732147216797,0.2817985415458679,0.37075328826904297,5.471014116375059
Orig,high,bonsai,00018,/work/u4546465/evaluation/CAT3DGSPro_organized/bonsai_00018/Orig@high.png,61.58360290527344,0.26291170716285706,0.319782555103302,4.730943307473935
Orig,high,bonsai,00019,/work/u4546465/evaluation/CAT3DGSPro_organized/bonsai_00019/Orig@high.png,62.478904724121094,0.2813502252101898,0.5107225775718689,4.79063239213226
Orig,high,bonsai,00020,/work/u4546465/evaluation/CAT3DGSPro_organized/bonsai_00020/Orig@high.png,56.85908508300781,0.24138414859771729,0.32123520970344543,4.908921450760561
Orig,high,bonsai,00021,/work/u4546465/evaluation/CAT3DGSPro_organized/bonsai_00021/Orig@high.png,59.436309814453125,0.26813071966171265,0.32598304748535156,5.102008641144091
Orig,high,bonsai,00022,/work/u4546465/evaluation/CAT3DGSPro_organized/bonsai_00022/Orig@high.png,61.43549346923828,0.2982504665851593,0.3713628351688385,5.062646140583765
Orig,high,bonsai,00023,/work/u4546465/evaluation/CAT3DGSPro_organized/bonsai_00023/Orig@high.png,57.4307746887207,0.28932705521583557,0.3952072262763977,5.06293396734177
Orig,high,bonsai,00024,/work/u4546465/evaluation/CAT3DGSPro_organized/bonsai_00024/Orig@high.png,61.976985931396484,0.2741309702396393,0.46740803122520447,4.8664309058774595
Orig,high,bonsai,00025,/work/u4546465/evaluation/CAT3DGSPro_organized/bonsai_00025/Orig@high.png,62.40553283691406,0.280172735452652,0.35966959595680237,5.137208221921609
Orig,high,bonsai,00026,/work/u4546465/evaluation/CAT3DGSPro_organized/bonsai_00026/Orig@high.png,60.51213836669922,0.2981913983821869,0.3915976583957672,5.133605863053528
Orig,high,bonsai,00027,/work/u4546465/evaluation/CAT3DGSPro_organized/bonsai_00027/Orig@high.png,62.484413146972656,0.272918164730072,0.4241769313812256,4.761652703222646
Orig,high,bonsai,00028,/work/u4546465/evaluation/CAT3DGSPro_organized/bonsai_00028/Orig@high.png,61.61082458496094,0.2927829623222351,0.3543532192707062,4.89549676056441
Orig,high,bonsai,00029,/work/u4546465/evaluation/CAT3DGSPro_organized/bonsai_00029/Orig@high.png,62.88088607788086,0.27766117453575134,0.544514536857605,4.838607224644618
Orig,high,bonsai,00030,/work/u4546465/evaluation/CAT3DGSPro_organized/bonsai_00030/Orig@high.png,57.393646240234375,0.29445135593414307,0.41769370436668396,4.950251401618752
Orig,high,bonsai,00031,/work/u4546465/evaluation/CAT3DGSPro_organized/bonsai_00031/Orig@high.png,53.979976654052734,0.22508254647254944,0.36519667506217957,5.088768457751865
Orig,high,bonsai,00032,/work/u4546465/evaluation/CAT3DGSPro_organized/bonsai_00032/Orig@high.png,56.75830841064453,0.254163920879364,0.3226582705974579,4.884030068976028
Orig,high,bonsai,00033,/work/u4546465/evaluation/CAT3DGSPro_organized/bonsai_00033/Orig@high.png,61.236915588378906,0.2645558714866638,0.42669183015823364,4.718935945455898
Orig,high,bonsai,00034,/work/u4546465/evaluation/CAT3DGSPro_organized/bonsai_00034/Orig@high.png,60.28949737548828,0.3031868040561676,0.39478570222854614,5.010627471230805
Orig,high,bonsai,00035,/work/u4546465/evaluation/CAT3DGSPro_organized/bonsai_00035/Orig@high.png,55.211246490478516,0.2858181893825531,0.3798428773880005,5.172343706817519
Orig,high,bonsai,00036,/work/u4546465/evaluation/CAT3DGSPro_organized/bonsai_00036/Orig@high.png,56.47651290893555,0.27559125423431396,0.3361707627773285,4.9372503418068945
Orig,high,counter,00000,/work/u4546465/evaluation/CAT3DGSPro_organized/counter_00000/Orig@high.png,63.17549133300781,0.29098427295684814,0.38576623797416687,4.076889485474444
Orig,high,counter,00001,/work/u4546465/evaluation/CAT3DGSPro_organized/counter_00001/Orig@high.png,60.269493103027344,0.3089548349380493,0.3854045569896698,4.136273751103559
Orig,high,counter,00002,/work/u4546465/evaluation/CAT3DGSPro_organized/counter_00002/Orig@high.png,58.230674743652344,0.29328709840774536,0.435417503118515,4.155536590978971
Orig,high,counter,00003,/work/u4546465/evaluation/CAT3DGSPro_organized/counter_00003/Orig@high.png,58.30820846557617,0.31038495898246765,0.4116552472114563,4.352712372366587
Orig,high,counter,00004,/work/u4546465/evaluation/CAT3DGSPro_organized/counter_00004/Orig@high.png,61.745758056640625,0.2734989523887634,0.44234704971313477,4.666941530004136
Orig,high,counter,00005,/work/u4546465/evaluation/CAT3DGSPro_organized/counter_00005/Orig@high.png,60.56901931762695,0.2657903730869293,0.4175446927547455,4.307680624058197
Orig,high,counter,00006,/work/u4546465/evaluation/CAT3DGSPro_organized/counter_00006/Orig@high.png,61.01563262939453,0.2944433093070984,0.3784087598323822,4.085474175237363
Orig,high,counter,00007,/work/u4546465/evaluation/CAT3DGSPro_organized/counter_00007/Orig@high.png,57.465415954589844,0.25382497906684875,0.3638761639595032,4.809450559695775
Orig,high,counter,00008,/work/u4546465/evaluation/CAT3DGSPro_organized/counter_00008/Orig@high.png,61.78699493408203,0.26293477416038513,0.3880472779273987,4.29374857101442
Orig,high,counter,00009,/work/u4546465/evaluation/CAT3DGSPro_organized/counter_00009/Orig@high.png,57.78705978393555,0.2780642807483673,0.4612537920475006,4.048985338592975
Orig,high,counter,00010,/work/u4546465/evaluation/CAT3DGSPro_organized/counter_00010/Orig@high.png,57.82472229003906,0.2932967245578766,0.334198921918869,4.1357245982111746
Orig,high,counter,00011,/work/u4546465/evaluation/CAT3DGSPro_organized/counter_00011/Orig@high.png,57.301597595214844,0.2955642342567444,0.394182950258255,4.454757237079711
Orig,high,counter,00012,/work/u4546465/evaluation/CAT3DGSPro_organized/counter_00012/Orig@high.png,54.36981201171875,0.2675222158432007,0.3322603404521942,4.721539546144804
Orig,high,counter,00013,/work/u4546465/evaluation/CAT3DGSPro_organized/counter_00013/Orig@high.png,60.13343811035156,0.3065702021121979,0.3587043881416321,4.358816075579574
Orig,high,counter,00014,/work/u4546465/evaluation/CAT3DGSPro_organized/counter_00014/Orig@high.png,49.53022003173828,0.24574504792690277,0.38027969002723694,5.373236330670472
Orig,high,counter,00015,/work/u4546465/evaluation/CAT3DGSPro_organized/counter_00015/Orig@high.png,58.285911560058594,0.2748577296733856,0.38887229561805725,4.361625141301295
Orig,high,counter,00016,/work/u4546465/evaluation/CAT3DGSPro_organized/counter_00016/Orig@high.png,51.37964630126953,0.2567700147628784,0.4202340543270111,4.568122941085252
Orig,high,counter,00017,/work/u4546465/evaluation/CAT3DGSPro_organized/counter_00017/Orig@high.png,53.30434799194336,0.2568243145942688,0.3840124309062958,4.969215806560233
Orig,high,counter,00018,/work/u4546465/evaluation/CAT3DGSPro_organized/counter_00018/Orig@high.png,48.38079071044922,0.26906031370162964,0.34022635221481323,4.80050921647612
Orig,high,counter,00019,/work/u4546465/evaluation/CAT3DGSPro_organized/counter_00019/Orig@high.png,55.3290901184082,0.2599116265773773,0.3697817921638489,5.006211807985376
Orig,high,counter,00020,/work/u4546465/evaluation/CAT3DGSPro_organized/counter_00020/Orig@high.png,42.85437774658203,0.271662175655365,0.48764631152153015,5.572487230944588
Orig,high,counter,00021,/work/u4546465/evaluation/CAT3DGSPro_organized/counter_00021/Orig@high.png,54.635711669921875,0.27730464935302734,0.3497026860713959,4.9806191328634615
Orig,high,counter,00022,/work/u4546465/evaluation/CAT3DGSPro_organized/counter_00022/Orig@high.png,58.85293960571289,0.27843543887138367,0.43043431639671326,4.207255531016664
Orig,high,counter,00023,/work/u4546465/evaluation/CAT3DGSPro_organized/counter_00023/Orig@high.png,42.378211975097656,0.2574692964553833,0.49166813492774963,4.8290555631678584
Orig,high,counter,00024,/work/u4546465/evaluation/CAT3DGSPro_organized/counter_00024/Orig@high.png,54.65912628173828,0.28784412145614624,0.3337501585483551,4.800224118120509
Orig,high,counter,00025,/work/u4546465/evaluation/CAT3DGSPro_organized/counter_00025/Orig@high.png,60.833717346191406,0.26427870988845825,0.37117481231689453,4.458366375514374
Orig,high,counter,00026,/work/u4546465/evaluation/CAT3DGSPro_organized/counter_00026/Orig@high.png,56.482757568359375,0.2959595322608948,0.3901597559452057,4.13791538524808
Orig,high,counter,00027,/work/u4546465/evaluation/CAT3DGSPro_organized/counter_00027/Orig@high.png,59.7437629699707,0.29944878816604614,0.3516845107078552,4.422440432911665
Orig,high,counter,00028,/work/u4546465/evaluation/CAT3DGSPro_organized/counter_00028/Orig@high.png,54.56078338623047,0.25971928238868713,0.3530353605747223,4.570770347144018
Orig,high,counter,00029,/work/u4546465/evaluation/CAT3DGSPro_organized/counter_00029/Orig@high.png,61.784889221191406,0.3081033527851105,0.4228582978248596,3.986511875319126
Orig,high,flowers,00000,/work/u4546465/evaluation/CAT3DGSPro_organized/flowers_00000/Orig@high.png,66.73944854736328,0.29266828298568726,0.5450534224510193,3.118070957050441
Orig,high,flowers,00001,/work/u4546465/evaluation/CAT3DGSPro_organized/flowers_00001/Orig@high.png,65.47434997558594,0.30862191319465637,0.5613337755203247,3.1351335134288756
Orig,high,flowers,00002,/work/u4546465/evaluation/CAT3DGSPro_organized/flowers_00002/Orig@high.png,66.09234619140625,0.2932623028755188,0.574078381061554,3.10949563311696
Orig,high,flowers,00003,/work/u4546465/evaluation/CAT3DGSPro_organized/flowers_00003/Orig@high.png,68.99871826171875,0.316288024187088,0.5542740821838379,3.125839778273448
Orig,high,flowers,00004,/work/u4546465/evaluation/CAT3DGSPro_organized/flowers_00004/Orig@high.png,64.15290832519531,0.27198338508605957,0.4779024124145508,3.1622588721621017
Orig,high,flowers,00005,/work/u4546465/evaluation/CAT3DGSPro_organized/flowers_00005/Orig@high.png,66.36402130126953,0.29750582575798035,0.5203855037689209,3.1289167671959386
Orig,high,flowers,00006,/work/u4546465/evaluation/CAT3DGSPro_organized/flowers_00006/Orig@high.png,65.64177703857422,0.2934645116329193,0.5140079855918884,2.854781812019152
Orig,high,flowers,00007,/work/u4546465/evaluation/CAT3DGSPro_organized/flowers_00007/Orig@high.png,66.77838897705078,0.2983456254005432,0.5629375576972961,3.1670466831074444
Orig,high,flowers,00008,/work/u4546465/evaluation/CAT3DGSPro_organized/flowers_00008/Orig@high.png,67.57857513427734,0.2907724380493164,0.5816097259521484,2.99209998857729
Orig,high,flowers,00009,/work/u4546465/evaluation/CAT3DGSPro_organized/flowers_00009/Orig@high.png,66.27587127685547,0.3108051121234894,0.5614626407623291,2.9963139443252227
Orig,high,flowers,00010,/work/u4546465/evaluation/CAT3DGSPro_organized/flowers_00010/Orig@high.png,68.62030792236328,0.31715309619903564,0.5856252908706665,2.943554349443458
Orig,high,flowers,00011,/work/u4546465/evaluation/CAT3DGSPro_organized/flowers_00011/Orig@high.png,65.16719055175781,0.2881859540939331,0.5437944531440735,3.178171915088161
Orig,high,flowers,00012,/work/u4546465/evaluation/CAT3DGSPro_organized/flowers_00012/Orig@high.png,61.30179977416992,0.2573290467262268,0.5129058361053467,3.2309816103475373
Orig,high,flowers,00013,/work/u4546465/evaluation/CAT3DGSPro_organized/flowers_00013/Orig@high.png,66.54427337646484,0.30852457880973816,0.5519418120384216,3.169275653021698
Orig,high,flowers,00014,/work/u4546465/evaluation/CAT3DGSPro_organized/flowers_00014/Orig@high.png,67.97959899902344,0.290531188249588,0.570837676525116,3.007868364848325
Orig,high,flowers,00015,/work/u4546465/evaluation/CAT3DGSPro_organized/flowers_00015/Orig@high.png,64.41242980957031,0.2757694125175476,0.5011317133903503,3.282359271054384
Orig,high,flowers,00016,/work/u4546465/evaluation/CAT3DGSPro_organized/flowers_00016/Orig@high.png,67.71321868896484,0.2908439040184021,0.5546956062316895,3.0889125601359018
Orig,high,flowers,00017,/work/u4546465/evaluation/CAT3DGSPro_organized/flowers_00017/Orig@high.png,69.18022918701172,0.30108892917633057,0.5650114417076111,2.990700521563251
Orig,high,flowers,00018,/work/u4546465/evaluation/CAT3DGSPro_organized/flowers_00018/Orig@high.png,62.26337814331055,0.28170475363731384,0.4762023091316223,3.0800991744143467
Orig,high,flowers,00019,/work/u4546465/evaluation/CAT3DGSPro_organized/flowers_00019/Orig@high.png,67.75381469726562,0.2826550304889679,0.4819434583187103,3.0903516105309103
Orig,high,flowers,00020,/work/u4546465/evaluation/CAT3DGSPro_organized/flowers_00020/Orig@high.png,66.2937240600586,0.27433329820632935,0.5258370637893677,3.128049996156286
Orig,high,flowers,00021,/work/u4546465/evaluation/CAT3DGSPro_organized/flowers_00021/Orig@high.png,70.07066345214844,0.32017746567726135,0.5857628583908081,3.099013833325051
Orig,high,garden,00000,/work/u4546465/evaluation/CAT3DGSPro_organized/garden_00000/Orig@high.png,74.54679107666016,0.3844229280948639,0.4898596704006195,2.5677585824506197
Orig,high,garden,00001,/work/u4546465/evaluation/CAT3DGSPro_organized/garden_00001/Orig@high.png,70.63616943359375,0.38704991340637207,0.5761464238166809,2.595918503779175
Orig,high,garden,00002,/work/u4546465/evaluation/CAT3DGSPro_organized/garden_00002/Orig@high.png,72.19446563720703,0.391537070274353,0.5297881960868835,2.533300769817384
Orig,high,garden,00003,/work/u4546465/evaluation/CAT3DGSPro_organized/garden_00003/Orig@high.png,74.11351776123047,0.3863365352153778,0.5019820332527161,2.6076335936746178
Orig,high,garden,00004,/work/u4546465/evaluation/CAT3DGSPro_organized/garden_00004/Orig@high.png,72.54656219482422,0.3645037114620209,0.46979179978370667,2.452622573768402
Orig,high,garden,00005,/work/u4546465/evaluation/CAT3DGSPro_organized/garden_00005/Orig@high.png,73.10025787353516,0.3862300217151642,0.5746216177940369,2.424708082085858
Orig,high,garden,00006,/work/u4546465/evaluation/CAT3DGSPro_organized/garden_00006/Orig@high.png,73.49027252197266,0.3645627200603485,0.5906065106391907,2.6236016359839356
Orig,high,garden,00007,/work/u4546465/evaluation/CAT3DGSPro_organized/garden_00007/Orig@high.png,72.5627670288086,0.3951621949672699,0.5548463463783264,2.704355735017783
Orig,high,garden,00008,/work/u4546465/evaluation/CAT3DGSPro_organized/garden_00008/Orig@high.png,71.0414047241211,0.3779982626438141,0.6059111952781677,2.58731535067706
Orig,high,garden,00009,/work/u4546465/evaluation/CAT3DGSPro_organized/garden_00009/Orig@high.png,73.5246810913086,0.37846335768699646,0.5077671408653259,2.438973119546197
Orig,high,garden,00010,/work/u4546465/evaluation/CAT3DGSPro_organized/garden_00010/Orig@high.png,72.64751434326172,0.38688766956329346,0.5269263982772827,2.6176087180931233
Orig,high,garden,00011,/work/u4546465/evaluation/CAT3DGSPro_organized/garden_00011/Orig@high.png,73.19844055175781,0.3735405206680298,0.5773507952690125,2.45801181198363
Orig,high,garden,00012,/work/u4546465/evaluation/CAT3DGSPro_organized/garden_00012/Orig@high.png,71.69991302490234,0.3792538046836853,0.6065983176231384,2.547282143786923
Orig,high,garden,00013,/work/u4546465/evaluation/CAT3DGSPro_organized/garden_00013/Orig@high.png,73.8287353515625,0.38333234190940857,0.5864133834838867,2.519126306612822
Orig,high,garden,00014,/work/u4546465/evaluation/CAT3DGSPro_organized/garden_00014/Orig@high.png,74.13893127441406,0.3797326683998108,0.582930862903595,2.540530324878697
Orig,high,garden,00015,/work/u4546465/evaluation/CAT3DGSPro_organized/garden_00015/Orig@high.png,71.6419448852539,0.38129982352256775,0.5469205975532532,2.5895492591655436
Orig,high,garden,00016,/work/u4546465/evaluation/CAT3DGSPro_organized/garden_00016/Orig@high.png,73.14505004882812,0.3861956298351288,0.5584287643432617,2.5587453778336906
Orig,high,garden,00017,/work/u4546465/evaluation/CAT3DGSPro_organized/garden_00017/Orig@high.png,71.24514770507812,0.37517082691192627,0.48644891381263733,2.4191092586523126
Orig,high,garden,00018,/work/u4546465/evaluation/CAT3DGSPro_organized/garden_00018/Orig@high.png,73.40628814697266,0.39446574449539185,0.5353052020072937,2.5065287589949463
Orig,high,garden,00019,/work/u4546465/evaluation/CAT3DGSPro_organized/garden_00019/Orig@high.png,73.5326919555664,0.368207186460495,0.5875928997993469,2.4592431766182945
Orig,high,garden,00020,/work/u4546465/evaluation/CAT3DGSPro_organized/garden_00020/Orig@high.png,69.8843994140625,0.38877418637275696,0.5482211112976074,2.7681541161092738
Orig,high,garden,00021,/work/u4546465/evaluation/CAT3DGSPro_organized/garden_00021/Orig@high.png,71.7910385131836,0.33612528443336487,0.42887091636657715,2.4952190438918413
Orig,high,garden,00022,/work/u4546465/evaluation/CAT3DGSPro_organized/garden_00022/Orig@high.png,70.60967254638672,0.36483222246170044,0.5660590529441833,2.8135892647130314
Orig,high,garden,00023,/work/u4546465/evaluation/CAT3DGSPro_organized/garden_00023/Orig@high.png,71.4593505859375,0.3922075629234314,0.5822890400886536,2.61000575838149
Orig,high,kitchen,00000,/work/u4546465/evaluation/CAT3DGSPro_organized/kitchen_00000/Orig@high.png,64.07955169677734,0.36124682426452637,0.39342746138572693,4.608907075166198
Orig,high,kitchen,00001,/work/u4546465/evaluation/CAT3DGSPro_organized/kitchen_00001/Orig@high.png,59.499996185302734,0.2959408760070801,0.34593141078948975,4.708627994198404
Orig,high,kitchen,00002,/work/u4546465/evaluation/CAT3DGSPro_organized/kitchen_00002/Orig@high.png,66.87306213378906,0.3190677762031555,0.4086422026157379,4.148967652577133
Orig,high,kitchen,00003,/work/u4546465/evaluation/CAT3DGSPro_organized/kitchen_00003/Orig@high.png,64.65937042236328,0.34171032905578613,0.4377157390117645,4.30897626910471
Orig,high,kitchen,00004,/work/u4546465/evaluation/CAT3DGSPro_organized/kitchen_00004/Orig@high.png,70.40055084228516,0.3646187484264374,0.4545852839946747,4.329536537650027
Orig,high,kitchen,00005,/work/u4546465/evaluation/CAT3DGSPro_organized/kitchen_00005/Orig@high.png,66.55551147460938,0.32890555262565613,0.4179264008998871,4.4868321215319265
Orig,high,kitchen,00006,/work/u4546465/evaluation/CAT3DGSPro_organized/kitchen_00006/Orig@high.png,63.65049362182617,0.3589994013309479,0.38123470544815063,4.547102299414374
Orig,high,kitchen,00007,/work/u4546465/evaluation/CAT3DGSPro_organized/kitchen_00007/Orig@high.png,72.50740051269531,0.3542729616165161,0.511192798614502,4.259380535305316
Orig,high,kitchen,00008,/work/u4546465/evaluation/CAT3DGSPro_organized/kitchen_00008/Orig@high.png,68.16866302490234,0.3254150450229645,0.4360538423061371,3.8888362134123433
Orig,high,kitchen,00009,/work/u4546465/evaluation/CAT3DGSPro_organized/kitchen_00009/Orig@high.png,61.38282012939453,0.3067581355571747,0.4248541295528412,5.150040100468794
Orig,high,kitchen,00010,/work/u4546465/evaluation/CAT3DGSPro_organized/kitchen_00010/Orig@high.png,68.01610565185547,0.33679676055908203,0.4446645677089691,4.664867951841214
Orig,high,kitchen,00011,/work/u4546465/evaluation/CAT3DGSPro_organized/kitchen_00011/Orig@high.png,64.28269958496094,0.32994091510772705,0.431883305311203,4.588973749695116
Orig,high,kitchen,00012,/work/u4546465/evaluation/CAT3DGSPro_organized/kitchen_00012/Orig@high.png,68.09534454345703,0.3650754392147064,0.46083030104637146,4.234286053944972
Orig,high,kitchen,00013,/work/u4546465/evaluation/CAT3DGSPro_organized/kitchen_00013/Orig@high.png,66.86161041259766,0.3359844982624054,0.38665342330932617,4.469744906807005
Orig,high,kitchen,00014,/work/u4546465/evaluation/CAT3DGSPro_organized/kitchen_00014/Orig@high.png,70.16409301757812,0.3334003984928131,0.39476877450942993,4.062630186673261
Orig,high,kitchen,00015,/work/u4546465/evaluation/CAT3DGSPro_organized/kitchen_00015/Orig@high.png,62.057491302490234,0.32389384508132935,0.34813472628593445,5.026618261845189
Orig,high,kitchen,00016,/work/u4546465/evaluation/CAT3DGSPro_organized/kitchen_00016/Orig@high.png,65.48421478271484,0.33911916613578796,0.46336135268211365,4.094521283248562
Orig,high,kitchen,00017,/work/u4546465/evaluation/CAT3DGSPro_organized/kitchen_00017/Orig@high.png,70.71027374267578,0.32006627321243286,0.44168606400489807,4.649479541349758
Orig,high,kitchen,00018,/work/u4546465/evaluation/CAT3DGSPro_organized/kitchen_00018/Orig@high.png,65.94417572021484,0.35919517278671265,0.4427575170993805,4.302687753066317
Orig,high,kitchen,00019,/work/u4546465/evaluation/CAT3DGSPro_organized/kitchen_00019/Orig@high.png,68.16559600830078,0.31683796644210815,0.407821387052536,4.024349888630708
Orig,high,kitchen,00020,/work/u4546465/evaluation/CAT3DGSPro_organized/kitchen_00020/Orig@high.png,67.01156616210938,0.35147926211357117,0.43097296357154846,4.342192930276901
Orig,high,kitchen,00021,/work/u4546465/evaluation/CAT3DGSPro_organized/kitchen_00021/Orig@high.png,67.95287322998047,0.36032551527023315,0.5052575469017029,4.187283930286516
Orig,high,kitchen,00022,/work/u4546465/evaluation/CAT3DGSPro_organized/kitchen_00022/Orig@high.png,61.30000305175781,0.31049683690071106,0.4008232057094574,5.174226553940374
Orig,high,kitchen,00023,/work/u4546465/evaluation/CAT3DGSPro_organized/kitchen_00023/Orig@high.png,63.74025344848633,0.30801868438720703,0.3924776017665863,4.6094191150671096
Orig,high,kitchen,00024,/work/u4546465/evaluation/CAT3DGSPro_organized/kitchen_00024/Orig@high.png,70.7905044555664,0.34821388125419617,0.47260770201683044,4.421745347245255
Orig,high,kitchen,00025,/work/u4546465/evaluation/CAT3DGSPro_organized/kitchen_00025/Orig@high.png,64.47786712646484,0.29619064927101135,0.3638215661048889,4.841836150301238
Orig,high,kitchen,00026,/work/u4546465/evaluation/CAT3DGSPro_organized/kitchen_00026/Orig@high.png,67.5003433227539,0.3723861575126648,0.4734067916870117,4.178761034743755
Orig,high,kitchen,00027,/work/u4546465/evaluation/CAT3DGSPro_organized/kitchen_00027/Orig@high.png,63.71952819824219,0.31505391001701355,0.4164850413799286,4.70590689441838
Orig,high,kitchen,00028,/work/u4546465/evaluation/CAT3DGSPro_organized/kitchen_00028/Orig@high.png,71.49562072753906,0.36528661847114563,0.48133525252342224,4.186622610124659
Orig,high,kitchen,00029,/work/u4546465/evaluation/CAT3DGSPro_organized/kitchen_00029/Orig@high.png,64.74254608154297,0.34849676489830017,0.44013872742652893,4.359284173395212
Orig,high,kitchen,00030,/work/u4546465/evaluation/CAT3DGSPro_organized/kitchen_00030/Orig@high.png,68.53258514404297,0.30882784724235535,0.44377318024635315,4.394178851678005
Orig,high,kitchen,00031,/work/u4546465/evaluation/CAT3DGSPro_organized/kitchen_00031/Orig@high.png,69.56227111816406,0.3320426642894745,0.42754125595092773,4.205883710713399
Orig,high,kitchen,00032,/work/u4546465/evaluation/CAT3DGSPro_organized/kitchen_00032/Orig@high.png,64.7481460571289,0.3187958896160126,0.4513889253139496,4.259617054860734
Orig,high,kitchen,00033,/work/u4546465/evaluation/CAT3DGSPro_organized/kitchen_00033/Orig@high.png,63.1136474609375,0.3562723398208618,0.4378283619880676,4.755044496396871
Orig,high,kitchen,00034,/work/u4546465/evaluation/CAT3DGSPro_organized/kitchen_00034/Orig@high.png,70.03614807128906,0.32249173521995544,0.40902915596961975,3.813004883612086
Orig,high,room,00000,/work/u4546465/evaluation/CAT3DGSPro_organized/room_00000/Orig@high.png,44.6368522644043,0.2898692190647125,0.36201053857803345,6.183242890109701
Orig,high,room,00001,/work/u4546465/evaluation/CAT3DGSPro_organized/room_00001/Orig@high.png,44.1031379699707,0.26878124475479126,0.3347342610359192,5.123040597884328
Orig,high,room,00002,/work/u4546465/evaluation/CAT3DGSPro_organized/room_00002/Orig@high.png,57.79448699951172,0.32174065709114075,0.434671014547348,4.777381859506383
Orig,high,room,00003,/work/u4546465/evaluation/CAT3DGSPro_organized/room_00003/Orig@high.png,54.45484924316406,0.2626670300960541,0.3630591928958893,5.24926125319421
Orig,high,room,00004,/work/u4546465/evaluation/CAT3DGSPro_organized/room_00004/Orig@high.png,45.829959869384766,0.2647320032119751,0.39805588126182556,5.237028913885687
Orig,high,room,00005,/work/u4546465/evaluation/CAT3DGSPro_organized/room_00005/Orig@high.png,56.16252899169922,0.33355775475502014,0.3633057177066803,4.577566458688544
Orig,high,room,00006,/work/u4546465/evaluation/CAT3DGSPro_organized/room_00006/Orig@high.png,50.94881057739258,0.27826911211013794,0.37903475761413574,5.001934161615857
Orig,high,room,00007,/work/u4546465/evaluation/CAT3DGSPro_organized/room_00007/Orig@high.png,51.50444412231445,0.29042601585388184,0.3486493229866028,4.445802296406343
Orig,high,room,00008,/work/u4546465/evaluation/CAT3DGSPro_organized/room_00008/Orig@high.png,55.660804748535156,0.2996755540370941,0.3937098979949951,4.053691601682145
Orig,high,room,00009,/work/u4546465/evaluation/CAT3DGSPro_organized/room_00009/Orig@high.png,42.61997985839844,0.24274200201034546,0.3608289659023285,6.863724620727504
Orig,high,room,00010,/work/u4546465/evaluation/CAT3DGSPro_organized/room_00010/Orig@high.png,32.97821044921875,0.36689403653144836,0.40838584303855896,7.365851100442323
Orig,high,room,00011,/work/u4546465/evaluation/CAT3DGSPro_organized/room_00011/Orig@high.png,47.696102142333984,0.36747726798057556,0.40485379099845886,6.766505269155841
Orig,high,room,00012,/work/u4546465/evaluation/CAT3DGSPro_organized/room_00012/Orig@high.png,49.70234680175781,0.28134456276893616,0.3691443204879761,4.6962042816501315
Orig,high,room,00013,/work/u4546465/evaluation/CAT3DGSPro_organized/room_00013/Orig@high.png,43.076133728027344,0.24180085957050323,0.3054327368736267,5.563844234071498
Orig,high,room,00014,/work/u4546465/evaluation/CAT3DGSPro_organized/room_00014/Orig@high.png,54.63331985473633,0.2851513922214508,0.394136905670166,4.706852064961821
Orig,high,room,00015,/work/u4546465/evaluation/CAT3DGSPro_organized/room_00015/Orig@high.png,51.072509765625,0.28502005338668823,0.4192267954349518,4.7490593081461645
Orig,high,room,00016,/work/u4546465/evaluation/CAT3DGSPro_organized/room_00016/Orig@high.png,56.66620635986328,0.3059940040111542,0.3310447633266449,4.397970392875281
Orig,high,room,00017,/work/u4546465/evaluation/CAT3DGSPro_organized/room_00017/Orig@high.png,43.25062942504883,0.24722686409950256,0.2864838242530823,6.0176434654064535
Orig,high,room,00018,/work/u4546465/evaluation/CAT3DGSPro_organized/room_00018/Orig@high.png,57.46780776977539,0.3141913115978241,0.37922945618629456,4.429275314314918
Orig,high,room,00019,/work/u4546465/evaluation/CAT3DGSPro_organized/room_00019/Orig@high.png,41.34648513793945,0.2631520926952362,0.36416515707969666,6.3792320979402595
Orig,high,room,00020,/work/u4546465/evaluation/CAT3DGSPro_organized/room_00020/Orig@high.png,57.699066162109375,0.41018229722976685,0.425288587808609,5.0010292321717875
Orig,high,room,00021,/work/u4546465/evaluation/CAT3DGSPro_organized/room_00021/Orig@high.png,51.872772216796875,0.2636714279651642,0.3243437707424164,4.472400455926419
Orig,high,room,00022,/work/u4546465/evaluation/CAT3DGSPro_organized/room_00022/Orig@high.png,47.413787841796875,0.2637324631214142,0.31525683403015137,4.7672155389142885
Orig,high,room,00023,/work/u4546465/evaluation/CAT3DGSPro_organized/room_00023/Orig@high.png,55.70349884033203,0.28327858448028564,0.34625932574272156,4.435031675163773
Orig,high,room,00024,/work/u4546465/evaluation/CAT3DGSPro_organized/room_00024/Orig@high.png,50.99753189086914,0.2574992775917053,0.3804459273815155,5.062232466955797
Orig,high,room,00025,/work/u4546465/evaluation/CAT3DGSPro_organized/room_00025/Orig@high.png,53.36991882324219,0.28489530086517334,0.398583322763443,5.089964023326568
Orig,high,room,00026,/work/u4546465/evaluation/CAT3DGSPro_organized/room_00026/Orig@high.png,54.174644470214844,0.2974499464035034,0.39926958084106445,4.583085378508847
Orig,high,room,00027,/work/u4546465/evaluation/CAT3DGSPro_organized/room_00027/Orig@high.png,57.5335807800293,0.28000208735466003,0.411581426858902,5.094573927463696
Orig,high,room,00028,/work/u4546465/evaluation/CAT3DGSPro_organized/room_00028/Orig@high.png,58.86096954345703,0.28969237208366394,0.3337792456150055,4.539419371230451
Orig,high,room,00029,/work/u4546465/evaluation/CAT3DGSPro_organized/room_00029/Orig@high.png,56.194644927978516,0.3039293885231018,0.41064688563346863,3.9597772707094707
Orig,high,room,00030,/work/u4546465/evaluation/CAT3DGSPro_organized/room_00030/Orig@high.png,58.42354965209961,0.31236305832862854,0.36237019300460815,4.6408133163933725
Orig,high,room,00031,/work/u4546465/evaluation/CAT3DGSPro_organized/room_00031/Orig@high.png,57.9241943359375,0.33118999004364014,0.45407357811927795,4.607659212917924
Orig,high,room,00032,/work/u4546465/evaluation/CAT3DGSPro_organized/room_00032/Orig@high.png,32.80613708496094,0.2218961864709854,0.34872758388519287,6.916841809462136
Orig,high,room,00033,/work/u4546465/evaluation/CAT3DGSPro_organized/room_00033/Orig@high.png,54.916160583496094,0.2974841296672821,0.37923264503479004,4.4070139125450964
Orig,high,room,00034,/work/u4546465/evaluation/CAT3DGSPro_organized/room_00034/Orig@high.png,49.684814453125,0.2835260331630707,0.39008817076683044,5.1114092302026695
Orig,high,room,00035,/work/u4546465/evaluation/CAT3DGSPro_organized/room_00035/Orig@high.png,40.215972900390625,0.2895798087120056,0.3524111807346344,7.0750579428397575
Orig,high,room,00036,/work/u4546465/evaluation/CAT3DGSPro_organized/room_00036/Orig@high.png,46.18257141113281,0.25666362047195435,0.3651946485042572,6.4475293569368075
Orig,high,room,00037,/work/u4546465/evaluation/CAT3DGSPro_organized/room_00037/Orig@high.png,59.95600128173828,0.32391253113746643,0.34469980001449585,4.261400615949469
Orig,high,room,00038,/work/u4546465/evaluation/CAT3DGSPro_organized/room_00038/Orig@high.png,55.83734893798828,0.28315767645835876,0.3581599295139313,4.266193142499783
Orig,high,stump,00000,/work/u4546465/evaluation/CAT3DGSPro_organized/stump_00000/Orig@high.png,57.672706604003906,0.2997480630874634,0.4110736548900604,3.6734889599130036
Orig,high,stump,00001,/work/u4546465/evaluation/CAT3DGSPro_organized/stump_00001/Orig@high.png,58.00490951538086,0.2555336058139801,0.41233205795288086,3.693369351796448
Orig,high,stump,00002,/work/u4546465/evaluation/CAT3DGSPro_organized/stump_00002/Orig@high.png,57.57533645629883,0.24393779039382935,0.3694446086883545,3.8339340712001158
Orig,high,stump,00003,/work/u4546465/evaluation/CAT3DGSPro_organized/stump_00003/Orig@high.png,57.29534912109375,0.28636622428894043,0.4558890461921692,3.559245533902972
Orig,high,stump,00004,/work/u4546465/evaluation/CAT3DGSPro_organized/stump_00004/Orig@high.png,55.27384567260742,0.26247912645339966,0.45050737261772156,3.7232054075318084
Orig,high,stump,00005,/work/u4546465/evaluation/CAT3DGSPro_organized/stump_00005/Orig@high.png,57.49304962158203,0.2966253161430359,0.4002017676830292,3.63852402367617
Orig,high,stump,00006,/work/u4546465/evaluation/CAT3DGSPro_organized/stump_00006/Orig@high.png,64.48584747314453,0.2795519530773163,0.48195573687553406,3.432658157818655
Orig,high,stump,00007,/work/u4546465/evaluation/CAT3DGSPro_organized/stump_00007/Orig@high.png,52.874786376953125,0.24942007660865784,0.37225615978240967,4.124679907420531
Orig,high,stump,00008,/work/u4546465/evaluation/CAT3DGSPro_organized/stump_00008/Orig@high.png,59.70416259765625,0.2813087999820709,0.4703977704048157,3.551051016264837
Orig,high,stump,00009,/work/u4546465/evaluation/CAT3DGSPro_organized/stump_00009/Orig@high.png,55.51746368408203,0.27698084712028503,0.4191039502620697,3.872409461501378
Orig,high,stump,00010,/work/u4546465/evaluation/CAT3DGSPro_organized/stump_00010/Orig@high.png,64.90289306640625,0.2943974733352661,0.4434829652309418,3.541908240971639
Orig,high,stump,00011,/work/u4546465/evaluation/CAT3DGSPro_organized/stump_00011/Orig@high.png,57.51582717895508,0.29712754487991333,0.3665979504585266,3.6617255260412427
Orig,high,stump,00012,/work/u4546465/evaluation/CAT3DGSPro_organized/stump_00012/Orig@high.png,56.20942306518555,0.28843480348587036,0.4256928563117981,3.6257672259874996
Orig,high,stump,00013,/work/u4546465/evaluation/CAT3DGSPro_organized/stump_00013/Orig@high.png,61.569461822509766,0.2964376211166382,0.4314493238925934,3.6166187358867194
Orig,high,stump,00014,/work/u4546465/evaluation/CAT3DGSPro_organized/stump_00014/Orig@high.png,62.417015075683594,0.29051685333251953,0.4442765414714813,3.484061581067343
Orig,high,stump,00015,/work/u4546465/evaluation/CAT3DGSPro_organized/stump_00015/Orig@high.png,53.032554626464844,0.28868597745895386,0.3854711949825287,3.931910295514277
Orig,high,treehill,00000,/work/u4546465/evaluation/CAT3DGSPro_organized/treehill_00000/Orig@high.png,58.36137390136719,0.26634854078292847,0.4108475148677826,3.2560553189244565
Orig,high,treehill,00001,/work/u4546465/evaluation/CAT3DGSPro_organized/treehill_00001/Orig@high.png,58.025367736816406,0.2774010896682739,0.479060560464859,3.5486598011727506
Orig,high,treehill,00002,/work/u4546465/evaluation/CAT3DGSPro_organized/treehill_00002/Orig@high.png,56.194915771484375,0.2749235928058624,0.43547701835632324,3.354851270435374
Orig,high,treehill,00003,/work/u4546465/evaluation/CAT3DGSPro_organized/treehill_00003/Orig@high.png,60.99383544921875,0.2940131723880768,0.42679333686828613,3.074008725192104
Orig,high,treehill,00004,/work/u4546465/evaluation/CAT3DGSPro_organized/treehill_00004/Orig@high.png,49.925331115722656,0.2753535211086273,0.3910694122314453,2.980595907500323
Orig,high,treehill,00005,/work/u4546465/evaluation/CAT3DGSPro_organized/treehill_00005/Orig@high.png,41.92375946044922,0.25925976037979126,0.44544029235839844,3.333734903723728
Orig,high,treehill,00006,/work/u4546465/evaluation/CAT3DGSPro_organized/treehill_00006/Orig@high.png,59.924102783203125,0.2723197937011719,0.4690566658973694,3.429394735596803
Orig,high,treehill,00007,/work/u4546465/evaluation/CAT3DGSPro_organized/treehill_00007/Orig@high.png,48.25841522216797,0.2706359624862671,0.4465971887111664,3.087136930537474
Orig,high,treehill,00008,/work/u4546465/evaluation/CAT3DGSPro_organized/treehill_00008/Orig@high.png,60.220542907714844,0.27802565693855286,0.47376343607902527,3.461154244061943
Orig,high,treehill,00009,/work/u4546465/evaluation/CAT3DGSPro_organized/treehill_00009/Orig@high.png,58.03657150268555,0.30353400111198425,0.3970368802547455,3.297320550197994
Orig,high,treehill,00010,/work/u4546465/evaluation/CAT3DGSPro_organized/treehill_00010/Orig@high.png,52.74398422241211,0.26468998193740845,0.44181108474731445,3.7897436060498055
Orig,high,treehill,00011,/work/u4546465/evaluation/CAT3DGSPro_organized/treehill_00011/Orig@high.png,57.28351593017578,0.3016660213470459,0.4494797885417938,3.762765351687652
Orig,high,treehill,00012,/work/u4546465/evaluation/CAT3DGSPro_organized/treehill_00012/Orig@high.png,58.715911865234375,0.2870638966560364,0.46269941329956055,3.3672781255805884
Orig,high,treehill,00013,/work/u4546465/evaluation/CAT3DGSPro_organized/treehill_00013/Orig@high.png,54.96548843383789,0.2630689740180969,0.38890233635902405,3.0957380364030254
Orig,high,treehill,00014,/work/u4546465/evaluation/CAT3DGSPro_organized/treehill_00014/Orig@high.png,44.18749237060547,0.27774563431739807,0.39978983998298645,3.25142928953098
Orig,high,treehill,00015,/work/u4546465/evaluation/CAT3DGSPro_organized/treehill_00015/Orig@high.png,60.9101676940918,0.2929702401161194,0.43363794684410095,3.2075464984332576
Orig,high,treehill,00016,/work/u4546465/evaluation/CAT3DGSPro_organized/treehill_00016/Orig@high.png,57.11750030517578,0.30642879009246826,0.39481207728385925,3.3894245175147857
Orig,high,treehill,00017,/work/u4546465/evaluation/CAT3DGSPro_organized/treehill_00017/Orig@high.png,58.325653076171875,0.303880900144577,0.3900676667690277,3.4601900686151876
Orig,low,bicycle,00000,/work/u4546465/evaluation/CAT3DGSPro_organized/bicycle_00000/Orig@low.png,70.09716033935547,0.3602294325828552,0.4144483506679535,3.559055948863371
Orig,low,bicycle,00001,/work/u4546465/evaluation/CAT3DGSPro_organized/bicycle_00001/Orig@low.png,67.92340087890625,0.3011305332183838,0.3724951446056366,3.539203212344298
Orig,low,bicycle,00002,/work/u4546465/evaluation/CAT3DGSPro_organized/bicycle_00002/Orig@low.png,68.1477279663086,0.3418120741844177,0.38836559653282166,3.982827331023944
Orig,low,bicycle,00003,/work/u4546465/evaluation/CAT3DGSPro_organized/bicycle_00003/Orig@low.png,70.56517791748047,0.36807936429977417,0.39738592505455017,3.9108539598253693
Orig,low,bicycle,00004,/work/u4546465/evaluation/CAT3DGSPro_organized/bicycle_00004/Orig@low.png,63.99159622192383,0.3075629472732544,0.37517914175987244,3.945163325828301
Orig,low,bicycle,00005,/work/u4546465/evaluation/CAT3DGSPro_organized/bicycle_00005/Orig@low.png,72.3104476928711,0.37846848368644714,0.4617617130279541,4.0955522207090365
Orig,low,bicycle,00006,/work/u4546465/evaluation/CAT3DGSPro_organized/bicycle_00006/Orig@low.png,68.88571166992188,0.3537564277648926,0.39508259296417236,3.986593106503333
Orig,low,bicycle,00007,/work/u4546465/evaluation/CAT3DGSPro_organized/bicycle_00007/Orig@low.png,67.24324798583984,0.32997873425483704,0.4176371693611145,3.7617196250998894
Orig,low,bicycle,00008,/work/u4546465/evaluation/CAT3DGSPro_organized/bicycle_00008/Orig@low.png,72.64330291748047,0.3851800560951233,0.4354708790779114,4.083472218458749
Orig,low,bicycle,00009,/work/u4546465/evaluation/CAT3DGSPro_organized/bicycle_00009/Orig@low.png,72.21378326416016,0.35804957151412964,0.418823778629303,4.242590677328842
Orig,low,bicycle,00010,/work/u4546465/evaluation/CAT3DGSPro_organized/bicycle_00010/Orig@low.png,65.40296173095703,0.35293182730674744,0.3706766664981842,3.68629719097832
Orig,low,bicycle,00011,/work/u4546465/evaluation/CAT3DGSPro_organized/bicycle_00011/Orig@low.png,71.14480590820312,0.35788190364837646,0.4195953905582428,4.13871079909923
Orig,low,bicycle,00012,/work/u4546465/evaluation/CAT3DGSPro_organized/bicycle_00012/Orig@low.png,65.76388549804688,0.2997940182685852,0.3807299733161926,3.703918298733591
Orig,low,bicycle,00013,/work/u4546465/evaluation/CAT3DGSPro_organized/bicycle_00013/Orig@low.png,60.86571502685547,0.2841596305370331,0.3584102690219879,3.895684412878332
Orig,low,bicycle,00014,/work/u4546465/evaluation/CAT3DGSPro_organized/bicycle_00014/Orig@low.png,66.87603759765625,0.34491583704948425,0.37072664499282837,3.678376469988655
Orig,low,bicycle,00015,/work/u4546465/evaluation/CAT3DGSPro_organized/bicycle_00015/Orig@low.png,72.5077133178711,0.3870002031326294,0.4590296745300293,3.904815859276682
Orig,low,bicycle,00016,/work/u4546465/evaluation/CAT3DGSPro_organized/bicycle_00016/Orig@low.png,69.22057342529297,0.3550992012023926,0.40346860885620117,3.5449443955083377
Orig,low,bicycle,00017,/work/u4546465/evaluation/CAT3DGSPro_organized/bicycle_00017/Orig@low.png,58.581153869628906,0.28775790333747864,0.3672625422477722,3.903568185866289
Orig,low,bicycle,00018,/work/u4546465/evaluation/CAT3DGSPro_organized/bicycle_00018/Orig@low.png,65.30521392822266,0.3176806569099426,0.4241320788860321,3.6765299274699967
Orig,low,bicycle,00019,/work/u4546465/evaluation/CAT3DGSPro_organized/bicycle_00019/Orig@low.png,62.44561767578125,0.31693142652511597,0.4053865373134613,4.170839158141843
Orig,low,bicycle,00020,/work/u4546465/evaluation/CAT3DGSPro_organized/bicycle_00020/Orig@low.png,71.24427795410156,0.3728496730327606,0.4020059108734131,3.8445771740426933
Orig,low,bicycle,00021,/work/u4546465/evaluation/CAT3DGSPro_organized/bicycle_00021/Orig@low.png,71.24270629882812,0.36889922618865967,0.4033503532409668,3.8475807625762934
Orig,low,bicycle,00022,/work/u4546465/evaluation/CAT3DGSPro_organized/bicycle_00022/Orig@low.png,71.37565612792969,0.3982599377632141,0.45040661096572876,3.834506367333159
Orig,low,bicycle,00023,/work/u4546465/evaluation/CAT3DGSPro_organized/bicycle_00023/Orig@low.png,68.82735443115234,0.3500592112541199,0.3613123297691345,4.019231703541876
Orig,low,bicycle,00024,/work/u4546465/evaluation/CAT3DGSPro_organized/bicycle_00024/Orig@low.png,71.42817687988281,0.35878291726112366,0.4577611982822418,3.801696180857032
Orig,low,bonsai,00000,/work/u4546465/evaluation/CAT3DGSPro_organized/bonsai_00000/Orig@low.png,55.917205810546875,0.23574739694595337,0.38109156489372253,5.3234274229192575
Orig,low,bonsai,00001,/work/u4546465/evaluation/CAT3DGSPro_organized/bonsai_00001/Orig@low.png,53.32188415527344,0.2831816077232361,0.393551766872406,5.681923869959758
Orig,low,bonsai,00002,/work/u4546465/evaluation/CAT3DGSPro_organized/bonsai_00002/Orig@low.png,55.209938049316406,0.2687588930130005,0.45218488574028015,5.683827297600603
Orig,low,bonsai,00003,/work/u4546465/evaluation/CAT3DGSPro_organized/bonsai_00003/Orig@low.png,50.3427734375,0.3013894557952881,0.4589686393737793,5.933464782682118
Orig,low,bonsai,00004,/work/u4546465/evaluation/CAT3DGSPro_organized/bonsai_00004/Orig@low.png,57.69050598144531,0.25285330414772034,0.3657899498939514,5.4753772658399384
Orig,low,bonsai,00005,/work/u4546465/evaluation/CAT3DGSPro_organized/bonsai_00005/Orig@low.png,55.33308029174805,0.21090292930603027,0.3681503236293793,5.097079275122666
Orig,low,bonsai,00006,/work/u4546465/evaluation/CAT3DGSPro_organized/bonsai_00006/Orig@low.png,53.0273323059082,0.23471611738204956,0.3900793194770813,5.648972068423918
Orig,low,bonsai,00007,/work/u4546465/evaluation/CAT3DGSPro_organized/bonsai_00007/Orig@low.png,53.227474212646484,0.23681803047657013,0.37826958298683167,5.356789827464421
Orig,low,bonsai,00008,/work/u4546465/evaluation/CAT3DGSPro_organized/bonsai_00008/Orig@low.png,56.982295989990234,0.21354380249977112,0.37738874554634094,5.218864598550357
Orig,low,bonsai,00009,/work/u4546465/evaluation/CAT3DGSPro_organized/bonsai_00009/Orig@low.png,54.84970474243164,0.247324138879776,0.4167070984840393,5.273241773068972
Orig,low,bonsai,00010,/work/u4546465/evaluation/CAT3DGSPro_organized/bonsai_00010/Orig@low.png,56.240535736083984,0.2329414188861847,0.3526502549648285,5.315882000434453
Orig,low,bonsai,00011,/work/u4546465/evaluation/CAT3DGSPro_organized/bonsai_00011/Orig@low.png,56.609649658203125,0.2744952440261841,0.39217352867126465,5.255105991846978
Orig,low,bonsai,00012,/work/u4546465/evaluation/CAT3DGSPro_organized/bonsai_00012/Orig@low.png,39.4120979309082,0.22355705499649048,0.36707690358161926,6.027869018474188
Orig,low,bonsai,00013,/work/u4546465/evaluation/CAT3DGSPro_organized/bonsai_00013/Orig@low.png,52.03767776489258,0.22769127786159515,0.3275443911552429,5.337970487242553
Orig,low,bonsai,00014,/work/u4546465/evaluation/CAT3DGSPro_organized/bonsai_00014/Orig@low.png,55.17707824707031,0.22612516582012177,0.33958911895751953,5.5129845434782405
Orig,low,bonsai,00015,/work/u4546465/evaluation/CAT3DGSPro_organized/bonsai_00015/Orig@low.png,45.73027038574219,0.3296954929828644,0.49164581298828125,5.642561063626378
Orig,low,bonsai,00016,/work/u4546465/evaluation/CAT3DGSPro_organized/bonsai_00016/Orig@low.png,56.00082015991211,0.26337066292762756,0.38292065262794495,5.7043154636922715
Orig,low,bonsai,00017,/work/u4546465/evaluation/CAT3DGSPro_organized/bonsai_00017/Orig@low.png,51.4697151184082,0.2674989104270935,0.4267568588256836,5.955825362981565
Orig,low,bonsai,00018,/work/u4546465/evaluation/CAT3DGSPro_organized/bonsai_00018/Orig@low.png,58.63569641113281,0.24686813354492188,0.33210015296936035,5.128755288915139
Orig,low,bonsai,00019,/work/u4546465/evaluation/CAT3DGSPro_organized/bonsai_00019/Orig@low.png,57.18572235107422,0.2542364001274109,0.46721982955932617,5.463928443481103
Orig,low,bonsai,00020,/work/u4546465/evaluation/CAT3DGSPro_organized/bonsai_00020/Orig@low.png,50.406795501708984,0.22093991935253143,0.3135361969470978,5.379147183268158
Orig,low,bonsai,00021,/work/u4546465/evaluation/CAT3DGSPro_organized/bonsai_00021/Orig@low.png,52.908504486083984,0.25064608454704285,0.3632000982761383,5.732031434396245
Orig,low,bonsai,00022,/work/u4546465/evaluation/CAT3DGSPro_organized/bonsai_00022/Orig@low.png,54.60626983642578,0.2767646014690399,0.37831395864486694,5.701279629614929
Orig,low,bonsai,00023,/work/u4546465/evaluation/CAT3DGSPro_organized/bonsai_00023/Orig@low.png,51.69707489013672,0.2700716257095337,0.38455668091773987,5.591619736797107
Orig,low,bonsai,00024,/work/u4546465/evaluation/CAT3DGSPro_organized/bonsai_00024/Orig@low.png,58.05506134033203,0.24691133201122284,0.4331946074962616,5.555207112872434
Orig,low,bonsai,00025,/work/u4546465/evaluation/CAT3DGSPro_organized/bonsai_00025/Orig@low.png,52.849884033203125,0.2541413903236389,0.3787061870098114,5.700157342158692
Orig,low,bonsai,00026,/work/u4546465/evaluation/CAT3DGSPro_organized/bonsai_00026/Orig@low.png,51.809043884277344,0.2854565382003784,0.3973638713359833,5.776957010472224
Orig,low,bonsai,00027,/work/u4546465/evaluation/CAT3DGSPro_organized/bonsai_00027/Orig@low.png,55.949951171875,0.24788637459278107,0.4207685887813568,5.184545790727258
Orig,low,bonsai,00028,/work/u4546465/evaluation/CAT3DGSPro_organized/bonsai_00028/Orig@low.png,58.22081756591797,0.2766144573688507,0.3621230125427246,5.468094264728973
Orig,low,bonsai,00029,/work/u4546465/evaluation/CAT3DGSPro_organized/bonsai_00029/Orig@low.png,57.85406494140625,0.2506379783153534,0.4675106108188629,5.446841934903982
Orig,low,bonsai,00030,/work/u4546465/evaluation/CAT3DGSPro_organized/bonsai_00030/Orig@low.png,53.068382263183594,0.275570273399353,0.40094733238220215,5.473084534838266
Orig,low,bonsai,00031,/work/u4546465/evaluation/CAT3DGSPro_organized/bonsai_00031/Orig@low.png,42.858360290527344,0.21332953870296478,0.3601652681827545,5.7850410039323625
Orig,low,bonsai,00032,/work/u4546465/evaluation/CAT3DGSPro_organized/bonsai_00032/Orig@low.png,52.11614990234375,0.23466821014881134,0.33062875270843506,5.313876491813561
Orig,low,bonsai,00033,/work/u4546465/evaluation/CAT3DGSPro_organized/bonsai_00033/Orig@low.png,54.4181022644043,0.24919867515563965,0.3969087302684784,5.253919689371249
Orig,low,bonsai,00034,/work/u4546465/evaluation/CAT3DGSPro_organized/bonsai_00034/Orig@low.png,51.7344856262207,0.2884666621685028,0.40986332297325134,5.613781128533533
Orig,low,bonsai,00035,/work/u4546465/evaluation/CAT3DGSPro_organized/bonsai_00035/Orig@low.png,46.39535140991211,0.27120256423950195,0.3949967622756958,5.764900811440409
Orig,low,bonsai,00036,/work/u4546465/evaluation/CAT3DGSPro_organized/bonsai_00036/Orig@low.png,51.05292510986328,0.25484123826026917,0.37177473306655884,5.400599448301223
Orig,low,counter,00000,/work/u4546465/evaluation/CAT3DGSPro_organized/counter_00000/Orig@low.png,56.002647399902344,0.25768768787384033,0.3408849835395813,5.348983009268262
Orig,low,counter,00001,/work/u4546465/evaluation/CAT3DGSPro_organized/counter_00001/Orig@low.png,53.30149841308594,0.28359314799308777,0.34690022468566895,5.311955970871372
Orig,low,counter,00002,/work/u4546465/evaluation/CAT3DGSPro_organized/counter_00002/Orig@low.png,49.52238845825195,0.25247496366500854,0.3340586721897125,5.262089417172576
Orig,low,counter,00003,/work/u4546465/evaluation/CAT3DGSPro_organized/counter_00003/Orig@low.png,53.90966033935547,0.2897357642650604,0.39151668548583984,5.4426334865884
Orig,low,counter,00004,/work/u4546465/evaluation/CAT3DGSPro_organized/counter_00004/Orig@low.png,51.777488708496094,0.24404779076576233,0.38540056347846985,5.576104643047297
Orig,low,counter,00005,/work/u4546465/evaluation/CAT3DGSPro_organized/counter_00005/Orig@low.png,53.992916107177734,0.2273085117340088,0.34034058451652527,5.161418134298187
Orig,low,counter,00006,/work/u4546465/evaluation/CAT3DGSPro_organized/counter_00006/Orig@low.png,54.1956787109375,0.28340432047843933,0.3286326825618744,5.058550898362461
Orig,low,counter,00007,/work/u4546465/evaluation/CAT3DGSPro_organized/counter_00007/Orig@low.png,48.788047790527344,0.22696487605571747,0.34085169434547424,5.9983616435770735
Orig,low,counter,00008,/work/u4546465/evaluation/CAT3DGSPro_organized/counter_00008/Orig@low.png,53.240726470947266,0.24680817127227783,0.32487940788269043,5.453629808266949
Orig,low,counter,00009,/work/u4546465/evaluation/CAT3DGSPro_organized/counter_00009/Orig@low.png,52.58220672607422,0.24623914062976837,0.3709500730037689,5.0821512225615155
Orig,low,counter,00010,/work/u4546465/evaluation/CAT3DGSPro_organized/counter_00010/Orig@low.png,53.20485305786133,0.25690722465515137,0.296856552362442,5.307719023504792
Orig,low,counter,00011,/work/u4546465/evaluation/CAT3DGSPro_organized/counter_00011/Orig@low.png,50.56719207763672,0.2737008035182953,0.3362177610397339,5.589389791259802
Orig,low,counter,00012,/work/u4546465/evaluation/CAT3DGSPro_organized/counter_00012/Orig@low.png,46.989044189453125,0.25237271189689636,0.33906054496765137,5.929673485892889
Orig,low,counter,00013,/work/u4546465/evaluation/CAT3DGSPro_organized/counter_00013/Orig@low.png,55.605812072753906,0.2755071520805359,0.3737889528274536,5.269659269788677
Orig,low,counter,00014,/work/u4546465/evaluation/CAT3DGSPro_organized/counter_00014/Orig@low.png,42.10344696044922,0.22567422688007355,0.38850489258766174,6.351857415899284
Orig,low,counter,00015,/work/u4546465/evaluation/CAT3DGSPro_organized/counter_00015/Orig@low.png,52.09922409057617,0.25790414214134216,0.30429741740226746,5.464934984079978
Orig,low,counter,00016,/work/u4546465/evaluation/CAT3DGSPro_organized/counter_00016/Orig@low.png,45.45343017578125,0.23058176040649414,0.31209641695022583,5.652768935492643
Orig,low,counter,00017,/work/u4546465/evaluation/CAT3DGSPro_organized/counter_00017/Orig@low.png,47.52577209472656,0.24585410952568054,0.3274707496166229,6.0063796473101565
Orig,low,counter,00018,/work/u4546465/evaluation/CAT3DGSPro_organized/counter_00018/Orig@low.png,41.794334411621094,0.239566370844841,0.3111278712749481,5.817499307891021
Orig,low,counter,00019,/work/u4546465/evaluation/CAT3DGSPro_organized/counter_00019/Orig@low.png,51.85380935668945,0.2545081079006195,0.2992720603942871,6.4434218097384655
Orig,low,counter,00020,/work/u4546465/evaluation/CAT3DGSPro_organized/counter_00020/Orig@low.png,42.53595733642578,0.27603644132614136,0.4142451882362366,6.77305245014625
Orig,low,counter,00021,/work/u4546465/evaluation/CAT3DGSPro_organized/counter_00021/Orig@low.png,48.73305892944336,0.2548463046550751,0.3161134421825409,6.483090672952967
Orig,low,counter,00022,/work/u4546465/evaluation/CAT3DGSPro_organized/counter_00022/Orig@low.png,49.711204528808594,0.2354602962732315,0.32707732915878296,5.431142433725226
Orig,low,counter,00023,/work/u4546465/evaluation/CAT3DGSPro_organized/counter_00023/Orig@low.png,37.323768615722656,0.25201988220214844,0.35011908411979675,5.973161682112441
Orig,low,counter,00024,/work/u4546465/evaluation/CAT3DGSPro_organized/counter_00024/Orig@low.png,44.89990234375,0.2551703453063965,0.2949455678462982,5.9017983153680325
Orig,low,counter,00025,/work/u4546465/evaluation/CAT3DGSPro_organized/counter_00025/Orig@low.png,53.06584167480469,0.23553574085235596,0.31241902709007263,5.305298606491722
Orig,low,counter,00026,/work/u4546465/evaluation/CAT3DGSPro_organized/counter_00026/Orig@low.png,51.21666717529297,0.2625560760498047,0.37242817878723145,5.225429719866994
Orig,low,counter,00027,/work/u4546465/evaluation/CAT3DGSPro_organized/counter_00027/Orig@low.png,53.744476318359375,0.2624707818031311,0.2995903193950653,5.346567595776465
Orig,low,counter,00028,/work/u4546465/evaluation/CAT3DGSPro_organized/counter_00028/Orig@low.png,46.35890197753906,0.22894756495952606,0.3161852955818176,5.66363273675339
Orig,low,counter,00029,/work/u4546465/evaluation/CAT3DGSPro_organized/counter_00029/Orig@low.png,57.145835876464844,0.2958871126174927,0.3811079263687134,5.0293411327252135
Orig,low,flowers,00000,/work/u4546465/evaluation/CAT3DGSPro_organized/flowers_00000/Orig@low.png,63.00264358520508,0.2683356702327728,0.4811694324016571,3.937852174643751
Orig,low,flowers,00001,/work/u4546465/evaluation/CAT3DGSPro_organized/flowers_00001/Orig@low.png,62.21493911743164,0.2729184627532959,0.48133715987205505,3.9119665019958605
Orig,low,flowers,00002,/work/u4546465/evaluation/CAT3DGSPro_organized/flowers_00002/Orig@low.png,61.018001556396484,0.26913169026374817,0.4600914418697357,4.104832526694698
Orig,low,flowers,00003,/work/u4546465/evaluation/CAT3DGSPro_organized/flowers_00003/Orig@low.png,64.08296203613281,0.2727796733379364,0.5062800049781799,3.92528001976959
Orig,low,flowers,00004,/work/u4546465/evaluation/CAT3DGSPro_organized/flowers_00004/Orig@low.png,58.88684844970703,0.25359946489334106,0.41742515563964844,4.539040929787472
Orig,low,flowers,00005,/work/u4546465/evaluation/CAT3DGSPro_organized/flowers_00005/Orig@low.png,65.61597442626953,0.26320990920066833,0.45891252160072327,4.062136103216773
Orig,low,flowers,00006,/work/u4546465/evaluation/CAT3DGSPro_organized/flowers_00006/Orig@low.png,61.93181610107422,0.25739744305610657,0.47054266929626465,4.108347752645588
Orig,low,flowers,00007,/work/u4546465/evaluation/CAT3DGSPro_organized/flowers_00007/Orig@low.png,63.58356475830078,0.27903813123703003,0.5047541260719299,3.9752787658155553
Orig,low,flowers,00008,/work/u4546465/evaluation/CAT3DGSPro_organized/flowers_00008/Orig@low.png,66.04200744628906,0.26270821690559387,0.4712188243865967,3.791589583025229
Orig,low,flowers,00009,/work/u4546465/evaluation/CAT3DGSPro_organized/flowers_00009/Orig@low.png,63.126312255859375,0.2819368243217468,0.533945620059967,3.8211797431791137
Orig,low,flowers,00010,/work/u4546465/evaluation/CAT3DGSPro_organized/flowers_00010/Orig@low.png,66.59516143798828,0.2826851010322571,0.5094696879386902,3.9387856755505597
Orig,low,flowers,00011,/work/u4546465/evaluation/CAT3DGSPro_organized/flowers_00011/Orig@low.png,59.90403366088867,0.2724149525165558,0.4885597825050354,3.99446286637027
Orig,low,flowers,00012,/work/u4546465/evaluation/CAT3DGSPro_organized/flowers_00012/Orig@low.png,51.281822204589844,0.23685188591480255,0.42572927474975586,4.550505379836577
Orig,low,flowers,00013,/work/u4546465/evaluation/CAT3DGSPro_organized/flowers_00013/Orig@low.png,62.151973724365234,0.2714664041996002,0.49849510192871094,3.9734991834583906
Orig,low,flowers,00014,/work/u4546465/evaluation/CAT3DGSPro_organized/flowers_00014/Orig@low.png,64.7006607055664,0.2735159397125244,0.4702063202857971,3.951582533735656
Orig,low,flowers,00015,/work/u4546465/evaluation/CAT3DGSPro_organized/flowers_00015/Orig@low.png,56.080047607421875,0.24836188554763794,0.42998820543289185,4.198969673055392
Orig,low,flowers,00016,/work/u4546465/evaluation/CAT3DGSPro_organized/flowers_00016/Orig@low.png,62.97461700439453,0.2645483613014221,0.46226367354393005,4.007091928672783
Orig,low,flowers,00017,/work/u4546465/evaluation/CAT3DGSPro_organized/flowers_00017/Orig@low.png,66.4007568359375,0.27260658144950867,0.4984779357910156,3.8692911210812886
Orig,low,flowers,00018,/work/u4546465/evaluation/CAT3DGSPro_organized/flowers_00018/Orig@low.png,52.41160202026367,0.23305697739124298,0.40398404002189636,4.444333292288303
Orig,low,flowers,00019,/work/u4546465/evaluation/CAT3DGSPro_organized/flowers_00019/Orig@low.png,62.389122009277344,0.24552330374717712,0.42029595375061035,4.391822457912203
Orig,low,flowers,00020,/work/u4546465/evaluation/CAT3DGSPro_organized/flowers_00020/Orig@low.png,61.04005432128906,0.25266894698143005,0.44757071137428284,4.1103371641128925
Orig,low,flowers,00021,/work/u4546465/evaluation/CAT3DGSPro_organized/flowers_00021/Orig@low.png,65.24512481689453,0.2851066291332245,0.5149383544921875,3.7270655808881834
Orig,low,garden,00000,/work/u4546465/evaluation/CAT3DGSPro_organized/garden_00000/Orig@low.png,73.88741302490234,0.3861367404460907,0.4705324172973633,3.4571342866477446
Orig,low,garden,00001,/work/u4546465/evaluation/CAT3DGSPro_organized/garden_00001/Orig@low.png,66.23270416259766,0.356388121843338,0.48347917199134827,3.4824982245827854
Orig,low,garden,00002,/work/u4546465/evaluation/CAT3DGSPro_organized/garden_00002/Orig@low.png,70.07115173339844,0.38990017771720886,0.4779123365879059,3.3367459510952964
Orig,low,garden,00003,/work/u4546465/evaluation/CAT3DGSPro_organized/garden_00003/Orig@low.png,72.98749542236328,0.39027515053749084,0.43999966979026794,3.4257136825244645
Orig,low,garden,00004,/work/u4546465/evaluation/CAT3DGSPro_organized/garden_00004/Orig@low.png,67.45037841796875,0.32424938678741455,0.3878322243690491,3.190996761234167
Orig,low,garden,00005,/work/u4546465/evaluation/CAT3DGSPro_organized/garden_00005/Orig@low.png,72.1783218383789,0.37316638231277466,0.5066192746162415,3.1820822766759638
Orig,low,garden,00006,/work/u4546465/evaluation/CAT3DGSPro_organized/garden_00006/Orig@low.png,69.23699188232422,0.3481697738170624,0.5093674063682556,3.128322982926841
Orig,low,garden,00007,/work/u4546465/evaluation/CAT3DGSPro_organized/garden_00007/Orig@low.png,71.68425750732422,0.4135623276233673,0.5211625695228577,3.4939240694957836
Orig,low,garden,00008,/work/u4546465/evaluation/CAT3DGSPro_organized/garden_00008/Orig@low.png,67.0151596069336,0.3697395920753479,0.506684422492981,3.527349727822088
Orig,low,garden,00009,/work/u4546465/evaluation/CAT3DGSPro_organized/garden_00009/Orig@low.png,71.37077331542969,0.3651701807975769,0.43070974946022034,3.2285401162494245
Orig,low,garden,00010,/work/u4546465/evaluation/CAT3DGSPro_organized/garden_00010/Orig@low.png,71.51473999023438,0.3658320903778076,0.4435758590698242,3.4090914059041664
Orig,low,garden,00011,/work/u4546465/evaluation/CAT3DGSPro_organized/garden_00011/Orig@low.png,71.76693725585938,0.37643200159072876,0.5109673738479614,3.1703235237229896
Orig,low,garden,00012,/work/u4546465/evaluation/CAT3DGSPro_organized/garden_00012/Orig@low.png,69.0984115600586,0.36942896246910095,0.5178481936454773,3.5250211577002966
Orig,low,garden,00013,/work/u4546465/evaluation/CAT3DGSPro_organized/garden_00013/Orig@low.png,73.80753326416016,0.3834091126918793,0.5155417919158936,3.370226369532604
Orig,low,garden,00014,/work/u4546465/evaluation/CAT3DGSPro_organized/garden_00014/Orig@low.png,73.24346923828125,0.38809114694595337,0.5127178430557251,3.393503320095531
Orig,low,garden,00015,/work/u4546465/evaluation/CAT3DGSPro_organized/garden_00015/Orig@low.png,70.30439758300781,0.38167163729667664,0.49914342164993286,3.371168946712889
Orig,low,garden,00016,/work/u4546465/evaluation/CAT3DGSPro_organized/garden_00016/Orig@low.png,74.076904296875,0.39626532793045044,0.5242040753364563,3.3694566013367933
Orig,low,garden,00017,/work/u4546465/evaluation/CAT3DGSPro_organized/garden_00017/Orig@low.png,68.70240020751953,0.3536446690559387,0.42711004614830017,3.228436917554555
Orig,low,garden,00018,/work/u4546465/evaluation/CAT3DGSPro_organized/garden_00018/Orig@low.png,69.98694610595703,0.3588215112686157,0.45159679651260376,3.277864590951302
Orig,low,garden,00019,/work/u4546465/evaluation/CAT3DGSPro_organized/garden_00019/Orig@low.png,69.55000305175781,0.33761584758758545,0.518258810043335,3.2142023906381203
Orig,low,garden,00020,/work/u4546465/evaluation/CAT3DGSPro_organized/garden_00020/Orig@low.png,70.49797058105469,0.4122605323791504,0.5506110191345215,3.619112338621382
Orig,low,garden,00021,/work/u4546465/evaluation/CAT3DGSPro_organized/garden_00021/Orig@low.png,68.31338500976562,0.3216010332107544,0.4180453419685364,3.307962727191992
Orig,low,garden,00022,/work/u4546465/evaluation/CAT3DGSPro_organized/garden_00022/Orig@low.png,66.67230987548828,0.3370421528816223,0.48480144143104553,3.2849715915091244
Orig,low,garden,00023,/work/u4546465/evaluation/CAT3DGSPro_organized/garden_00023/Orig@low.png,68.1639175415039,0.381981760263443,0.5048155784606934,3.3621606840321503
Orig,low,kitchen,00000,/work/u4546465/evaluation/CAT3DGSPro_organized/kitchen_00000/Orig@low.png,57.90691375732422,0.3183248043060303,0.3264615535736084,4.937478833109007
Orig,low,kitchen,00001,/work/u4546465/evaluation/CAT3DGSPro_organized/kitchen_00001/Orig@low.png,53.852027893066406,0.2518736720085144,0.32553282380104065,5.157487496216067
Orig,low,kitchen,00002,/work/u4546465/evaluation/CAT3DGSPro_organized/kitchen_00002/Orig@low.png,59.32103729248047,0.27885696291923523,0.3666260838508606,4.419351883396796
Orig,low,kitchen,00003,/work/u4546465/evaluation/CAT3DGSPro_organized/kitchen_00003/Orig@low.png,60.566741943359375,0.3157865107059479,0.3352871537208557,4.485142855442047
Orig,low,kitchen,00004,/work/u4546465/evaluation/CAT3DGSPro_organized/kitchen_00004/Orig@low.png,65.5722427368164,0.3276229798793793,0.3985786437988281,4.643554446391249
Orig,low,kitchen,00005,/work/u4546465/evaluation/CAT3DGSPro_organized/kitchen_00005/Orig@low.png,61.18364715576172,0.3021080493927002,0.37989574670791626,4.882474272636508
Orig,low,kitchen,00006,/work/u4546465/evaluation/CAT3DGSPro_organized/kitchen_00006/Orig@low.png,58.08158493041992,0.3246152102947235,0.31780314445495605,4.7913392229220175
Orig,low,kitchen,00007,/work/u4546465/evaluation/CAT3DGSPro_organized/kitchen_00007/Orig@low.png,66.27303314208984,0.32824134826660156,0.45012837648391724,4.582042558397661
Orig,low,kitchen,00008,/work/u4546465/evaluation/CAT3DGSPro_organized/kitchen_00008/Orig@low.png,60.138427734375,0.29133614897727966,0.3842110335826874,4.098973982740762
Orig,low,kitchen,00009,/work/u4546465/evaluation/CAT3DGSPro_organized/kitchen_00009/Orig@low.png,55.353233337402344,0.27305641770362854,0.3760848343372345,5.167386272326452
Orig,low,kitchen,00010,/work/u4546465/evaluation/CAT3DGSPro_organized/kitchen_00010/Orig@low.png,63.386627197265625,0.29599571228027344,0.41017022728919983,5.012535125974146
Orig,low,kitchen,00011,/work/u4546465/evaluation/CAT3DGSPro_organized/kitchen_00011/Orig@low.png,60.51283645629883,0.30307114124298096,0.3698608875274658,4.9182670116894895
Orig,low,kitchen,00012,/work/u4546465/evaluation/CAT3DGSPro_organized/kitchen_00012/Orig@low.png,62.71397399902344,0.34178078174591064,0.38699135184288025,4.611876856030287
Orig,low,kitchen,00013,/work/u4546465/evaluation/CAT3DGSPro_organized/kitchen_00013/Orig@low.png,58.51291275024414,0.31453877687454224,0.36767393350601196,4.57372891516701
Orig,low,kitchen,00014,/work/u4546465/evaluation/CAT3DGSPro_organized/kitchen_00014/Orig@low.png,63.36599349975586,0.29470181465148926,0.3539845943450928,4.313975461994227
Orig,low,kitchen,00015,/work/u4546465/evaluation/CAT3DGSPro_organized/kitchen_00015/Orig@low.png,55.250335693359375,0.2911015748977661,0.34065744280815125,5.388326940673321
Orig,low,kitchen,00016,/work/u4546465/evaluation/CAT3DGSPro_organized/kitchen_00016/Orig@low.png,63.050498962402344,0.3082803785800934,0.3979748785495758,4.556357066546506
Orig,low,kitchen,00017,/work/u4546465/evaluation/CAT3DGSPro_organized/kitchen_00017/Orig@low.png,63.60801696777344,0.2779095470905304,0.3976866900920868,4.956351485720856
Orig,low,kitchen,00018,/work/u4546465/evaluation/CAT3DGSPro_organized/kitchen_00018/Orig@low.png,60.206871032714844,0.3281445801258087,0.369810551404953,4.253063279687223
Orig,low,kitchen,00019,/work/u4546465/evaluation/CAT3DGSPro_organized/kitchen_00019/Orig@low.png,62.833702087402344,0.2917484641075134,0.37546733021736145,4.278930802308687
Orig,low,kitchen,00020,/work/u4546465/evaluation/CAT3DGSPro_organized/kitchen_00020/Orig@low.png,61.822757720947266,0.3274453282356262,0.35115379095077515,4.6026152158231355
Orig,low,kitchen,00021,/work/u4546465/evaluation/CAT3DGSPro_organized/kitchen_00021/Orig@low.png,63.58697509765625,0.34704676270484924,0.4128052890300751,4.5764806542049
Orig,low,kitchen,00022,/work/u4546465/evaluation/CAT3DGSPro_organized/kitchen_00022/Orig@low.png,55.1199836730957,0.26474347710609436,0.37993261218070984,5.194609024323165
Orig,low,kitchen,00023,/work/u4546465/evaluation/CAT3DGSPro_organized/kitchen_00023/Orig@low.png,57.28499984741211,0.2885648012161255,0.3650757968425751,4.781707607219581
Orig,low,kitchen,00024,/work/u4546465/evaluation/CAT3DGSPro_organized/kitchen_00024/Orig@low.png,65.55779266357422,0.3195846974849701,0.42971163988113403,4.7546055511102
Orig,low,kitchen,00025,/work/u4546465/evaluation/CAT3DGSPro_organized/kitchen_00025/Orig@low.png,58.283363342285156,0.27171075344085693,0.3522113859653473,5.05023974501248
Orig,low,kitchen,00026,/work/u4546465/evaluation/CAT3DGSPro_organized/kitchen_00026/Orig@low.png,63.29376983642578,0.3424489498138428,0.4230947494506836,4.305972573977038
Orig,low,kitchen,00027,/work/u4546465/evaluation/CAT3DGSPro_organized/kitchen_00027/Orig@low.png,59.341896057128906,0.29428088665008545,0.4097346365451813,4.736275631824297
Orig,low,kitchen,00028,/work/u4546465/evaluation/CAT3DGSPro_organized/kitchen_00028/Orig@low.png,66.21617126464844,0.32758376002311707,0.4268758296966553,4.576946934337845
Orig,low,kitchen,00029,/work/u4546465/evaluation/CAT3DGSPro_organized/kitchen_00029/Orig@low.png,58.772727966308594,0.3184411823749542,0.4189663529396057,4.457715762790289
Orig,low,kitchen,00030,/work/u4546465/evaluation/CAT3DGSPro_organized/kitchen_00030/Orig@low.png,59.833492279052734,0.2681691646575928,0.40481486916542053,4.839584861243436
Orig,low,kitchen,00031,/work/u4546465/evaluation/CAT3DGSPro_organized/kitchen_00031/Orig@low.png,62.984317779541016,0.2942943274974823,0.4073519706726074,4.42615027641168
Orig,low,kitchen,00032,/work/u4546465/evaluation/CAT3DGSPro_organized/kitchen_00032/Orig@low.png,61.826080322265625,0.2962356209754944,0.365651935338974,4.592073161742659
Orig,low,kitchen,00033,/work/u4546465/evaluation/CAT3DGSPro_organized/kitchen_00033/Orig@low.png,59.27320861816406,0.31402549147605896,0.36041346192359924,5.010682145485556
Orig,low,kitchen,00034,/work/u4546465/evaluation/CAT3DGSPro_organized/kitchen_00034/Orig@low.png,64.82506561279297,0.29503339529037476,0.38852933049201965,4.034138731078796
Orig,low,room,00000,/work/u4546465/evaluation/CAT3DGSPro_organized/room_00000/Orig@low.png,35.58289337158203,0.2684009373188019,0.28841960430145264,8.55012682626743
Orig,low,room,00001,/work/u4546465/evaluation/CAT3DGSPro_organized/room_00001/Orig@low.png,41.56325149536133,0.2696384787559509,0.3198619484901428,6.844616282108753
Orig,low,room,00002,/work/u4546465/evaluation/CAT3DGSPro_organized/room_00002/Orig@low.png,49.21018981933594,0.29868853092193604,0.3656478524208069,5.648998221297658
Orig,low,room,00003,/work/u4546465/evaluation/CAT3DGSPro_organized/room_00003/Orig@low.png,52.81281280517578,0.2672281563282013,0.38385510444641113,5.951978801546469
Orig,low,room,00004,/work/u4546465/evaluation/CAT3DGSPro_organized/room_00004/Orig@low.png,40.13770294189453,0.2646563649177551,0.3585023880004883,6.835464365731365
Orig,low,room,00005,/work/u4546465/evaluation/CAT3DGSPro_organized/room_00005/Orig@low.png,43.05680465698242,0.30565938353538513,0.3172140121459961,6.485406853033144
Orig,low,room,00006,/work/u4546465/evaluation/CAT3DGSPro_organized/room_00006/Orig@low.png,45.93429183959961,0.2788217067718506,0.33210617303848267,6.460227330297247
Orig,low,room,00007,/work/u4546465/evaluation/CAT3DGSPro_organized/room_00007/Orig@low.png,43.22573471069336,0.26149481534957886,0.30665209889411926,6.355179265320499
Orig,low,room,00008,/work/u4546465/evaluation/CAT3DGSPro_organized/room_00008/Orig@low.png,48.959774017333984,0.26694127917289734,0.30786752700805664,6.26796568111454
Orig,low,room,00009,/work/u4546465/evaluation/CAT3DGSPro_organized/room_00009/Orig@low.png,39.47800064086914,0.2529156804084778,0.378282368183136,7.200234155981894
Orig,low,room,00010,/work/u4546465/evaluation/CAT3DGSPro_organized/room_00010/Orig@low.png,30.66594886779785,0.37894207239151,0.4377017617225647,8.347211588941397
Orig,low,room,00011,/work/u4546465/evaluation/CAT3DGSPro_organized/room_00011/Orig@low.png,44.22466278076172,0.3829871416091919,0.39243292808532715,8.097713691171162
Orig,low,room,00012,/work/u4546465/evaluation/CAT3DGSPro_organized/room_00012/Orig@low.png,41.529541015625,0.2566019296646118,0.3383556604385376,6.564371878416878
Orig,low,room,00013,/work/u4546465/evaluation/CAT3DGSPro_organized/room_00013/Orig@low.png,40.490394592285156,0.23273895680904388,0.28196507692337036,8.101344814777415
Orig,low,room,00014,/work/u4546465/evaluation/CAT3DGSPro_organized/room_00014/Orig@low.png,47.27891540527344,0.2729068100452423,0.33479028940200806,6.328362388140332
Orig,low,room,00015,/work/u4546465/evaluation/CAT3DGSPro_organized/room_00015/Orig@low.png,47.030418395996094,0.27122703194618225,0.3460014760494232,5.70445113242328
Orig,low,room,00016,/work/u4546465/evaluation/CAT3DGSPro_organized/room_00016/Orig@low.png,47.90156555175781,0.27239280939102173,0.28116342425346375,6.538696672989369
Orig,low,room,00017,/work/u4546465/evaluation/CAT3DGSPro_organized/room_00017/Orig@low.png,39.154541015625,0.2313806116580963,0.2600076198577881,7.945752756619826
Orig,low,room,00018,/work/u4546465/evaluation/CAT3DGSPro_organized/room_00018/Orig@low.png,51.64333724975586,0.29143866896629333,0.336178719997406,5.767893770586985
Orig,low,room,00019,/work/u4546465/evaluation/CAT3DGSPro_organized/room_00019/Orig@low.png,35.88796615600586,0.2644605338573456,0.3512943685054779,8.35862485744504
Orig,low,room,00020,/work/u4546465/evaluation/CAT3DGSPro_organized/room_00020/Orig@low.png,43.361122131347656,0.4046429991722107,0.3829716145992279,7.097921183176679
Orig,low,room,00021,/work/u4546465/evaluation/CAT3DGSPro_organized/room_00021/Orig@low.png,41.626869201660156,0.23985974490642548,0.2710273861885071,6.564384641159215
Orig,low,room,00022,/work/u4546465/evaluation/CAT3DGSPro_organized/room_00022/Orig@low.png,42.54086685180664,0.24889829754829407,0.2895112931728363,6.470483633380391
Orig,low,room,00023,/work/u4546465/evaluation/CAT3DGSPro_organized/room_00023/Orig@low.png,45.8401985168457,0.25918397307395935,0.28818413615226746,6.1737805243628205
Orig,low,room,00024,/work/u4546465/evaluation/CAT3DGSPro_organized/room_00024/Orig@low.png,49.805625915527344,0.2484552413225174,0.3550146520137787,5.973449181635206
Orig,low,room,00025,/work/u4546465/evaluation/CAT3DGSPro_organized/room_00025/Orig@low.png,46.73175811767578,0.2712245285511017,0.3413028419017792,7.274445519823678
Orig,low,room,00026,/work/u4546465/evaluation/CAT3DGSPro_organized/room_00026/Orig@low.png,46.4808349609375,0.2841102182865143,0.32845717668533325,5.710724649138139
Orig,low,room,00027,/work/u4546465/evaluation/CAT3DGSPro_organized/room_00027/Orig@low.png,56.77670669555664,0.278043657541275,0.4083223044872284,5.774152460540757
Orig,low,room,00028,/work/u4546465/evaluation/CAT3DGSPro_organized/room_00028/Orig@low.png,49.548641204833984,0.2662292420864105,0.3199074864387512,5.839057859380199
Orig,low,room,00029,/work/u4546465/evaluation/CAT3DGSPro_organized/room_00029/Orig@low.png,44.47893142700195,0.26324400305747986,0.3170301616191864,6.074542053530447
Orig,low,room,00030,/work/u4546465/evaluation/CAT3DGSPro_organized/room_00030/Orig@low.png,53.703948974609375,0.29510581493377686,0.3296838700771332,5.741826329246935
Orig,low,room,00031,/work/u4546465/evaluation/CAT3DGSPro_organized/room_00031/Orig@low.png,50.97509002685547,0.30778995156288147,0.3987857401371002,5.612155256731394
Orig,low,room,00032,/work/u4546465/evaluation/CAT3DGSPro_organized/room_00032/Orig@low.png,29.659448623657227,0.2262105494737625,0.37848329544067383,7.1489582033083545
Orig,low,room,00033,/work/u4546465/evaluation/CAT3DGSPro_organized/room_00033/Orig@low.png,47.244606018066406,0.2753883898258209,0.3188726305961609,6.293539101565082
Orig,low,room,00034,/work/u4546465/evaluation/CAT3DGSPro_organized/room_00034/Orig@low.png,41.32355499267578,0.2633645832538605,0.3307904601097107,8.006726663685585
Orig,low,room,00035,/work/u4546465/evaluation/CAT3DGSPro_organized/room_00035/Orig@low.png,37.221214294433594,0.3033956289291382,0.39169517159461975,7.561843582159825
Orig,low,room,00036,/work/u4546465/evaluation/CAT3DGSPro_organized/room_00036/Orig@low.png,35.17967987060547,0.2507707178592682,0.383150190114975,10.04668132071444
Orig,low,room,00037,/work/u4546465/evaluation/CAT3DGSPro_organized/room_00037/Orig@low.png,52.00029754638672,0.2889804244041443,0.3034762442111969,6.488648120925997
Orig,low,room,00038,/work/u4546465/evaluation/CAT3DGSPro_organized/room_00038/Orig@low.png,44.93468475341797,0.2383558750152588,0.2978525459766388,6.6427474593087
Orig,low,stump,00000,/work/u4546465/evaluation/CAT3DGSPro_organized/stump_00000/Orig@low.png,55.324989318847656,0.28927043080329895,0.3327094614505768,4.413353780766953
Orig,low,stump,00001,/work/u4546465/evaluation/CAT3DGSPro_organized/stump_00001/Orig@low.png,54.5562858581543,0.24260163307189941,0.31156083941459656,4.327707845785189
Orig,low,stump,00002,/work/u4546465/evaluation/CAT3DGSPro_organized/stump_00002/Orig@low.png,53.176551818847656,0.22803226113319397,0.3019234836101532,4.510463135965243
Orig,low,stump,00003,/work/u4546465/evaluation/CAT3DGSPro_organized/stump_00003/Orig@low.png,51.00632095336914,0.2584246098995209,0.34114623069763184,4.475381449070454
Orig,low,stump,00004,/work/u4546465/evaluation/CAT3DGSPro_organized/stump_00004/Orig@low.png,50.66327667236328,0.2391480803489685,0.31409502029418945,4.542159265380595
Orig,low,stump,00005,/work/u4546465/evaluation/CAT3DGSPro_organized/stump_00005/Orig@low.png,55.03273010253906,0.29143255949020386,0.32549628615379333,4.584699281563081
Orig,low,stump,00006,/work/u4546465/evaluation/CAT3DGSPro_organized/stump_00006/Orig@low.png,57.42858123779297,0.2575950622558594,0.35356831550598145,4.135118363966737
Orig,low,stump,00007,/work/u4546465/evaluation/CAT3DGSPro_organized/stump_00007/Orig@low.png,51.248165130615234,0.2312389612197876,0.28030094504356384,4.434915473364449
Orig,low,stump,00008,/work/u4546465/evaluation/CAT3DGSPro_organized/stump_00008/Orig@low.png,55.32646179199219,0.26999399065971375,0.35987719893455505,4.286798341512527
Orig,low,stump,00009,/work/u4546465/evaluation/CAT3DGSPro_organized/stump_00009/Orig@low.png,49.55908966064453,0.23876646161079407,0.29555103182792664,4.836039614141702
Orig,low,stump,00010,/work/u4546465/evaluation/CAT3DGSPro_organized/stump_00010/Orig@low.png,58.98945236206055,0.3077237010002136,0.359298437833786,4.13743401760447
Orig,low,stump,00011,/work/u4546465/evaluation/CAT3DGSPro_organized/stump_00011/Orig@low.png,53.70604705810547,0.28973525762557983,0.32023385167121887,4.495955154028325
Orig,low,stump,00012,/work/u4546465/evaluation/CAT3DGSPro_organized/stump_00012/Orig@low.png,52.77222442626953,0.2863768935203552,0.330078125,4.343616173576729
Orig,low,stump,00013,/work/u4546465/evaluation/CAT3DGSPro_organized/stump_00013/Orig@low.png,57.962242126464844,0.2883145213127136,0.358265221118927,4.091464320443142
Orig,low,stump,00014,/work/u4546465/evaluation/CAT3DGSPro_organized/stump_00014/Orig@low.png,59.31575012207031,0.29639604687690735,0.37367138266563416,4.185475184723031
Orig,low,stump,00015,/work/u4546465/evaluation/CAT3DGSPro_organized/stump_00015/Orig@low.png,49.581642150878906,0.2725515365600586,0.2902218997478485,4.7811648608827895
Orig,low,treehill,00000,/work/u4546465/evaluation/CAT3DGSPro_organized/treehill_00000/Orig@low.png,54.4078483581543,0.24968820810317993,0.31169837713241577,4.977276338479087
Orig,low,treehill,00001,/work/u4546465/evaluation/CAT3DGSPro_organized/treehill_00001/Orig@low.png,56.3795280456543,0.25808367133140564,0.33296847343444824,4.7164471729529005
Orig,low,treehill,00002,/work/u4546465/evaluation/CAT3DGSPro_organized/treehill_00002/Orig@low.png,51.03010559082031,0.25168150663375854,0.38278889656066895,5.425516247885088
Orig,low,treehill,00003,/work/u4546465/evaluation/CAT3DGSPro_organized/treehill_00003/Orig@low.png,57.41499328613281,0.28249287605285645,0.34036120772361755,4.87546360256146
Orig,low,treehill,00004,/work/u4546465/evaluation/CAT3DGSPro_organized/treehill_00004/Orig@low.png,42.0533447265625,0.28008630871772766,0.37109071016311646,5.048740260521476
Orig,low,treehill,00005,/work/u4546465/evaluation/CAT3DGSPro_organized/treehill_00005/Orig@low.png,38.072776794433594,0.2401406317949295,0.3527750074863434,5.763582598255472
Orig,low,treehill,00006,/work/u4546465/evaluation/CAT3DGSPro_organized/treehill_00006/Orig@low.png,58.608154296875,0.26362231373786926,0.35686686635017395,4.6293404951156365
Orig,low,treehill,00007,/work/u4546465/evaluation/CAT3DGSPro_organized/treehill_00007/Orig@low.png,44.19727325439453,0.2759959101676941,0.3841848373413086,4.943308394346463
Orig,low,treehill,00008,/work/u4546465/evaluation/CAT3DGSPro_organized/treehill_00008/Orig@low.png,58.07667922973633,0.26134902238845825,0.35793375968933105,4.726913273932234
Orig,low,treehill,00009,/work/u4546465/evaluation/CAT3DGSPro_organized/treehill_00009/Orig@low.png,56.419151306152344,0.28864049911499023,0.3134114742279053,4.638292571969935
Orig,low,treehill,00010,/work/u4546465/evaluation/CAT3DGSPro_organized/treehill_00010/Orig@low.png,49.42604064941406,0.27720779180526733,0.32112106680870056,5.318110120793514
Orig,low,treehill,00011,/work/u4546465/evaluation/CAT3DGSPro_organized/treehill_00011/Orig@low.png,53.006900787353516,0.29759716987609863,0.33995798230171204,5.166962796190621
Orig,low,treehill,00012,/work/u4546465/evaluation/CAT3DGSPro_organized/treehill_00012/Orig@low.png,53.47969436645508,0.28207141160964966,0.34861794114112854,4.7752313344748565
Orig,low,treehill,00013,/work/u4546465/evaluation/CAT3DGSPro_organized/treehill_00013/Orig@low.png,52.483863830566406,0.25943535566329956,0.3428788185119629,4.842103200577022
Orig,low,treehill,00014,/work/u4546465/evaluation/CAT3DGSPro_organized/treehill_00014/Orig@low.png,38.55438995361328,0.26534950733184814,0.3959721028804779,5.85985585207395
Orig,low,treehill,00015,/work/u4546465/evaluation/CAT3DGSPro_organized/treehill_00015/Orig@low.png,58.23682403564453,0.27009499073028564,0.34065207839012146,5.197102919647249
Orig,low,treehill,00016,/work/u4546465/evaluation/CAT3DGSPro_organized/treehill_00016/Orig@low.png,55.922569274902344,0.3023441433906555,0.3140145242214203,4.828861518540509
Orig,low,treehill,00017,/work/u4546465/evaluation/CAT3DGSPro_organized/treehill_00017/Orig@low.png,57.26224899291992,0.28547224402427673,0.34896111488342285,5.248531694187989
Orig,mid,bicycle,00000,/work/u4546465/evaluation/CAT3DGSPro_organized/bicycle_00000/Orig@mid.png,71.32324981689453,0.3528905212879181,0.43339666724205017,3.3365294888694867
Orig,mid,bicycle,00001,/work/u4546465/evaluation/CAT3DGSPro_organized/bicycle_00001/Orig@mid.png,68.4485855102539,0.3163672387599945,0.40508756041526794,3.1606270924604547
Orig,mid,bicycle,00002,/work/u4546465/evaluation/CAT3DGSPro_organized/bicycle_00002/Orig@mid.png,69.2603988647461,0.3577682375907898,0.45265111327171326,3.1655328664977036
Orig,mid,bicycle,00003,/work/u4546465/evaluation/CAT3DGSPro_organized/bicycle_00003/Orig@mid.png,72.2967300415039,0.3688161373138428,0.4444259703159332,3.152456637412602
Orig,mid,bicycle,00004,/work/u4546465/evaluation/CAT3DGSPro_organized/bicycle_00004/Orig@mid.png,62.35762023925781,0.3011431097984314,0.41154345870018005,3.282516475187742
Orig,mid,bicycle,00005,/work/u4546465/evaluation/CAT3DGSPro_organized/bicycle_00005/Orig@mid.png,71.6366195678711,0.37873736023902893,0.4643813669681549,3.535186617089812
Orig,mid,bicycle,00006,/work/u4546465/evaluation/CAT3DGSPro_organized/bicycle_00006/Orig@mid.png,71.19234466552734,0.3564267158508301,0.4563901424407959,3.4222859091943003
Orig,mid,bicycle,00007,/work/u4546465/evaluation/CAT3DGSPro_organized/bicycle_00007/Orig@mid.png,67.3563232421875,0.3242711126804352,0.4697127044200897,3.202550776970411
Orig,mid,bicycle,00008,/work/u4546465/evaluation/CAT3DGSPro_organized/bicycle_00008/Orig@mid.png,72.74801635742188,0.38664382696151733,0.4285576343536377,3.4635109919708014
Orig,mid,bicycle,00009,/work/u4546465/evaluation/CAT3DGSPro_organized/bicycle_00009/Orig@mid.png,70.89958953857422,0.352427214384079,0.45339879393577576,3.2811828941901124
Orig,mid,bicycle,00010,/work/u4546465/evaluation/CAT3DGSPro_organized/bicycle_00010/Orig@mid.png,67.9825439453125,0.3585548996925354,0.4204660952091217,3.160914381656279
Orig,mid,bicycle,00011,/work/u4546465/evaluation/CAT3DGSPro_organized/bicycle_00011/Orig@mid.png,72.33346557617188,0.38212117552757263,0.47934362292289734,3.2251584590956797
Orig,mid,bicycle,00012,/work/u4546465/evaluation/CAT3DGSPro_organized/bicycle_00012/Orig@mid.png,63.34780502319336,0.3190881609916687,0.43101587891578674,3.1761169601232977
Orig,mid,bicycle,00013,/work/u4546465/evaluation/CAT3DGSPro_organized/bicycle_00013/Orig@mid.png,64.0813217163086,0.290857195854187,0.3957846760749817,3.3550288490578057
Orig,mid,bicycle,00014,/work/u4546465/evaluation/CAT3DGSPro_organized/bicycle_00014/Orig@mid.png,70.74170684814453,0.34776124358177185,0.39519816637039185,3.0519646058501837
Orig,mid,bicycle,00015,/work/u4546465/evaluation/CAT3DGSPro_organized/bicycle_00015/Orig@mid.png,72.10208129882812,0.38484859466552734,0.44583725929260254,3.301194405251133
Orig,mid,bicycle,00016,/work/u4546465/evaluation/CAT3DGSPro_organized/bicycle_00016/Orig@mid.png,71.6465835571289,0.36858370900154114,0.4013131558895111,3.111755061825694
Orig,mid,bicycle,00017,/work/u4546465/evaluation/CAT3DGSPro_organized/bicycle_00017/Orig@mid.png,60.209964752197266,0.30946508049964905,0.41115090250968933,3.306944180026043
Orig,mid,bicycle,00018,/work/u4546465/evaluation/CAT3DGSPro_organized/bicycle_00018/Orig@mid.png,65.52376556396484,0.31684693694114685,0.4382695257663727,3.2779508494628273
Orig,mid,bicycle,00019,/work/u4546465/evaluation/CAT3DGSPro_organized/bicycle_00019/Orig@mid.png,61.87903594970703,0.3288348615169525,0.4398890435695648,3.6461558041708706
Orig,mid,bicycle,00020,/work/u4546465/evaluation/CAT3DGSPro_organized/bicycle_00020/Orig@mid.png,70.61467742919922,0.36521124839782715,0.43882012367248535,3.2902422401692855
Orig,mid,bicycle,00021,/work/u4546465/evaluation/CAT3DGSPro_organized/bicycle_00021/Orig@mid.png,71.3139877319336,0.38706427812576294,0.41312941908836365,3.309128600955885
Orig,mid,bicycle,00022,/work/u4546465/evaluation/CAT3DGSPro_organized/bicycle_00022/Orig@mid.png,72.3841781616211,0.401493638753891,0.4604319632053375,3.3266983677698456
Orig,mid,bicycle,00023,/work/u4546465/evaluation/CAT3DGSPro_organized/bicycle_00023/Orig@mid.png,70.43547821044922,0.3649430274963379,0.42618662118911743,3.338691509455792
Orig,mid,bicycle,00024,/work/u4546465/evaluation/CAT3DGSPro_organized/bicycle_00024/Orig@mid.png,71.76570892333984,0.35278505086898804,0.48728305101394653,3.2493089858488817
Orig,mid,bonsai,00000,/work/u4546465/evaluation/CAT3DGSPro_organized/bonsai_00000/Orig@mid.png,58.499542236328125,0.2437080293893814,0.3894425332546234,5.050259147912826
Orig,mid,bonsai,00001,/work/u4546465/evaluation/CAT3DGSPro_organized/bonsai_00001/Orig@mid.png,58.15316390991211,0.290926992893219,0.39389580488204956,5.4202637220101275
Orig,mid,bonsai,00002,/work/u4546465/evaluation/CAT3DGSPro_organized/bonsai_00002/Orig@mid.png,58.5056266784668,0.28119513392448425,0.484537273645401,5.391675846731154
Orig,mid,bonsai,00003,/work/u4546465/evaluation/CAT3DGSPro_organized/bonsai_00003/Orig@mid.png,53.696861267089844,0.3133299946784973,0.46303707361221313,5.81149955351201
Orig,mid,bonsai,00004,/work/u4546465/evaluation/CAT3DGSPro_organized/bonsai_00004/Orig@mid.png,60.179325103759766,0.2627004086971283,0.3418585956096649,5.0172790967011105
Orig,mid,bonsai,00005,/work/u4546465/evaluation/CAT3DGSPro_organized/bonsai_00005/Orig@mid.png,60.58705139160156,0.2250608503818512,0.36923131346702576,4.822146265295075
Orig,mid,bonsai,00006,/work/u4546465/evaluation/CAT3DGSPro_organized/bonsai_00006/Orig@mid.png,57.64606475830078,0.24731163680553436,0.400620698928833,5.334446327933098
Orig,mid,bonsai,00007,/work/u4546465/evaluation/CAT3DGSPro_organized/bonsai_00007/Orig@mid.png,58.21880340576172,0.2535620331764221,0.39252185821533203,5.095001084972542
Orig,mid,bonsai,00008,/work/u4546465/evaluation/CAT3DGSPro_organized/bonsai_00008/Orig@mid.png,61.480472564697266,0.22268591821193695,0.40200233459472656,4.96708567289489
Orig,mid,bonsai,00009,/work/u4546465/evaluation/CAT3DGSPro_organized/bonsai_00009/Orig@mid.png,59.32063293457031,0.2565838396549225,0.4288690686225891,4.968550052297652
Orig,mid,bonsai,00010,/work/u4546465/evaluation/CAT3DGSPro_organized/bonsai_00010/Orig@mid.png,60.12084197998047,0.24336926639080048,0.34595537185668945,5.122380552210897
Orig,mid,bonsai,00011,/work/u4546465/evaluation/CAT3DGSPro_organized/bonsai_00011/Orig@mid.png,59.73653030395508,0.28732025623321533,0.412426620721817,4.898113291909347
Orig,mid,bonsai,00012,/work/u4546465/evaluation/CAT3DGSPro_organized/bonsai_00012/Orig@mid.png,45.30889892578125,0.23569904267787933,0.4139595925807953,5.614281093482995
Orig,mid,bonsai,00013,/work/u4546465/evaluation/CAT3DGSPro_organized/bonsai_00013/Orig@mid.png,56.17768096923828,0.24311766028404236,0.3253059983253479,5.1216194275644575
Orig,mid,bonsai,00014,/work/u4546465/evaluation/CAT3DGSPro_organized/bonsai_00014/Orig@mid.png,57.063507080078125,0.23453134298324585,0.33307918906211853,5.095359446066781
Orig,mid,bonsai,00015,/work/u4546465/evaluation/CAT3DGSPro_organized/bonsai_00015/Orig@mid.png,50.707374572753906,0.33689066767692566,0.5109338760375977,5.233555538482707
Orig,mid,bonsai,00016,/work/u4546465/evaluation/CAT3DGSPro_organized/bonsai_00016/Orig@mid.png,59.250335693359375,0.2723933458328247,0.364592045545578,5.352611435111854
Orig,mid,bonsai,00017,/work/u4546465/evaluation/CAT3DGSPro_organized/bonsai_00017/Orig@mid.png,55.94354248046875,0.2738475203514099,0.3733679950237274,5.653069051865061
Orig,mid,bonsai,00018,/work/u4546465/evaluation/CAT3DGSPro_organized/bonsai_00018/Orig@mid.png,60.872440338134766,0.2550778090953827,0.33583495020866394,4.922178553387273
Orig,mid,bonsai,00019,/work/u4546465/evaluation/CAT3DGSPro_organized/bonsai_00019/Orig@mid.png,60.038516998291016,0.2656609117984772,0.5021311640739441,5.024840584971351
Orig,mid,bonsai,00020,/work/u4546465/evaluation/CAT3DGSPro_organized/bonsai_00020/Orig@mid.png,54.26593780517578,0.22945691645145416,0.34318625926971436,5.20083415406562
Orig,mid,bonsai,00021,/work/u4546465/evaluation/CAT3DGSPro_organized/bonsai_00021/Orig@mid.png,56.86505889892578,0.2564064860343933,0.3372674882411957,5.461379113428373
Orig,mid,bonsai,00022,/work/u4546465/evaluation/CAT3DGSPro_organized/bonsai_00022/Orig@mid.png,58.360591888427734,0.29162171483039856,0.3655646741390228,5.3096745227195035
Orig,mid,bonsai,00023,/work/u4546465/evaluation/CAT3DGSPro_organized/bonsai_00023/Orig@mid.png,54.469322204589844,0.2824457883834839,0.3979746997356415,5.2656234715944725
Orig,mid,bonsai,00024,/work/u4546465/evaluation/CAT3DGSPro_organized/bonsai_00024/Orig@mid.png,60.402870178222656,0.26505377888679504,0.45457354187965393,5.1584279466332505
Orig,mid,bonsai,00025,/work/u4546465/evaluation/CAT3DGSPro_organized/bonsai_00025/Orig@mid.png,57.90519714355469,0.2615821063518524,0.3596402108669281,5.4303780803035115
Orig,mid,bonsai,00026,/work/u4546465/evaluation/CAT3DGSPro_organized/bonsai_00026/Orig@mid.png,57.725425720214844,0.2966350018978119,0.3946779668331146,5.446938134275349
Orig,mid,bonsai,00027,/work/u4546465/evaluation/CAT3DGSPro_organized/bonsai_00027/Orig@mid.png,60.46723175048828,0.2570015490055084,0.41504812240600586,4.990335301303894
Orig,mid,bonsai,00028,/work/u4546465/evaluation/CAT3DGSPro_organized/bonsai_00028/Orig@mid.png,60.551124572753906,0.2876042127609253,0.35457101464271545,5.167469136735727
Orig,mid,bonsai,00029,/work/u4546465/evaluation/CAT3DGSPro_organized/bonsai_00029/Orig@mid.png,60.43054962158203,0.2641294598579407,0.5398435592651367,5.173589732110891
Orig,mid,bonsai,00030,/work/u4546465/evaluation/CAT3DGSPro_organized/bonsai_00030/Orig@mid.png,55.08894348144531,0.2830447256565094,0.4159986972808838,5.298330824037855
Orig,mid,bonsai,00031,/work/u4546465/evaluation/CAT3DGSPro_organized/bonsai_00031/Orig@mid.png,49.912818908691406,0.22250115871429443,0.3843112587928772,5.359905149183664
Orig,mid,bonsai,00032,/work/u4546465/evaluation/CAT3DGSPro_organized/bonsai_00032/Orig@mid.png,54.69514083862305,0.2426329255104065,0.32083258032798767,5.082761096464795
Orig,mid,bonsai,00033,/work/u4546465/evaluation/CAT3DGSPro_organized/bonsai_00033/Orig@mid.png,58.42339324951172,0.2573443651199341,0.40998587012290955,4.915246418513467
Orig,mid,bonsai,00034,/work/u4546465/evaluation/CAT3DGSPro_organized/bonsai_00034/Orig@mid.png,57.55908203125,0.29264405369758606,0.4070250988006592,5.323111082156463
Orig,mid,bonsai,00035,/work/u4546465/evaluation/CAT3DGSPro_organized/bonsai_00035/Orig@mid.png,51.25994110107422,0.281712144613266,0.3926105797290802,5.462145906967944
Orig,mid,bonsai,00036,/work/u4546465/evaluation/CAT3DGSPro_organized/bonsai_00036/Orig@mid.png,54.79141616821289,0.26201915740966797,0.35070550441741943,5.285476433739975
Orig,mid,counter,00000,/work/u4546465/evaluation/CAT3DGSPro_organized/counter_00000/Orig@mid.png,60.37221908569336,0.28340116143226624,0.36409223079681396,4.5881643649013215
Orig,mid,counter,00001,/work/u4546465/evaluation/CAT3DGSPro_organized/counter_00001/Orig@mid.png,57.747283935546875,0.2969870865345001,0.38312649726867676,4.724778032711794
Orig,mid,counter,00002,/work/u4546465/evaluation/CAT3DGSPro_organized/counter_00002/Orig@mid.png,55.22026062011719,0.27790018916130066,0.3994022011756897,4.58369621785221
Orig,mid,counter,00003,/work/u4546465/evaluation/CAT3DGSPro_organized/counter_00003/Orig@mid.png,55.64297103881836,0.30365657806396484,0.415516197681427,4.723806382329601
Orig,mid,counter,00004,/work/u4546465/evaluation/CAT3DGSPro_organized/counter_00004/Orig@mid.png,58.54848098754883,0.25381821393966675,0.3852441906929016,5.044879882880067
Orig,mid,counter,00005,/work/u4546465/evaluation/CAT3DGSPro_organized/counter_00005/Orig@mid.png,56.80085372924805,0.24419556558132172,0.37459802627563477,4.758771621734984
Orig,mid,counter,00006,/work/u4546465/evaluation/CAT3DGSPro_organized/counter_00006/Orig@mid.png,57.32838439941406,0.29358094930648804,0.35163089632987976,4.5013396382847
Orig,mid,counter,00007,/work/u4546465/evaluation/CAT3DGSPro_organized/counter_00007/Orig@mid.png,54.15846252441406,0.24547819793224335,0.38264283537864685,5.263003295482768
Orig,mid,counter,00008,/work/u4546465/evaluation/CAT3DGSPro_organized/counter_00008/Orig@mid.png,58.079036712646484,0.2586659789085388,0.3528304994106293,4.809493666806003
Orig,mid,counter,00009,/work/u4546465/evaluation/CAT3DGSPro_organized/counter_00009/Orig@mid.png,55.783050537109375,0.2730191648006439,0.4308999180793762,4.413226337191251
Orig,mid,counter,00010,/work/u4546465/evaluation/CAT3DGSPro_organized/counter_00010/Orig@mid.png,54.92465591430664,0.2780141234397888,0.31870537996292114,4.60244573214659
Orig,mid,counter,00011,/work/u4546465/evaluation/CAT3DGSPro_organized/counter_00011/Orig@mid.png,53.35266876220703,0.2919471263885498,0.37336212396621704,5.140140494812525
Orig,mid,counter,00012,/work/u4546465/evaluation/CAT3DGSPro_organized/counter_00012/Orig@mid.png,52.36358642578125,0.2567187249660492,0.33983227610588074,5.27603407455613
Orig,mid,counter,00013,/work/u4546465/evaluation/CAT3DGSPro_organized/counter_00013/Orig@mid.png,59.38142776489258,0.29282739758491516,0.3684750497341156,4.7779688677131995
Orig,mid,counter,00014,/work/u4546465/evaluation/CAT3DGSPro_organized/counter_00014/Orig@mid.png,47.00100326538086,0.23377493023872375,0.37416744232177734,5.752027553708948
Orig,mid,counter,00015,/work/u4546465/evaluation/CAT3DGSPro_organized/counter_00015/Orig@mid.png,55.93537902832031,0.2662252187728882,0.3460163474082947,4.732912224233064
Orig,mid,counter,00016,/work/u4546465/evaluation/CAT3DGSPro_organized/counter_00016/Orig@mid.png,47.8989372253418,0.2443111538887024,0.3675445020198822,5.019164063447772
Orig,mid,counter,00017,/work/u4546465/evaluation/CAT3DGSPro_organized/counter_00017/Orig@mid.png,50.387454986572266,0.24877949059009552,0.3559664189815521,5.415762093312366
Orig,mid,counter,00018,/work/u4546465/evaluation/CAT3DGSPro_organized/counter_00018/Orig@mid.png,44.86050033569336,0.25133001804351807,0.3407904803752899,5.289946164186978
Orig,mid,counter,00019,/work/u4546465/evaluation/CAT3DGSPro_organized/counter_00019/Orig@mid.png,54.41831588745117,0.2586982548236847,0.32820114493370056,5.532079225616109
Orig,mid,counter,00020,/work/u4546465/evaluation/CAT3DGSPro_organized/counter_00020/Orig@mid.png,43.04864501953125,0.27784767746925354,0.4815666377544403,6.037680839239756
Orig,mid,counter,00021,/work/u4546465/evaluation/CAT3DGSPro_organized/counter_00021/Orig@mid.png,48.044036865234375,0.27227017283439636,0.3514177203178406,5.66501989856374
Orig,mid,counter,00022,/work/u4546465/evaluation/CAT3DGSPro_organized/counter_00022/Orig@mid.png,55.75422668457031,0.260713666677475,0.40636616945266724,4.6918882056369435
Orig,mid,counter,00023,/work/u4546465/evaluation/CAT3DGSPro_organized/counter_00023/Orig@mid.png,40.76964569091797,0.25121253728866577,0.48926329612731934,5.256904125730275
Orig,mid,counter,00024,/work/u4546465/evaluation/CAT3DGSPro_organized/counter_00024/Orig@mid.png,49.21757888793945,0.26910102367401123,0.3094464838504791,5.201367452899931
Orig,mid,counter,00025,/work/u4546465/evaluation/CAT3DGSPro_organized/counter_00025/Orig@mid.png,58.659725189208984,0.2506253719329834,0.3513757288455963,4.788761375483488
Orig,mid,counter,00026,/work/u4546465/evaluation/CAT3DGSPro_organized/counter_00026/Orig@mid.png,53.77053451538086,0.28206416964530945,0.39196690917015076,4.539049567725126
Orig,mid,counter,00027,/work/u4546465/evaluation/CAT3DGSPro_organized/counter_00027/Orig@mid.png,57.03080368041992,0.2799423635005951,0.3313599228858948,4.988931291774557
Orig,mid,counter,00028,/work/u4546465/evaluation/CAT3DGSPro_organized/counter_00028/Orig@mid.png,50.542022705078125,0.24453817307949066,0.3419610261917114,5.003166663177123
Orig,mid,counter,00029,/work/u4546465/evaluation/CAT3DGSPro_organized/counter_00029/Orig@mid.png,59.64916229248047,0.3057571053504944,0.4041043221950531,4.362336414209244
Orig,mid,flowers,00000,/work/u4546465/evaluation/CAT3DGSPro_organized/flowers_00000/Orig@mid.png,65.90059661865234,0.2963525950908661,0.5290270447731018,3.425227106224879
Orig,mid,flowers,00001,/work/u4546465/evaluation/CAT3DGSPro_organized/flowers_00001/Orig@mid.png,65.10448455810547,0.29946061968803406,0.5266067385673523,3.5230128538017387
Orig,mid,flowers,00002,/work/u4546465/evaluation/CAT3DGSPro_organized/flowers_00002/Orig@mid.png,65.04889678955078,0.29848188161849976,0.5017845034599304,3.587548893536177
Orig,mid,flowers,00003,/work/u4546465/evaluation/CAT3DGSPro_organized/flowers_00003/Orig@mid.png,67.30384063720703,0.3041428029537201,0.5515717267990112,3.477636087157453
Orig,mid,flowers,00004,/work/u4546465/evaluation/CAT3DGSPro_organized/flowers_00004/Orig@mid.png,62.68406677246094,0.2741694450378418,0.48456498980522156,3.6849053133629472
Orig,mid,flowers,00005,/work/u4546465/evaluation/CAT3DGSPro_organized/flowers_00005/Orig@mid.png,67.15786743164062,0.2907187342643738,0.49633660912513733,3.5219864627788424
Orig,mid,flowers,00006,/work/u4546465/evaluation/CAT3DGSPro_organized/flowers_00006/Orig@mid.png,65.68175506591797,0.2795574367046356,0.4943109452724457,3.3767994582308503
Orig,mid,flowers,00007,/work/u4546465/evaluation/CAT3DGSPro_organized/flowers_00007/Orig@mid.png,65.1945571899414,0.29718920588493347,0.5473324656486511,3.5435386518848726
Orig,mid,flowers,00008,/work/u4546465/evaluation/CAT3DGSPro_organized/flowers_00008/Orig@mid.png,68.4288101196289,0.2842762768268585,0.5373672842979431,3.407202292247291
Orig,mid,flowers,00009,/work/u4546465/evaluation/CAT3DGSPro_organized/flowers_00009/Orig@mid.png,66.07279205322266,0.30835291743278503,0.5760875344276428,3.4577559646369633
Orig,mid,flowers,00010,/work/u4546465/evaluation/CAT3DGSPro_organized/flowers_00010/Orig@mid.png,68.50811004638672,0.30727627873420715,0.5461912155151367,3.387646874610322
Orig,mid,flowers,00011,/work/u4546465/evaluation/CAT3DGSPro_organized/flowers_00011/Orig@mid.png,63.45984649658203,0.28050151467323303,0.5179883241653442,3.4865607850689617
Orig,mid,flowers,00012,/work/u4546465/evaluation/CAT3DGSPro_organized/flowers_00012/Orig@mid.png,58.22833251953125,0.24683533608913422,0.451545387506485,3.7968959190533824
Orig,mid,flowers,00013,/work/u4546465/evaluation/CAT3DGSPro_organized/flowers_00013/Orig@mid.png,65.36731719970703,0.3051425516605377,0.5456453561782837,3.4929326211479697
Orig,mid,flowers,00014,/work/u4546465/evaluation/CAT3DGSPro_organized/flowers_00014/Orig@mid.png,67.83429718017578,0.29557013511657715,0.5371589064598083,3.616843855254766
Orig,mid,flowers,00015,/work/u4546465/evaluation/CAT3DGSPro_organized/flowers_00015/Orig@mid.png,61.10154342651367,0.27478525042533875,0.46635350584983826,3.686219229258685
Orig,mid,flowers,00016,/work/u4546465/evaluation/CAT3DGSPro_organized/flowers_00016/Orig@mid.png,65.83992767333984,0.28567275404930115,0.5255509614944458,3.5432652988835867
Orig,mid,flowers,00017,/work/u4546465/evaluation/CAT3DGSPro_organized/flowers_00017/Orig@mid.png,68.14109802246094,0.2929646670818329,0.5435572862625122,3.3796216091747855
Orig,mid,flowers,00018,/work/u4546465/evaluation/CAT3DGSPro_organized/flowers_00018/Orig@mid.png,60.772315979003906,0.2584194839000702,0.4538167119026184,3.64366236436586
Orig,mid,flowers,00019,/work/u4546465/evaluation/CAT3DGSPro_organized/flowers_00019/Orig@mid.png,66.70048522949219,0.27273422479629517,0.4721749424934387,3.5124363783906944
Orig,mid,flowers,00020,/work/u4546465/evaluation/CAT3DGSPro_organized/flowers_00020/Orig@mid.png,65.8579330444336,0.26499295234680176,0.48298153281211853,3.476683564134144
Orig,mid,flowers,00021,/work/u4546465/evaluation/CAT3DGSPro_organized/flowers_00021/Orig@mid.png,68.64249420166016,0.31079041957855225,0.5594866275787354,3.3848127181477077
Orig,mid,garden,00000,/work/u4546465/evaluation/CAT3DGSPro_organized/garden_00000/Orig@mid.png,74.39653778076172,0.3877279460430145,0.4732525944709778,2.849843147131008
Orig,mid,garden,00001,/work/u4546465/evaluation/CAT3DGSPro_organized/garden_00001/Orig@mid.png,68.40861511230469,0.37129589915275574,0.547793984413147,3.0039472422593136
Orig,mid,garden,00002,/work/u4546465/evaluation/CAT3DGSPro_organized/garden_00002/Orig@mid.png,71.11991882324219,0.3846907317638397,0.5241327285766602,2.867841323149541
Orig,mid,garden,00003,/work/u4546465/evaluation/CAT3DGSPro_organized/garden_00003/Orig@mid.png,73.8005142211914,0.3842408061027527,0.4467209279537201,2.916287362853291
Orig,mid,garden,00004,/work/u4546465/evaluation/CAT3DGSPro_organized/garden_00004/Orig@mid.png,69.926025390625,0.3361879885196686,0.39231300354003906,2.785629759833637
Orig,mid,garden,00005,/work/u4546465/evaluation/CAT3DGSPro_organized/garden_00005/Orig@mid.png,72.6004867553711,0.37813079357147217,0.5263819098472595,2.754430624476579
Orig,mid,garden,00006,/work/u4546465/evaluation/CAT3DGSPro_organized/garden_00006/Orig@mid.png,71.80532836914062,0.3541615903377533,0.5529266595840454,2.866569540083885
Orig,mid,garden,00007,/work/u4546465/evaluation/CAT3DGSPro_organized/garden_00007/Orig@mid.png,72.33120727539062,0.3934037983417511,0.525944709777832,2.9710575764893297
Orig,mid,garden,00008,/work/u4546465/evaluation/CAT3DGSPro_organized/garden_00008/Orig@mid.png,68.66108703613281,0.37196114659309387,0.5410988926887512,3.034483302444353
Orig,mid,garden,00009,/work/u4546465/evaluation/CAT3DGSPro_organized/garden_00009/Orig@mid.png,72.46604919433594,0.370723158121109,0.4688479006290436,2.7282574082341973
Orig,mid,garden,00010,/work/u4546465/evaluation/CAT3DGSPro_organized/garden_00010/Orig@mid.png,72.18167114257812,0.3754129707813263,0.4907902777194977,2.896716461002395
Orig,mid,garden,00011,/work/u4546465/evaluation/CAT3DGSPro_organized/garden_00011/Orig@mid.png,73.14402770996094,0.36980023980140686,0.5362315773963928,2.6820603947732335
Orig,mid,garden,00012,/work/u4546465/evaluation/CAT3DGSPro_organized/garden_00012/Orig@mid.png,70.65692901611328,0.37403762340545654,0.5461045503616333,2.9429334517817813
Orig,mid,garden,00013,/work/u4546465/evaluation/CAT3DGSPro_organized/garden_00013/Orig@mid.png,73.75208282470703,0.3798809051513672,0.5469922423362732,2.8382490734403376
Orig,mid,garden,00014,/work/u4546465/evaluation/CAT3DGSPro_organized/garden_00014/Orig@mid.png,73.93937683105469,0.3803647458553314,0.538011372089386,2.8439164335437073
Orig,mid,garden,00015,/work/u4546465/evaluation/CAT3DGSPro_organized/garden_00015/Orig@mid.png,70.75312805175781,0.3745555877685547,0.5219112038612366,2.8920336402423774
Orig,mid,garden,00016,/work/u4546465/evaluation/CAT3DGSPro_organized/garden_00016/Orig@mid.png,73.40447998046875,0.3881266713142395,0.543772280216217,2.9519868229098365
Orig,mid,garden,00017,/work/u4546465/evaluation/CAT3DGSPro_organized/garden_00017/Orig@mid.png,69.40991973876953,0.36945295333862305,0.44156524538993835,2.763543227641775
Orig,mid,garden,00018,/work/u4546465/evaluation/CAT3DGSPro_organized/garden_00018/Orig@mid.png,72.10868835449219,0.37520483136177063,0.495441734790802,2.9125202335444578
Orig,mid,garden,00019,/work/u4546465/evaluation/CAT3DGSPro_organized/garden_00019/Orig@mid.png,72.12963104248047,0.34674879908561707,0.5654250979423523,2.8592534410154515
Orig,mid,garden,00020,/work/u4546465/evaluation/CAT3DGSPro_organized/garden_00020/Orig@mid.png,70.53436279296875,0.3925504982471466,0.5497130751609802,3.0455626844953794
Orig,mid,garden,00021,/work/u4546465/evaluation/CAT3DGSPro_organized/garden_00021/Orig@mid.png,70.45138549804688,0.32941052317619324,0.42482390999794006,2.7500805872723775
Orig,mid,garden,00022,/work/u4546465/evaluation/CAT3DGSPro_organized/garden_00022/Orig@mid.png,69.44149780273438,0.3485499918460846,0.5159386992454529,3.084906056467586
Orig,mid,garden,00023,/work/u4546465/evaluation/CAT3DGSPro_organized/garden_00023/Orig@mid.png,69.83509063720703,0.38578110933303833,0.5527593493461609,3.017743195792144
Orig,mid,kitchen,00000,/work/u4546465/evaluation/CAT3DGSPro_organized/kitchen_00000/Orig@mid.png,61.319068908691406,0.3455088138580322,0.35826173424720764,4.6983483813935925
Orig,mid,kitchen,00001,/work/u4546465/evaluation/CAT3DGSPro_organized/kitchen_00001/Orig@mid.png,56.361541748046875,0.275635302066803,0.3458022177219391,4.802902645926892
Orig,mid,kitchen,00002,/work/u4546465/evaluation/CAT3DGSPro_organized/kitchen_00002/Orig@mid.png,64.44960021972656,0.3024224042892456,0.38890841603279114,4.245202543277428
Orig,mid,kitchen,00003,/work/u4546465/evaluation/CAT3DGSPro_organized/kitchen_00003/Orig@mid.png,62.843929290771484,0.33526065945625305,0.3952941596508026,4.366507339233263
Orig,mid,kitchen,00004,/work/u4546465/evaluation/CAT3DGSPro_organized/kitchen_00004/Orig@mid.png,68.16072845458984,0.34342339634895325,0.42419084906578064,4.445849085911818
Orig,mid,kitchen,00005,/work/u4546465/evaluation/CAT3DGSPro_organized/kitchen_00005/Orig@mid.png,64.68297576904297,0.3217772841453552,0.3826960027217865,4.645445045379541
Orig,mid,kitchen,00006,/work/u4546465/evaluation/CAT3DGSPro_organized/kitchen_00006/Orig@mid.png,61.903045654296875,0.34585320949554443,0.3415888845920563,4.599092994523349
Orig,mid,kitchen,00007,/work/u4546465/evaluation/CAT3DGSPro_organized/kitchen_00007/Orig@mid.png,70.73027801513672,0.3436444103717804,0.4713617265224457,4.337065271276256
Orig,mid,kitchen,00008,/work/u4546465/evaluation/CAT3DGSPro_organized/kitchen_00008/Orig@mid.png,65.48470306396484,0.30840498208999634,0.40895867347717285,3.87129155744305
Orig,mid,kitchen,00009,/work/u4546465/evaluation/CAT3DGSPro_organized/kitchen_00009/Orig@mid.png,58.71270751953125,0.2920411229133606,0.4022456109523773,5.198759200815635
Orig,mid,kitchen,00010,/work/u4546465/evaluation/CAT3DGSPro_organized/kitchen_00010/Orig@mid.png,65.81217193603516,0.32144051790237427,0.4428255558013916,4.827368994630483
Orig,mid,kitchen,00011,/work/u4546465/evaluation/CAT3DGSPro_organized/kitchen_00011/Orig@mid.png,62.715126037597656,0.3205491304397583,0.3857414722442627,4.726698084591667
Orig,mid,kitchen,00012,/work/u4546465/evaluation/CAT3DGSPro_organized/kitchen_00012/Orig@mid.png,65.1346664428711,0.3557080030441284,0.4043261706829071,4.4855692179995
Orig,mid,kitchen,00013,/work/u4546465/evaluation/CAT3DGSPro_organized/kitchen_00013/Orig@mid.png,63.23509979248047,0.3261723816394806,0.37857455015182495,4.511147635535644
Orig,mid,kitchen,00014,/work/u4546465/evaluation/CAT3DGSPro_organized/kitchen_00014/Orig@mid.png,67.78729248046875,0.32104477286338806,0.36615586280822754,4.012395830729533
Orig,mid,kitchen,00015,/work/u4546465/evaluation/CAT3DGSPro_organized/kitchen_00015/Orig@mid.png,59.45169448852539,0.3107190728187561,0.33795779943466187,5.17800018922547
Orig,mid,kitchen,00016,/work/u4546465/evaluation/CAT3DGSPro_organized/kitchen_00016/Orig@mid.png,64.71704864501953,0.32591819763183594,0.43281179666519165,4.191328888261062
Orig,mid,kitchen,00017,/work/u4546465/evaluation/CAT3DGSPro_organized/kitchen_00017/Orig@mid.png,68.6156234741211,0.3050656318664551,0.4342038631439209,4.736582777862398
Orig,mid,kitchen,00018,/work/u4546465/evaluation/CAT3DGSPro_organized/kitchen_00018/Orig@mid.png,63.30653381347656,0.3497549295425415,0.43033382296562195,4.290628525305948
Orig,mid,kitchen,00019,/work/u4546465/evaluation/CAT3DGSPro_organized/kitchen_00019/Orig@mid.png,66.69766998291016,0.30884259939193726,0.3722814917564392,4.037210505058109
Orig,mid,kitchen,00020,/work/u4546465/evaluation/CAT3DGSPro_organized/kitchen_00020/Orig@mid.png,64.126953125,0.3411155343055725,0.3800220489501953,4.4158619299289255
Orig,mid,kitchen,00021,/work/u4546465/evaluation/CAT3DGSPro_organized/kitchen_00021/Orig@mid.png,65.20549774169922,0.3550853729248047,0.45751816034317017,4.273212650776271
Orig,mid,kitchen,00022,/work/u4546465/evaluation/CAT3DGSPro_organized/kitchen_00022/Orig@mid.png,58.432682037353516,0.29310646653175354,0.3881542980670929,5.133801193893287
Orig,mid,kitchen,00023,/work/u4546465/evaluation/CAT3DGSPro_organized/kitchen_00023/Orig@mid.png,61.52189254760742,0.29776954650878906,0.38666993379592896,4.6662629841664796
Orig,mid,kitchen,00024,/work/u4546465/evaluation/CAT3DGSPro_organized/kitchen_00024/Orig@mid.png,68.02640533447266,0.34123650193214417,0.45564737915992737,4.478017221697988
Orig,mid,kitchen,00025,/work/u4546465/evaluation/CAT3DGSPro_organized/kitchen_00025/Orig@mid.png,62.000057220458984,0.28351232409477234,0.374275803565979,4.96133412244801
Orig,mid,kitchen,00026,/work/u4546465/evaluation/CAT3DGSPro_organized/kitchen_00026/Orig@mid.png,65.9196548461914,0.35695531964302063,0.43801480531692505,4.213012847623083
Orig,mid,kitchen,00027,/work/u4546465/evaluation/CAT3DGSPro_organized/kitchen_00027/Orig@mid.png,61.47563552856445,0.30591943860054016,0.4141782820224762,4.523265659674906
Orig,mid,kitchen,00028,/work/u4546465/evaluation/CAT3DGSPro_organized/kitchen_00028/Orig@mid.png,69.01314544677734,0.34146633744239807,0.4555821418762207,4.251683460794012
Orig,mid,kitchen,00029,/work/u4546465/evaluation/CAT3DGSPro_organized/kitchen_00029/Orig@mid.png,62.345584869384766,0.34221696853637695,0.4402368664741516,4.370947462026856
Orig,mid,kitchen,00030,/work/u4546465/evaluation/CAT3DGSPro_organized/kitchen_00030/Orig@mid.png,65.67320251464844,0.29676565527915955,0.41814109683036804,4.457789227616208
Orig,mid,kitchen,00031,/work/u4546465/evaluation/CAT3DGSPro_organized/kitchen_00031/Orig@mid.png,68.10974884033203,0.31601765751838684,0.41142162680625916,4.208707714084536
Orig,mid,kitchen,00032,/work/u4546465/evaluation/CAT3DGSPro_organized/kitchen_00032/Orig@mid.png,64.10279083251953,0.3132370412349701,0.3905412256717682,4.386885127791612
Orig,mid,kitchen,00033,/work/u4546465/evaluation/CAT3DGSPro_organized/kitchen_00033/Orig@mid.png,61.277061462402344,0.34012287855148315,0.39467117190361023,4.812513746856539
Orig,mid,kitchen,00034,/work/u4546465/evaluation/CAT3DGSPro_organized/kitchen_00034/Orig@mid.png,68.19194030761719,0.3131093978881836,0.4124142825603485,3.837049473407746
Orig,mid,room,00000,/work/u4546465/evaluation/CAT3DGSPro_organized/room_00000/Orig@mid.png,41.154991149902344,0.28808510303497314,0.34122708439826965,8.049187084561385
Orig,mid,room,00001,/work/u4546465/evaluation/CAT3DGSPro_organized/room_00001/Orig@mid.png,43.49626159667969,0.27715107798576355,0.32199516892433167,6.328532022123133
Orig,mid,room,00002,/work/u4546465/evaluation/CAT3DGSPro_organized/room_00002/Orig@mid.png,54.382877349853516,0.3034355342388153,0.40490809082984924,5.256647186903747
Orig,mid,room,00003,/work/u4546465/evaluation/CAT3DGSPro_organized/room_00003/Orig@mid.png,54.73537063598633,0.26065319776535034,0.36634522676467896,5.697525294051818
Orig,mid,room,00004,/work/u4546465/evaluation/CAT3DGSPro_organized/room_00004/Orig@mid.png,44.25247573852539,0.2731180489063263,0.3830379545688629,6.422266804194196
Orig,mid,room,00005,/work/u4546465/evaluation/CAT3DGSPro_organized/room_00005/Orig@mid.png,51.27517318725586,0.32716765999794006,0.31697019934654236,5.69306113643281
Orig,mid,room,00006,/work/u4546465/evaluation/CAT3DGSPro_organized/room_00006/Orig@mid.png,48.981353759765625,0.28894224762916565,0.3715178668498993,6.071266777165098
Orig,mid,room,00007,/work/u4546465/evaluation/CAT3DGSPro_organized/room_00007/Orig@mid.png,46.83252716064453,0.2839178740978241,0.32944783568382263,5.5887007728508244
Orig,mid,room,00008,/work/u4546465/evaluation/CAT3DGSPro_organized/room_00008/Orig@mid.png,52.541290283203125,0.2967539131641388,0.36105620861053467,5.112474020929126
Orig,mid,room,00009,/work/u4546465/evaluation/CAT3DGSPro_organized/room_00009/Orig@mid.png,40.657249450683594,0.24741870164871216,0.38178154826164246,7.007633275839295
Orig,mid,room,00010,/work/u4546465/evaluation/CAT3DGSPro_organized/room_00010/Orig@mid.png,32.773040771484375,0.37033385038375854,0.4239709973335266,7.8148417027911
Orig,mid,room,00011,/work/u4546465/evaluation/CAT3DGSPro_organized/room_00011/Orig@mid.png,44.9295654296875,0.3718663156032562,0.3994631767272949,7.212587648722319
Orig,mid,room,00012,/work/u4546465/evaluation/CAT3DGSPro_organized/room_00012/Orig@mid.png,46.59137725830078,0.26754915714263916,0.3590417206287384,6.121019313292135
Orig,mid,room,00013,/work/u4546465/evaluation/CAT3DGSPro_organized/room_00013/Orig@mid.png,41.992713928222656,0.23546433448791504,0.2913612425327301,6.598273622064197
Orig,mid,room,00014,/work/u4546465/evaluation/CAT3DGSPro_organized/room_00014/Orig@mid.png,49.46683120727539,0.28522706031799316,0.3663809895515442,5.784947325700792
Orig,mid,room,00015,/work/u4546465/evaluation/CAT3DGSPro_organized/room_00015/Orig@mid.png,48.24518966674805,0.28024327754974365,0.39695724844932556,5.415836402685905
Orig,mid,room,00016,/work/u4546465/evaluation/CAT3DGSPro_organized/room_00016/Orig@mid.png,53.29988098144531,0.30284416675567627,0.3016466200351715,5.619361445479992
Orig,mid,room,00017,/work/u4546465/evaluation/CAT3DGSPro_organized/room_00017/Orig@mid.png,41.47980880737305,0.23663672804832458,0.27949896454811096,6.889751849053904
Orig,mid,room,00018,/work/u4546465/evaluation/CAT3DGSPro_organized/room_00018/Orig@mid.png,54.616336822509766,0.30659499764442444,0.36779308319091797,5.2630283380160865
Orig,mid,room,00019,/work/u4546465/evaluation/CAT3DGSPro_organized/room_00019/Orig@mid.png,39.647979736328125,0.2756877541542053,0.3639276325702667,7.870580342618346
Orig,mid,room,00020,/work/u4546465/evaluation/CAT3DGSPro_organized/room_00020/Orig@mid.png,51.719112396240234,0.4082810878753662,0.37116342782974243,6.225387711155514
Orig,mid,room,00021,/work/u4546465/evaluation/CAT3DGSPro_organized/room_00021/Orig@mid.png,47.067291259765625,0.2539829909801483,0.3136245906352997,5.557885007666409
Orig,mid,room,00022,/work/u4546465/evaluation/CAT3DGSPro_organized/room_00022/Orig@mid.png,43.852996826171875,0.2496725618839264,0.30067750811576843,5.655054836805625
Orig,mid,room,00023,/work/u4546465/evaluation/CAT3DGSPro_organized/room_00023/Orig@mid.png,49.2795295715332,0.27163299918174744,0.3253784775733948,5.397723219716742
Orig,mid,room,00024,/work/u4546465/evaluation/CAT3DGSPro_organized/room_00024/Orig@mid.png,49.524452209472656,0.2510026693344116,0.39793941378593445,5.727301633974196
Orig,mid,room,00025,/work/u4546465/evaluation/CAT3DGSPro_organized/room_00025/Orig@mid.png,50.56533432006836,0.29439985752105713,0.372849702835083,6.272430754044575
Orig,mid,room,00026,/work/u4546465/evaluation/CAT3DGSPro_organized/room_00026/Orig@mid.png,50.960205078125,0.2975430190563202,0.39305946230888367,5.4016906017777195
Orig,mid,room,00027,/work/u4546465/evaluation/CAT3DGSPro_organized/room_00027/Orig@mid.png,58.02425765991211,0.27907514572143555,0.4291948974132538,5.455143653388289
Orig,mid,room,00028,/work/u4546465/evaluation/CAT3DGSPro_organized/room_00028/Orig@mid.png,52.99424743652344,0.2783645689487457,0.31186240911483765,5.361817821416877
Orig,mid,room,00029,/work/u4546465/evaluation/CAT3DGSPro_organized/room_00029/Orig@mid.png,51.93595504760742,0.28681743144989014,0.3498711585998535,5.15192148898263
Orig,mid,room,00030,/work/u4546465/evaluation/CAT3DGSPro_organized/room_00030/Orig@mid.png,56.52482604980469,0.3008815050125122,0.35477039217948914,5.306311743767076
Orig,mid,room,00031,/work/u4546465/evaluation/CAT3DGSPro_organized/room_00031/Orig@mid.png,54.94483947753906,0.31596502661705017,0.41001835465431213,5.173289412720939
Orig,mid,room,00032,/work/u4546465/evaluation/CAT3DGSPro_organized/room_00032/Orig@mid.png,31.17377281188965,0.22048687934875488,0.3717302083969116,7.011925113878184
Orig,mid,room,00033,/work/u4546465/evaluation/CAT3DGSPro_organized/room_00033/Orig@mid.png,50.780860900878906,0.2994624972343445,0.36193037033081055,5.590763051532307
Orig,mid,room,00034,/work/u4546465/evaluation/CAT3DGSPro_organized/room_00034/Orig@mid.png,46.99100112915039,0.2796769142150879,0.3256532847881317,6.683077449588854
Orig,mid,room,00035,/work/u4546465/evaluation/CAT3DGSPro_organized/room_00035/Orig@mid.png,37.43864440917969,0.29595646262168884,0.38126489520072937,7.113378908694926
Orig,mid,room,00036,/work/u4546465/evaluation/CAT3DGSPro_organized/room_00036/Orig@mid.png,43.180416107177734,0.26079779863357544,0.3552802503108978,8.437198641427777
Orig,mid,room,00037,/work/u4546465/evaluation/CAT3DGSPro_organized/room_00037/Orig@mid.png,55.79410934448242,0.3190535604953766,0.31659483909606934,5.370875652056815
Orig,mid,room,00038,/work/u4546465/evaluation/CAT3DGSPro_organized/room_00038/Orig@mid.png,50.44438934326172,0.26190415024757385,0.31872645020484924,5.412115550515274
Orig,mid,stump,00000,/work/u4546465/evaluation/CAT3DGSPro_organized/stump_00000/Orig@mid.png,57.5134162902832,0.30407220125198364,0.39553776383399963,3.7594466830481093
Orig,mid,stump,00001,/work/u4546465/evaluation/CAT3DGSPro_organized/stump_00001/Orig@mid.png,58.24851989746094,0.2504092752933502,0.36849889159202576,3.9368998536816386
Orig,mid,stump,00002,/work/u4546465/evaluation/CAT3DGSPro_organized/stump_00002/Orig@mid.png,56.309608459472656,0.23154141008853912,0.3417309820652008,4.128713145412627
Orig,mid,stump,00003,/work/u4546465/evaluation/CAT3DGSPro_organized/stump_00003/Orig@mid.png,55.68970489501953,0.2763303518295288,0.3967086970806122,4.000246473854405
Orig,mid,stump,00004,/work/u4546465/evaluation/CAT3DGSPro_organized/stump_00004/Orig@mid.png,53.58222961425781,0.25137752294540405,0.3612197935581207,4.220381609747641
Orig,mid,stump,00005,/work/u4546465/evaluation/CAT3DGSPro_organized/stump_00005/Orig@mid.png,57.19780349731445,0.3044746518135071,0.3735775649547577,3.985759898602281
Orig,mid,stump,00006,/work/u4546465/evaluation/CAT3DGSPro_organized/stump_00006/Orig@mid.png,62.29331588745117,0.274557888507843,0.41418853402137756,3.810383840169043
Orig,mid,stump,00007,/work/u4546465/evaluation/CAT3DGSPro_organized/stump_00007/Orig@mid.png,52.318885803222656,0.23651230335235596,0.33807608485221863,4.121932167626831
Orig,mid,stump,00008,/work/u4546465/evaluation/CAT3DGSPro_organized/stump_00008/Orig@mid.png,58.87616729736328,0.2816923260688782,0.42046165466308594,3.90189854187027
Orig,mid,stump,00009,/work/u4546465/evaluation/CAT3DGSPro_organized/stump_00009/Orig@mid.png,53.14340591430664,0.25672873854637146,0.34786516427993774,4.331130780518159
Orig,mid,stump,00010,/work/u4546465/evaluation/CAT3DGSPro_organized/stump_00010/Orig@mid.png,62.6102409362793,0.3095536530017853,0.4400806128978729,3.78505792011553
Orig,mid,stump,00011,/work/u4546465/evaluation/CAT3DGSPro_organized/stump_00011/Orig@mid.png,57.912567138671875,0.3096998631954193,0.39109259843826294,3.9608422954933076
Orig,mid,stump,00012,/work/u4546465/evaluation/CAT3DGSPro_organized/stump_00012/Orig@mid.png,54.96211242675781,0.29510149359703064,0.4112798869609833,4.076509214290368
Orig,mid,stump,00013,/work/u4546465/evaluation/CAT3DGSPro_organized/stump_00013/Orig@mid.png,61.40910720825195,0.3002380430698395,0.41863760352134705,3.7713721098495103
Orig,mid,stump,00014,/work/u4546465/evaluation/CAT3DGSPro_organized/stump_00014/Orig@mid.png,60.198631286621094,0.29564258456230164,0.4411966800689697,3.6476578158027637
Orig,mid,stump,00015,/work/u4546465/evaluation/CAT3DGSPro_organized/stump_00015/Orig@mid.png,51.7729606628418,0.28246811032295227,0.36128997802734375,4.330810644880912
Orig,mid,treehill,00000,/work/u4546465/evaluation/CAT3DGSPro_organized/treehill_00000/Orig@mid.png,56.1832389831543,0.2569636404514313,0.3613409996032715,4.109073202059168
Orig,mid,treehill,00001,/work/u4546465/evaluation/CAT3DGSPro_organized/treehill_00001/Orig@mid.png,56.93091583251953,0.263256311416626,0.4306691288948059,4.14861194153479
Orig,mid,treehill,00002,/work/u4546465/evaluation/CAT3DGSPro_organized/treehill_00002/Orig@mid.png,53.737884521484375,0.26218700408935547,0.43953195214271545,4.120865609274089
Orig,mid,treehill,00003,/work/u4546465/evaluation/CAT3DGSPro_organized/treehill_00003/Orig@mid.png,59.1673698425293,0.28335902094841003,0.3800617754459381,3.7542317899094346
Orig,mid,treehill,00004,/work/u4546465/evaluation/CAT3DGSPro_organized/treehill_00004/Orig@mid.png,45.83209228515625,0.28524544835090637,0.40131598711013794,3.8622115973166182
Orig,mid,treehill,00005,/work/u4546465/evaluation/CAT3DGSPro_organized/treehill_00005/Orig@mid.png,42.983428955078125,0.24897117912769318,0.380435049533844,4.4728890764561315
Orig,mid,treehill,00006,/work/u4546465/evaluation/CAT3DGSPro_organized/treehill_00006/Orig@mid.png,60.48535919189453,0.2666369676589966,0.3858005702495575,4.058408229497977
Orig,mid,treehill,00007,/work/u4546465/evaluation/CAT3DGSPro_organized/treehill_00007/Orig@mid.png,48.48895263671875,0.2600420117378235,0.4246005117893219,3.909239693490648
Orig,mid,treehill,00008,/work/u4546465/evaluation/CAT3DGSPro_organized/treehill_00008/Orig@mid.png,59.77678298950195,0.2613508999347687,0.41785168647766113,4.076683417557708
Orig,mid,treehill,00009,/work/u4546465/evaluation/CAT3DGSPro_organized/treehill_00009/Orig@mid.png,55.83550262451172,0.2970755398273468,0.36223554611206055,3.932278051436211
Orig,mid,treehill,00010,/work/u4546465/evaluation/CAT3DGSPro_organized/treehill_00010/Orig@mid.png,51.06317901611328,0.27048611640930176,0.38637638092041016,4.4504267922675265
Orig,mid,treehill,00011,/work/u4546465/evaluation/CAT3DGSPro_organized/treehill_00011/Orig@mid.png,54.87538146972656,0.3099788427352905,0.38027361035346985,4.249495500117692
Orig,mid,treehill,00012,/work/u4546465/evaluation/CAT3DGSPro_organized/treehill_00012/Orig@mid.png,55.92822265625,0.28196635842323303,0.418722540140152,4.118144293409807
Orig,mid,treehill,00013,/work/u4546465/evaluation/CAT3DGSPro_organized/treehill_00013/Orig@mid.png,53.37052536010742,0.25318220257759094,0.3730994760990143,3.7879805805187865
Orig,mid,treehill,00014,/work/u4546465/evaluation/CAT3DGSPro_organized/treehill_00014/Orig@mid.png,41.03331756591797,0.2683457136154175,0.39356815814971924,4.317101172206628
Orig,mid,treehill,00015,/work/u4546465/evaluation/CAT3DGSPro_organized/treehill_00015/Orig@mid.png,60.186363220214844,0.2817540764808655,0.38988104462623596,4.096031100801433
Orig,mid,treehill,00016,/work/u4546465/evaluation/CAT3DGSPro_organized/treehill_00016/Orig@mid.png,57.12025451660156,0.3004963994026184,0.38450005650520325,4.101807402733526
Orig,mid,treehill,00017,/work/u4546465/evaluation/CAT3DGSPro_organized/treehill_00017/Orig@mid.png,57.300209045410156,0.2851003408432007,0.36654454469680786,4.328925476208478
